level,sequence,deck,scenario,strategy,games,wins,win_rate,avg_end_turn,avg_winning_turn_budget_used,avg_core_remaining_on_loss,illegal_choices,avg_phase_changes,city_repairs,city_repair_amount,shields_raised,shield_absorbed,interrupts,interrupts_failed,repairs_interrupted,shields_interrupted,breaches_opened,breaches_used,breaches_wasted,combos,pulse_refunds,overhaul_started,overhaul_stopped,overhaul_completed,missed_actions,ultimate_uses,pulse_windows,repair_windows,planner_baseline_wins,mistakes_injected,eligible_mistake_games,recoveries_after_mistake,no_eligible_mistake_games,missed_interrupt_mistakes,walked_into_shield_mistakes,recovery_rate,eligible_mistake_coverage,avg_finite_score_delta,min_finite_score_delta,mistakes_skipping_a_winning_move,avg_level_phase_changes,act_1_id,act_1_reach_rate,act_1_avg_entry_turn,act_2_id,act_2_reach_rate,act_2_avg_entry_turn,act_3_id,act_3_reach_rate,act_3_avg_entry_turn,diagnostic_games,diagnostic_ultimate_uses,diagnostic_ultimate_games,diagnostic_first_ultimate_turn_sum,diagnostic_winning_ultimate_games,diagnostic_winning_first_ultimate_turn_sum,diagnostic_terminal_games,diagnostic_terminal_malice_sum,diagnostic_terminal_wins,diagnostic_terminal_malice_wins_sum,diagnostic_terminal_losses,diagnostic_terminal_malice_losses_sum,diagnostic_pulse_windows,diagnostic_pulse_refunds,diagnostic_repair_windows,diagnostic_repairs_interrupted,diagnostic_ultimate_use_rate,diagnostic_avg_first_ultimate_turn,diagnostic_avg_winning_first_ultimate_turn,diagnostic_avg_terminal_malice,diagnostic_avg_terminal_malice_wins,diagnostic_avg_terminal_malice_losses,diagnostic_pulse_combo_use_rate,diagnostic_repair_interrupt_rate
meter-feast,3,tide-siege,w0h0l0,random,100,0,0,11,,77.05,0,0,4.7,84.25,2.89,17.57,0.41,1.43,0.3,0.11,0.82,0.56,0.34,1.26,0.26,0,0,0,0,0.08,2,5,,,,,,,,,,,,,2,ledger-prep,1,1,demand-pulse,1,4,peak-settlement,1,7,100,8,8,83,0,0,100,635,0,0,100,635,200,26,500,30,0.08,10.375,,6.35,,6.35,0.13,0.06
meter-feast,3,tide-siege,w0h0l0,single-water,100,0,0,11,,86.86,0,0,5,99.43,3,12.03,0,0,0,0,1,1,0,0,0,0,0,0,0,0,2,5,,,,,,,,,,,,,2,ledger-prep,1,1,demand-pulse,1,4,peak-settlement,1,7,100,0,0,0,0,0,100,748,0,0,100,748,200,0,500,0,0,,,7.48,,7.48,0,0
meter-feast,3,tide-siege,w0h0l0,legacy-cycle,100,0,0,11,,72.71,0,0,5,103.33,3,35.53,0,0,0,0,0.88,0.4,0.48,3.84,0.59,0,0,0,0,1,2,5,,,,,,,,,,,,,2,ledger-prep,1,1,demand-pulse,1,4,peak-settlement,1,7,100,100,100,735,0,0,100,767,0,0,100,767,200,59,500,0,1,7.35,,7.67,,7.67,0.295,0
meter-feast,3,tide-siege,w0h0l0,greedy,100,86,0.86,9.18,0.8076,13,0,0,2.27,41.48,2.97,4.4,0.94,0.08,0.92,0.02,1.36,1,0.41,1.94,0.44,0,0,0,0,0.07,1.99,3.98,,,,,,,,,,,,,2,ledger-prep,1,1,demand-pulse,1,4,peak-settlement,1,7,100,7,7,63,7,63,100,130,86,111,14,19,199,44,398,92,0.07,9,9,1.3,1.2907,1.3571,0.2211,0.2312
meter-feast,3,tide-siege,w0h0l0,planner,100,83,0.83,8.92,0.7722,34,0,0,2.4,44.14,2.94,3.93,0.59,0.11,0.53,0.06,1.22,0.9,0.35,2.58,0.91,0,0,0,0,0.06,2,3.72,,,,,,,,,,,,,2,ledger-prep,1,1,demand-pulse,1,4,peak-settlement,1,7,100,6,6,53,4,33,100,260,83,133,17,127,200,91,372,53,0.06,8.8333,8.25,2.6,1.6024,7.4706,0.455,0.1425
meter-feast,3,tide-siege,w0h0l0,forecast-aware,100,65,0.65,9.82,0.835,14.571,0,0,2.59,50.86,2.41,5.41,1.83,0,1.24,0.59,1.42,1.01,0.43,2.57,0.59,0,0,0,0,0.07,2,4.36,,,,,,,,,,,,,2,ledger-prep,1,1,demand-pulse,1,4,peak-settlement,1,7,100,7,7,73,6,62,100,147,65,83,35,64,200,59,436,124,0.07,10.4286,10.3333,1.47,1.2769,1.8286,0.295,0.2844
meter-feast,3,tide-siege,w0h0l0,planner-one-mistake,100,40,0.4,10.52,0.8909,41.133,0,0,3.49,70.16,2.96,15.26,1.07,0.28,1.03,0.04,1.56,1.32,0.34,2,0.43,0,0,0,0,0.08,2,4.8,83,100,83,38,0,6,94,0.4578,1,16.55,3,0,2,ledger-prep,1,1,demand-pulse,1,4,peak-settlement,1,7,100,8,8,82,7,73,100,459,40,31,60,428,200,43,480,103,0.08,10.25,10.4286,4.59,0.775,7.1333,0.215,0.2146
meter-feast,3,tide-siege,w-h-l-,random,100,0,0,11,,79.46,0,0,4.7,81.93,2.89,17.08,0.41,1.43,0.3,0.11,0.82,0.56,0.34,1.26,0.26,0,0,0,0,0.08,2,5,,,,,,,,,,,,,2,ledger-prep,1,1,demand-pulse,1,4,peak-settlement,1,7,100,8,8,83,0,0,100,635,0,0,100,635,200,26,500,30,0.08,10.375,,6.35,,6.35,0.13,0.06
meter-feast,3,tide-siege,w-h-l-,single-water,100,0,0,11,,89.97,0,0,5,93.72,3,11.87,0,0,0,0,1,1,0,0,0,0,0,0,0,0,2,5,,,,,,,,,,,,,2,ledger-prep,1,1,demand-pulse,1,4,peak-settlement,1,7,100,0,0,0,0,0,100,748,0,0,100,748,200,0,500,0,0,,,7.48,,7.48,0,0
meter-feast,3,tide-siege,w-h-l-,legacy-cycle,100,0,0,11,,79.15,0,0,5,102.11,3,34.46,0,0,0,0,0.88,0.4,0.48,3.84,0.59,0,0,0,0,1,2,5,,,,,,,,,,,,,2,ledger-prep,1,1,demand-pulse,1,4,peak-settlement,1,7,100,100,100,735,0,0,100,767,0,0,100,767,200,59,500,0,1,7.35,,7.67,,7.67,0.295,0
meter-feast,3,tide-siege,w-h-l-,greedy,100,69,0.69,9.9,0.8551,16.516,0,0,2.69,51.82,2.98,4.73,1.23,0.06,1.21,0.02,1.5,1.12,0.43,2.11,0.45,0,0,0,0,0.05,2,4.47,,,,,,,,,,,,,2,ledger-prep,1,1,demand-pulse,1,4,peak-settlement,1,7,100,5,5,46,5,46,100,106,69,70,31,36,200,45,447,121,0.05,9.2,9.2,1.06,1.0145,1.1613,0.225,0.2707
meter-feast,3,tide-siege,w-h-l-,planner,100,66,0.66,9.83,0.8388,35.088,0,0,2.99,58.08,2.94,4.08,0.9,0.07,0.84,0.06,1.44,1.11,0.35,2.39,0.77,0,0,0,0,0.13,2,4.4,,,,,,,,,,,,,2,ledger-prep,1,1,demand-pulse,1,4,peak-settlement,1,7,100,13,13,128,9,90,100,323,66,77,34,246,200,77,440,84,0.13,9.8462,10,3.23,1.1667,7.2353,0.385,0.1909
meter-feast,3,tide-siege,w-h-l-,forecast-aware,100,41,0.41,10.42,0.8714,16.017,0,0,3.04,61.6,2.41,5.25,1.97,0,1.38,0.59,1.58,1.12,0.47,2.72,0.59,0,0,0,0,0.13,2,4.75,,,,,,,,,,,,,2,ledger-prep,1,1,demand-pulse,1,4,peak-settlement,1,7,100,13,13,134,9,91,100,130,41,48,59,82,200,59,475,138,0.13,10.3077,10.1111,1.3,1.1707,1.3898,0.295,0.2905
meter-feast,3,tide-siege,w-h-l-,planner-one-mistake,100,23,0.23,10.8,0.9209,44.078,0,0,3.75,76.18,2.95,14.27,1.1,0.27,1.05,0.05,1.59,1.32,0.33,2.2,0.55,0,0,0,0,0.1,2,4.94,66,100,66,18,0,6,94,0.2727,1,15.115,1,0,2,ledger-prep,1,1,demand-pulse,1,4,peak-settlement,1,7,100,10,10,103,8,83,100,569,23,13,77,556,200,55,494,105,0.1,10.3,10.375,5.69,0.5652,7.2208,0.275,0.2126
meter-feast,3,tide-siege,w+h+l+,random,100,0,0,11,,74.36,0,0,4.7,86.12,2.89,18.13,0.41,1.43,0.3,0.11,0.82,0.56,0.34,1.26,0.26,0,0,0,0,0.08,2,5,,,,,,,,,,,,,2,ledger-prep,1,1,demand-pulse,1,4,peak-settlement,1,7,100,8,8,83,0,0,100,635,0,0,100,635,200,26,500,30,0.08,10.375,,6.35,,6.35,0.13,0.06
meter-feast,3,tide-siege,w+h+l+,single-water,100,0,0,11,,83.46,0,0,5,102.1,3,12.56,0,0,0,0,1,1,0,0,0,0,0,0,0,0,2,5,,,,,,,,,,,,,2,ledger-prep,1,1,demand-pulse,1,4,peak-settlement,1,7,100,0,0,0,0,0,100,748,0,0,100,748,200,0,500,0,0,,,7.48,,7.48,0,0
meter-feast,3,tide-siege,w+h+l+,legacy-cycle,100,0,0,11,,67.08,0,0,5,103.68,3,36.6,0,0,0,0,0.88,0.4,0.48,3.84,0.59,0,0,0,0,1,2,5,,,,,,,,,,,,,2,ledger-prep,1,1,demand-pulse,1,4,peak-settlement,1,7,100,100,100,735,0,0,100,767,0,0,100,767,200,59,500,0,1,7.35,,7.67,,7.67,0.295,0
meter-feast,3,tide-siege,w+h+l+,greedy,100,96,0.96,8.4,0.7538,10.5,0,0,1.9,32.7,2.94,4.05,0.63,0.09,0.61,0.02,1.15,0.92,0.26,1.7,0.52,0,0,0,0,0.03,1.96,3.36,,,,,,,,,,,,,1.97,ledger-prep,1,1,demand-pulse,1,4,peak-settlement,0.97,7,100,3,3,26,2,17,100,160,96,154,4,6,196,52,336,61,0.03,8.6667,8.5,1.6,1.6042,1.5,0.2653,0.1815
meter-feast,3,tide-siege,w+h+l+,planner,100,97,0.97,8.16,0.7338,39,0,0,1.85,31.5,2.85,3.64,0.46,0.1,0.4,0.06,0.98,0.79,0.19,2.22,0.81,0,0,0,0,0.04,1.91,3.18,,,,,,,,,,,,,1.93,ledger-prep,1,1,demand-pulse,1,4,peak-settlement,0.93,7,100,4,4,33,4,33,100,186,97,164,3,22,191,81,318,40,0.04,8.25,8.25,1.86,1.6907,7.3333,0.4241,0.1258
meter-feast,3,tide-siege,w+h+l+,forecast-aware,100,81,0.81,9.21,0.7991,12.526,0,0,2.14,40.2,2.41,5.57,1.7,0,1.12,0.58,1.22,0.84,0.4,2.37,0.59,0,0,0,0,0.04,1.99,3.95,,,,,,,,,,,,,1.99,ledger-prep,1,1,demand-pulse,1,4,peak-settlement,0.99,7,100,4,4,43,4,43,100,163,81,120,19,43,199,59,395,112,0.04,10.75,10.75,1.63,1.4815,2.2632,0.2965,0.2835
meter-feast,3,tide-siege,w+h+l+,planner-one-mistake,100,59,0.59,9.87,0.8259,38.537,0,0,3.04,59.26,2.96,15.52,0.87,0.29,0.84,0.03,1.49,1.29,0.33,1.92,0.52,0,0,0,0,0.06,1.99,4.37,97,100,97,58,0,6,94,0.5979,1,16.4571,2,1,1.99,ledger-prep,1,1,demand-pulse,1,4,peak-settlement,0.99,7,100,6,6,61,6,61,100,360,59,62,41,298,199,52,437,84,0.06,10.1667,10.1667,3.6,1.0508,7.2683,0.2613,0.1922
meter-feast,3,tide-siege,w-h0l0,random,100,0,0,11,,78.42,0,0,4.7,83.16,2.89,17.39,0.41,1.43,0.3,0.11,0.82,0.56,0.34,1.26,0.26,0,0,0,0,0.08,2,5,,,,,,,,,,,,,2,ledger-prep,1,1,demand-pulse,1,4,peak-settlement,1,7,100,8,8,83,0,0,100,635,0,0,100,635,200,26,500,30,0.08,10.375,,6.35,,6.35,0.13,0.06
meter-feast,3,tide-siege,w-h0l0,single-water,100,0,0,11,,89.97,0,0,5,93.72,3,11.87,0,0,0,0,1,1,0,0,0,0,0,0,0,0,2,5,,,,,,,,,,,,,2,ledger-prep,1,1,demand-pulse,1,4,peak-settlement,1,7,100,0,0,0,0,0,100,748,0,0,100,748,200,0,500,0,0,,,7.48,,7.48,0,0
meter-feast,3,tide-siege,w-h0l0,legacy-cycle,100,0,0,11,,76.26,0,0,5,102.85,3,34.95,0,0,0,0,0.88,0.4,0.48,3.84,0.59,0,0,0,0,1,2,5,,,,,,,,,,,,,2,ledger-prep,1,1,demand-pulse,1,4,peak-settlement,1,7,100,100,100,735,0,0,100,767,0,0,100,767,200,59,500,0,1,7.35,,7.67,,7.67,0.295,0
meter-feast,3,tide-siege,w-h0l0,greedy,100,82,0.82,9.38,0.8204,13.278,0,0,2.34,43.26,2.98,4.5,1.07,0.07,1.05,0.02,1.36,0.99,0.39,2.14,0.41,0,0,0,0,0.07,2,4.11,,,,,,,,,,,,,2,ledger-prep,1,1,demand-pulse,1,4,peak-settlement,1,7,100,7,7,60,7,60,100,129,82,108,18,21,200,41,411,105,0.07,8.5714,8.5714,1.29,1.3171,1.1667,0.205,0.2555
meter-feast,3,tide-siege,w-h0l0,planner,100,74,0.74,9.44,0.8084,36.231,0,0,2.77,52.84,2.91,3.16,0.76,0.09,0.67,0.09,1.36,1.05,0.32,2.11,0.7,0,0,0,0,0.07,2,4.12,,,,,,,,,,,,,2,ledger-prep,1,1,demand-pulse,1,4,peak-settlement,1,7,100,7,7,71,5,51,100,297,74,105,26,192,200,70,412,67,0.07,10.1429,10.2,2.97,1.4189,7.3846,0.35,0.1626
meter-feast,3,tide-siege,w-h0l0,forecast-aware,100,52,0.52,10.07,0.8374,14.813,0,0,2.78,55.4,2.41,5.25,1.88,0,1.29,0.59,1.47,1.07,0.41,2.62,0.59,0,0,0,0,0.1,2,4.52,,,,,,,,,,,,,2,ledger-prep,1,1,demand-pulse,1,4,peak-settlement,1,7,100,10,10,104,6,61,100,143,52,68,48,75,200,59,452,129,0.1,10.4,10.1667,1.43,1.3077,1.5625,0.295,0.2854
meter-feast,3,tide-siege,w-h0l0,planner-one-mistake,100,27,0.27,10.71,0.9024,42.082,0,0,3.68,74.5,2.92,15.3,1.11,0.23,1.03,0.08,1.65,1.33,0.33,2.37,0.62,0,0,0,0,0.1,2,4.89,74,100,74,26,0,7,93,0.3514,1,14.7575,3,0,2,ledger-prep,1,1,demand-pulse,1,4,peak-settlement,1,7,100,10,10,96,7,72,100,543,27,18,73,525,200,62,489,103,0.1,9.6,10.2857,5.43,0.6667,7.1918,0.31,0.2106
meter-feast,3,tide-siege,w+h0l0,random,100,0,0,11,,75.65,0,0,4.7,85.25,2.89,17.8,0.41,1.43,0.3,0.11,0.82,0.56,0.34,1.26,0.26,0,0,0,0,0.08,2,5,,,,,,,,,,,,,2,ledger-prep,1,1,demand-pulse,1,4,peak-settlement,1,7,100,8,8,83,0,0,100,635,0,0,100,635,200,26,500,30,0.08,10.375,,6.35,,6.35,0.13,0.06
meter-feast,3,tide-siege,w+h0l0,single-water,100,0,0,11,,83.46,0,0,5,102.1,3,12.56,0,0,0,0,1,1,0,0,0,0,0,0,0,0,2,5,,,,,,,,,,,,,2,ledger-prep,1,1,demand-pulse,1,4,peak-settlement,1,7,100,0,0,0,0,0,100,748,0,0,100,748,200,0,500,0,0,,,7.48,,7.48,0,0
meter-feast,3,tide-siege,w+h0l0,legacy-cycle,100,0,0,11,,69.9,0,0,5,103.53,3,36.11,0,0,0,0,0.88,0.4,0.48,3.84,0.59,0,0,0,0,1,2,5,,,,,,,,,,,,,2,ledger-prep,1,1,demand-pulse,1,4,peak-settlement,1,7,100,100,100,735,0,0,100,767,0,0,100,767,200,59,500,0,1,7.35,,7.67,,7.67,0.295,0
meter-feast,3,tide-siege,w+h0l0,greedy,100,91,0.91,8.64,0.7642,11.333,0,0,2.04,36.12,2.96,4.21,0.69,0.08,0.68,0.01,1.25,0.93,0.36,1.78,0.49,0,0,0,0,0.06,1.97,3.55,,,,,,,,,,,,,1.98,ledger-prep,1,1,demand-pulse,1,4,peak-settlement,0.98,7,100,6,6,54,6,54,100,149,91,139,9,10,197,49,355,68,0.06,9,9,1.49,1.5275,1.1111,0.2487,0.1915
meter-feast,3,tide-siege,w+h0l0,planner,100,96,0.96,8.36,0.75,31,0,0,1.98,34.5,2.88,3.74,0.5,0.11,0.45,0.05,1.14,0.83,0.33,2.3,0.86,0,0,0,0,0.05,1.93,3.35,,,,,,,,,,,,,1.93,ledger-prep,1,1,demand-pulse,1,4,peak-settlement,0.93,7,100,5,5,43,5,43,100,163,96,137,4,26,193,86,335,45,0.05,8.6,8.6,1.63,1.4271,6.5,0.4456,0.1343
meter-feast,3,tide-siege,w+h0l0,forecast-aware,100,72,0.72,9.59,0.822,13.714,0,0,2.43,47.02,2.41,5.57,1.8,0,1.21,0.59,1.34,0.94,0.42,2.51,0.59,0,0,0,0,0.05,2,4.2,,,,,,,,,,,,,2,ledger-prep,1,1,demand-pulse,1,4,peak-settlement,1,7,100,5,5,53,5,53,100,147,72,92,28,55,200,59,420,121,0.05,10.6,10.6,1.47,1.2778,1.9643,0.295,0.2881
meter-feast,3,tide-siege,w+h0l0,planner-one-mistake,100,52,0.52,10.17,0.8549,38.938,0,0,3.24,63.98,2.96,15.07,0.97,0.3,0.94,0.03,1.45,1.25,0.33,1.92,0.42,0,0,0,0,0.07,1.99,4.58,96,100,96,51,0,6,94,0.5313,1,16.404,3,1,1.99,ledger-prep,1,1,demand-pulse,1,4,peak-settlement,0.99,7,100,7,7,71,7,71,100,390,52,41,48,349,199,42,458,94,0.07,10.1429,10.1429,3.9,0.7885,7.2708,0.2111,0.2052
meter-feast,3,tide-siege,w0h-l0,random,100,0,0,11,,78.21,0,0,4.7,83.14,2.89,17.26,0.41,1.43,0.3,0.11,0.82,0.56,0.34,1.26,0.26,0,0,0,0,0.08,2,5,,,,,,,,,,,,,2,ledger-prep,1,1,demand-pulse,1,4,peak-settlement,1,7,100,8,8,83,0,0,100,635,0,0,100,635,200,26,500,30,0.08,10.375,,6.35,,6.35,0.13,0.06
meter-feast,3,tide-siege,w0h-l0,single-water,100,0,0,11,,86.86,0,0,5,99.43,3,12.03,0,0,0,0,1,1,0,0,0,0,0,0,0,0,2,5,,,,,,,,,,,,,2,ledger-prep,1,1,demand-pulse,1,4,peak-settlement,1,7,100,0,0,0,0,0,100,748,0,0,100,748,200,0,500,0,0,,,7.48,,7.48,0,0
meter-feast,3,tide-siege,w0h-l0,legacy-cycle,100,0,0,11,,75.99,0,0,5,102.8,3,35.04,0,0,0,0,0.88,0.4,0.48,3.84,0.59,0,0,0,0,1,2,5,,,,,,,,,,,,,2,ledger-prep,1,1,demand-pulse,1,4,peak-settlement,1,7,100,100,100,735,0,0,100,767,0,0,100,767,200,59,500,0,1,7.35,,7.67,,7.67,0.295,0
meter-feast,3,tide-siege,w0h-l0,greedy,100,76,0.76,9.63,0.8361,16.25,0,0,2.56,48.42,2.99,4.52,1.08,0.09,1.07,0.01,1.42,1.15,0.33,1.71,0.38,0,0,0,0,0.06,2,4.31,,,,,,,,,,,,,2,ledger-prep,1,1,demand-pulse,1,4,peak-settlement,1,7,100,6,6,55,5,46,100,125,76,95,24,30,200,38,431,107,0.06,9.1667,9.2,1.25,1.25,1.25,0.19,0.2483
meter-feast,3,tide-siege,w0h-l0,planner,100,76,0.76,9.22,0.7871,32.833,0,0,2.62,49.58,2.96,4.91,0.65,0.13,0.61,0.04,1.32,0.96,0.39,2.67,0.94,0,0,0,0,0.12,2,3.93,,,,,,,,,,,,,2,ledger-prep,1,1,demand-pulse,1,4,peak-settlement,1,7,100,12,12,113,7,68,100,263,76,91,24,172,200,94,393,61,0.12,9.4167,9.7143,2.63,1.1974,7.1667,0.47,0.1552
meter-feast,3,tide-siege,w0h-l0,forecast-aware,100,52,0.52,10.17,0.8549,15.729,0,0,2.86,57.32,2.41,5.41,1.91,0,1.32,0.59,1.48,1.09,0.4,2.66,0.59,0,0,0,0,0.1,2,4.58,,,,,,,,,,,,,2,ledger-prep,1,1,demand-pulse,1,4,peak-settlement,1,7,100,10,10,104,6,61,100,144,52,68,48,76,200,59,458,132,0.1,10.4,10.1667,1.44,1.3077,1.5833,0.295,0.2882
meter-feast,3,tide-siege,w0h-l0,planner-one-mistake,100,30,0.3,10.67,0.9,41.414,0,0,3.61,72.92,2.98,14.61,1.08,0.29,1.06,0.02,1.48,1.26,0.32,1.87,0.42,0,0,0,0,0.07,2,4.86,76,100,76,25,0,6,94,0.3289,1,16.195,4,0,2,ledger-prep,1,1,demand-pulse,1,4,peak-settlement,1,7,100,7,7,73,6,63,100,523,30,22,70,501,200,42,486,106,0.07,10.4286,10.5,5.23,0.7333,7.1571,0.21,0.2181
meter-feast,3,tide-siege,w0h+l0,random,100,0,0,11,,75.8,0,0,4.7,85.16,2.89,17.9,0.41,1.43,0.3,0.11,0.82,0.56,0.34,1.26,0.26,0,0,0,0,0.08,2,5,,,,,,,,,,,,,2,ledger-prep,1,1,demand-pulse,1,4,peak-settlement,1,7,100,8,8,83,0,0,100,635,0,0,100,635,200,26,500,30,0.08,10.375,,6.35,,6.35,0.13,0.06
meter-feast,3,tide-siege,w0h+l0,single-water,100,0,0,11,,86.86,0,0,5,99.43,3,12.03,0,0,0,0,1,1,0,0,0,0,0,0,0,0,2,5,,,,,,,,,,,,,2,ledger-prep,1,1,demand-pulse,1,4,peak-settlement,1,7,100,0,0,0,0,0,100,748,0,0,100,748,200,0,500,0,0,,,7.48,,7.48,0,0
meter-feast,3,tide-siege,w0h+l0,legacy-cycle,100,0,0,11,,69.99,0,0,5,103.55,3,36.02,0,0,0,0,0.88,0.4,0.48,3.84,0.59,0,0,0,0,1,2,5,,,,,,,,,,,,,2,ledger-prep,1,1,demand-pulse,1,4,peak-settlement,1,7,100,100,100,735,0,0,100,767,0,0,100,767,200,59,500,0,1,7.35,,7.67,,7.67,0.295,0
meter-feast,3,tide-siege,w0h+l0,greedy,100,89,0.89,8.69,0.764,10.727,0,0,2.04,36,2.97,3.58,0.72,0.09,0.7,0.02,1.29,1.03,0.31,1.67,0.46,0,0,0,0,0.02,1.99,3.58,,,,,,,,,,,,,1.99,ledger-prep,1,1,demand-pulse,1,4,peak-settlement,0.99,7,100,2,2,19,1,10,100,163,89,147,11,16,199,46,358,70,0.02,9.5,10,1.63,1.6517,1.4545,0.2312,0.1955
meter-feast,3,tide-siege,w0h+l0,planner,100,90,0.9,8.56,0.7535,34.3,0,0,2.13,37.78,2.93,3.94,0.52,0.09,0.46,0.06,1.12,0.85,0.29,2.38,0.83,0,0,0,0,0.06,1.99,3.44,,,,,,,,,,,,,1.99,ledger-prep,1,1,demand-pulse,1,4,peak-settlement,0.99,7,100,6,6,52,6,52,100,232,90,161,10,71,199,83,344,46,0.06,8.6667,8.6667,2.32,1.7889,7.1,0.4171,0.1337
meter-feast,3,tide-siege,w0h+l0,forecast-aware,100,73,0.73,9.53,0.8169,14,0,0,2.37,45.68,2.41,5.41,1.77,0,1.18,0.59,1.32,0.93,0.41,2.47,0.59,0,0,0,0,0.04,2,4.15,,,,,,,,,,,,,2,ledger-prep,1,1,demand-pulse,1,4,peak-settlement,1,7,100,4,4,43,4,43,100,157,73,101,27,56,200,59,415,118,0.04,10.75,10.75,1.57,1.3836,2.0741,0.295,0.2843
meter-feast,3,tide-siege,w0h+l0,planner-one-mistake,100,51,0.51,10.2,0.8574,40.347,0,0,3.26,64.3,2.96,15.36,0.98,0.24,0.94,0.04,1.57,1.38,0.28,1.92,0.48,0,0,0,0,0.06,2,4.61,90,100,90,49,0,6,94,0.5444,1,16.02,2,0,2,ledger-prep,1,1,demand-pulse,1,4,peak-settlement,1,7,100,6,6,62,6,62,100,414,51,54,49,360,200,48,461,94,0.06,10.3333,10.3333,4.14,1.0588,7.3469,0.24,0.2039
meter-feast,3,tide-siege,w0h0l-,random,100,0,0,11,,77.05,0,0,4.7,84.25,2.89,17.57,0.41,1.43,0.3,0.11,0.82,0.56,0.34,1.26,0.26,0,0,0,0,0.08,2,5,,,,,,,,,,,,,2,ledger-prep,1,1,demand-pulse,1,4,peak-settlement,1,7,100,8,8,83,0,0,100,635,0,0,100,635,200,26,500,30,0.08,10.375,,6.35,,6.35,0.13,0.06
meter-feast,3,tide-siege,w0h0l-,single-water,100,0,0,11,,86.86,0,0,5,99.43,3,12.03,0,0,0,0,1,1,0,0,0,0,0,0,0,0,2,5,,,,,,,,,,,,,2,ledger-prep,1,1,demand-pulse,1,4,peak-settlement,1,7,100,0,0,0,0,0,100,748,0,0,100,748,200,0,500,0,0,,,7.48,,7.48,0,0
meter-feast,3,tide-siege,w0h0l-,legacy-cycle,100,0,0,11,,72.71,0,0,5,103.33,3,35.53,0,0,0,0,0.88,0.4,0.48,3.84,0.59,0,0,0,0,1,2,5,,,,,,,,,,,,,2,ledger-prep,1,1,demand-pulse,1,4,peak-settlement,1,7,100,100,100,735,0,0,100,767,0,0,100,767,200,59,500,0,1,7.35,,7.67,,7.67,0.295,0
meter-feast,3,tide-siege,w0h0l-,greedy,100,86,0.86,9.18,0.8076,13,0,0,2.27,41.48,2.97,4.4,0.94,0.08,0.92,0.02,1.36,1,0.41,1.94,0.44,0,0,0,0,0.07,1.99,3.98,,,,,,,,,,,,,2,ledger-prep,1,1,demand-pulse,1,4,peak-settlement,1,7,100,7,7,63,7,63,100,130,86,111,14,19,199,44,398,92,0.07,9,9,1.3,1.2907,1.3571,0.2211,0.2312
meter-feast,3,tide-siege,w0h0l-,planner,100,83,0.83,8.92,0.7722,34,0,0,2.4,44.14,2.94,3.93,0.59,0.11,0.53,0.06,1.22,0.9,0.35,2.58,0.91,0,0,0,0,0.06,2,3.72,,,,,,,,,,,,,2,ledger-prep,1,1,demand-pulse,1,4,peak-settlement,1,7,100,6,6,53,4,33,100,260,83,133,17,127,200,91,372,53,0.06,8.8333,8.25,2.6,1.6024,7.4706,0.455,0.1425
meter-feast,3,tide-siege,w0h0l-,forecast-aware,100,65,0.65,9.82,0.835,14.571,0,0,2.59,50.86,2.41,5.41,1.83,0,1.24,0.59,1.42,1.01,0.43,2.57,0.59,0,0,0,0,0.07,2,4.36,,,,,,,,,,,,,2,ledger-prep,1,1,demand-pulse,1,4,peak-settlement,1,7,100,7,7,73,6,62,100,147,65,83,35,64,200,59,436,124,0.07,10.4286,10.3333,1.47,1.2769,1.8286,0.295,0.2844
meter-feast,3,tide-siege,w0h0l-,planner-one-mistake,100,40,0.4,10.52,0.8909,41.133,0,0,3.49,70.16,2.96,15.26,1.07,0.28,1.03,0.04,1.56,1.32,0.34,2,0.43,0,0,0,0,0.08,2,4.8,83,100,83,38,0,6,94,0.4578,1,16.55,3,0,2,ledger-prep,1,1,demand-pulse,1,4,peak-settlement,1,7,100,8,8,82,7,73,100,459,40,31,60,428,200,43,480,103,0.08,10.25,10.4286,4.59,0.775,7.1333,0.215,0.2146
meter-feast,3,tide-siege,w0h0l+,random,100,0,0,11,,77.05,0,0,4.7,84.25,2.89,17.57,0.41,1.43,0.3,0.11,0.82,0.56,0.34,1.26,0.26,0,0,0,0,0.08,2,5,,,,,,,,,,,,,2,ledger-prep,1,1,demand-pulse,1,4,peak-settlement,1,7,100,8,8,83,0,0,100,635,0,0,100,635,200,26,500,30,0.08,10.375,,6.35,,6.35,0.13,0.06
meter-feast,3,tide-siege,w0h0l+,single-water,100,0,0,11,,86.86,0,0,5,99.43,3,12.03,0,0,0,0,1,1,0,0,0,0,0,0,0,0,2,5,,,,,,,,,,,,,2,ledger-prep,1,1,demand-pulse,1,4,peak-settlement,1,7,100,0,0,0,0,0,100,748,0,0,100,748,200,0,500,0,0,,,7.48,,7.48,0,0
meter-feast,3,tide-siege,w0h0l+,legacy-cycle,100,0,0,11,,72.71,0,0,5,103.33,3,35.53,0,0,0,0,0.88,0.4,0.48,3.84,0.59,0,0,0,0,1,2,5,,,,,,,,,,,,,2,ledger-prep,1,1,demand-pulse,1,4,peak-settlement,1,7,100,100,100,735,0,0,100,767,0,0,100,767,200,59,500,0,1,7.35,,7.67,,7.67,0.295,0
meter-feast,3,tide-siege,w0h0l+,greedy,100,86,0.86,9.18,0.8076,13,0,0,2.27,41.48,2.97,4.4,0.94,0.08,0.92,0.02,1.36,1,0.41,1.94,0.44,0,0,0,0,0.07,1.99,3.98,,,,,,,,,,,,,2,ledger-prep,1,1,demand-pulse,1,4,peak-settlement,1,7,100,7,7,63,7,63,100,130,86,111,14,19,199,44,398,92,0.07,9,9,1.3,1.2907,1.3571,0.2211,0.2312
meter-feast,3,tide-siege,w0h0l+,planner,100,83,0.83,8.92,0.7722,34,0,0,2.4,44.14,2.94,3.93,0.59,0.11,0.53,0.06,1.22,0.9,0.35,2.58,0.91,0,0,0,0,0.06,2,3.72,,,,,,,,,,,,,2,ledger-prep,1,1,demand-pulse,1,4,peak-settlement,1,7,100,6,6,53,4,33,100,260,83,133,17,127,200,91,372,53,0.06,8.8333,8.25,2.6,1.6024,7.4706,0.455,0.1425
meter-feast,3,tide-siege,w0h0l+,forecast-aware,100,65,0.65,9.82,0.835,14.571,0,0,2.59,50.86,2.41,5.41,1.83,0,1.24,0.59,1.42,1.01,0.43,2.57,0.59,0,0,0,0,0.07,2,4.36,,,,,,,,,,,,,2,ledger-prep,1,1,demand-pulse,1,4,peak-settlement,1,7,100,7,7,73,6,62,100,147,65,83,35,64,200,59,436,124,0.07,10.4286,10.3333,1.47,1.2769,1.8286,0.295,0.2844
meter-feast,3,tide-siege,w0h0l+,planner-one-mistake,100,40,0.4,10.52,0.8909,41.133,0,0,3.49,70.16,2.96,15.26,1.07,0.28,1.03,0.04,1.56,1.32,0.34,2,0.43,0,0,0,0,0.08,2,4.8,83,100,83,38,0,6,94,0.4578,1,16.55,3,0,2,ledger-prep,1,1,demand-pulse,1,4,peak-settlement,1,7,100,8,8,82,7,73,100,459,40,31,60,428,200,43,480,103,0.08,10.25,10.4286,4.59,0.775,7.1333,0.215,0.2146
meter-feast,3,smoke-screen,w0h0l0,random,100,0,0,11,,81.05,0,0,4.75,80.19,2.87,18.36,0.38,1.83,0.25,0.13,0.74,0.53,0.28,1.45,0.31,0,0,0,0,0.05,2,5,,,,,,,,,,,,,2,ledger-prep,1,1,demand-pulse,1,4,peak-settlement,1,7,100,5,5,51,0,0,100,688,0,0,100,688,200,31,500,25,0.05,10.2,,6.88,,6.88,0.155,0.05
meter-feast,3,smoke-screen,w0h0l0,single-water,100,0,0,11,,85.25,0,0,5,101,3,14.83,0,0,0,0,1,1,0,0,0,0,0,0,0,0,2,5,,,,,,,,,,,,,2,ledger-prep,1,1,demand-pulse,1,4,peak-settlement,1,7,100,0,0,0,0,0,100,754,0,0,100,754,200,0,500,0,0,,,7.54,,7.54,0,0
meter-feast,3,smoke-screen,w0h0l0,legacy-cycle,100,0,0,11,,71.62,0,0,5,103.44,3,34.32,0,0,0,0,0.91,0.51,0.4,3.45,0.76,0,0,0,0,1,2,5,,,,,,,,,,,,,2,ledger-prep,1,1,demand-pulse,1,4,peak-settlement,1,7,100,100,100,746,0,0,100,754,0,0,100,754,200,76,500,0,1,7.46,,7.54,,7.54,0.38,0
meter-feast,3,smoke-screen,w0h0l0,greedy,100,81,0.81,9.24,0.8025,14.737,0,0,2.26,41.96,2.97,5.37,1.02,0.11,1,0.02,1.32,1,0.35,2.03,0.49,0,0,0,0,0.06,1.99,3.95,,,,,,,,,,,,,2,ledger-prep,1,1,demand-pulse,1,4,peak-settlement,1,7,100,6,6,52,6,52,100,161,81,124,19,37,199,49,395,100,0.06,8.6667,8.6667,1.61,1.5309,1.9474,0.2462,0.2532
meter-feast,3,smoke-screen,w0h0l0,planner,100,90,0.9,9,0.798,30.8,0,0,2.26,41.18,2.96,5.16,0.79,0.07,0.75,0.04,1.21,0.9,0.33,2.76,0.77,0,0,0,0,0.12,2,3.87,,,,,,,,,,,,,2,ledger-prep,1,1,demand-pulse,1,4,peak-settlement,1,7,100,12,12,112,12,112,100,205,90,130,10,75,200,77,387,75,0.12,9.3333,9.3333,2.05,1.4444,7.5,0.385,0.1938
meter-feast,3,smoke-screen,w0h0l0,forecast-aware,100,63,0.63,9.94,0.847,17.378,0,0,2.71,53.26,2.17,4.75,2.06,0,1.23,0.83,1.4,1.06,0.37,2.57,0.64,0,0,0,0,0.08,2,4.43,,,,,,,,,,,,,2,ledger-prep,1,1,demand-pulse,1,4,peak-settlement,1,7,100,8,8,73,7,63,100,153,63,90,37,63,200,64,443,123,0.08,9.125,9,1.53,1.4286,1.7027,0.32,0.2777
meter-feast,3,smoke-screen,w0h0l0,planner-one-mistake,100,36,0.36,10.65,0.9116,37.281,0,0,3.34,67.48,2.94,17,1.37,0.12,1.31,0.06,1.56,1.37,0.23,1.84,0.44,0,0,0,0,0.07,2,4.88,90,100,90,34,0,0,100,0.3778,1,17.6975,2,0,2,ledger-prep,1,1,demand-pulse,1,4,peak-settlement,1,7,100,7,7,69,7,69,100,493,36,23,64,470,200,44,488,131,0.07,9.8571,9.8571,4.93,0.6389,7.3438,0.22,0.2684
meter-feast,3,smoke-screen,w-h-l-,random,100,0,0,11,,82.76,0,0,4.75,77.55,2.87,17.94,0.38,1.83,0.25,0.13,0.74,0.53,0.28,1.45,0.31,0,0,0,0,0.05,2,5,,,,,,,,,,,,,2,ledger-prep,1,1,demand-pulse,1,4,peak-settlement,1,7,100,5,5,51,0,0,100,688,0,0,100,688,200,31,500,25,0.05,10.2,,6.88,,6.88,0.155,0.05
meter-feast,3,smoke-screen,w-h-l-,single-water,100,0,0,11,,89.29,0,0,5,94.51,3,14.71,0,0,0,0,1,1,0,0,0,0,0,0,0,0,2,5,,,,,,,,,,,,,2,ledger-prep,1,1,demand-pulse,1,4,peak-settlement,1,7,100,0,0,0,0,0,100,754,0,0,100,754,200,0,500,0,0,,,7.54,,7.54,0,0
meter-feast,3,smoke-screen,w-h-l-,legacy-cycle,100,0,0,11,,77.93,0,0,5,102.05,3,33.34,0,0,0,0,0.91,0.51,0.4,3.45,0.76,0,0,0,0,1,2,5,,,,,,,,,,,,,2,ledger-prep,1,1,demand-pulse,1,4,peak-settlement,1,7,100,100,100,746,0,0,100,754,0,0,100,754,200,76,500,0,1,7.46,,7.54,,7.54,0.38,0
meter-feast,3,smoke-screen,w-h-l-,greedy,100,60,0.6,9.97,0.8439,15.875,0,0,2.67,52.1,2.97,5.7,1.33,0.08,1.3,0.03,1.45,1.09,0.46,2.02,0.45,0,0,0,0,0.05,2,4.47,,,,,,,,,,,,,2,ledger-prep,1,1,demand-pulse,1,4,peak-settlement,1,7,100,5,5,41,4,34,100,125,60,64,40,61,200,45,447,130,0.05,8.2,8.5,1.25,1.0667,1.525,0.225,0.2908
meter-feast,3,smoke-screen,w-h-l-,planner,100,68,0.68,9.85,0.8463,32.844,0,0,2.78,53.58,2.96,4.22,1.11,0.12,1.07,0.04,1.48,1.18,0.32,2.55,0.81,0,0,0,0,0.12,2,4.43,,,,,,,,,,,,,2,ledger-prep,1,1,demand-pulse,1,4,peak-settlement,1,7,100,12,12,113,10,97,100,350,68,102,32,248,200,81,443,107,0.12,9.4167,9.7,3.5,1.5,7.75,0.405,0.2415
meter-feast,3,smoke-screen,w-h-l-,forecast-aware,100,42,0.42,10.4,0.8701,17.879,0,0,3.08,62.32,2.17,4.62,2.15,0,1.32,0.83,1.52,1.13,0.42,2.8,0.64,0,0,0,0,0.09,2,4.68,,,,,,,,,,,,,2,ledger-prep,1,1,demand-pulse,1,4,peak-settlement,1,7,100,9,9,83,7,63,100,132,42,38,58,94,200,64,468,132,0.09,9.2222,9,1.32,0.9048,1.6207,0.32,0.2821
meter-feast,3,smoke-screen,w-h-l-,planner-one-mistake,100,16,0.16,10.88,0.9318,38.143,0,0,3.53,71.72,2.93,16.51,1.42,0.08,1.35,0.07,1.65,1.39,0.29,2.42,0.56,0,0,0,0,0.08,2,4.98,68,100,68,13,0,0,100,0.1912,1,15.8975,3,0,2,ledger-prep,1,1,demand-pulse,1,4,peak-settlement,1,7,100,8,8,74,4,40,100,633,16,12,84,621,200,56,498,135,0.08,9.25,10,6.33,0.75,7.3929,0.28,0.2711
meter-feast,3,smoke-screen,w+h+l+,random,100,0,0,11,,79.05,0,0,4.75,82.5,2.87,18.86,0.38,1.83,0.25,0.13,0.74,0.53,0.28,1.45,0.31,0,0,0,0,0.05,2,5,,,,,,,,,,,,,2,ledger-prep,1,1,demand-pulse,1,4,peak-settlement,1,7,100,5,5,51,0,0,100,688,0,0,100,688,200,31,500,25,0.05,10.2,,6.88,,6.88,0.155,0.05
meter-feast,3,smoke-screen,w+h+l+,single-water,100,0,0,11,,81.83,0,0,5,103.11,3,15.07,0,0,0,0,1,1,0,0,0,0,0,0,0,0,2,5,,,,,,,,,,,,,2,ledger-prep,1,1,demand-pulse,1,4,peak-settlement,1,7,100,0,0,0,0,0,100,754,0,0,100,754,200,0,500,0,0,,,7.54,,7.54,0,0
meter-feast,3,smoke-screen,w+h+l+,legacy-cycle,100,0,0,11,,65.71,0,0,5,103.79,3,35.29,0,0,0,0,0.91,0.51,0.4,3.45,0.76,0,0,0,0,1,2,5,,,,,,,,,,,,,2,ledger-prep,1,1,demand-pulse,1,4,peak-settlement,1,7,100,100,100,746,0,0,100,754,0,0,100,754,200,76,500,0,1,7.46,,7.54,,7.54,0.38,0
meter-feast,3,smoke-screen,w+h+l+,greedy,100,91,0.91,8.67,0.7672,11.222,0,0,1.94,34.4,2.94,4.67,0.79,0.11,0.77,0.02,1.2,0.9,0.33,1.85,0.53,0,0,0,0,0.04,1.96,3.55,,,,,,,,,,,,,1.97,ledger-prep,1,1,demand-pulse,1,4,peak-settlement,0.97,7,100,4,4,37,3,26,100,178,91,155,9,23,196,53,355,77,0.04,9.25,8.6667,1.78,1.7033,2.5556,0.2704,0.2169
meter-feast,3,smoke-screen,w+h+l+,planner,100,93,0.93,8.42,0.7478,29.571,0,0,1.91,33.26,2.91,5.33,0.62,0.09,0.57,0.05,1.06,0.86,0.21,2.43,0.7,0,0,0,0,0.07,1.96,3.36,,,,,,,,,,,,,1.96,ledger-prep,1,1,demand-pulse,1,4,peak-settlement,0.96,7,100,7,7,60,6,51,100,211,93,165,7,46,196,70,336,57,0.07,8.5714,8.5,2.11,1.7742,6.5714,0.3571,0.1696
meter-feast,3,smoke-screen,w+h+l+,forecast-aware,100,70,0.7,9.66,0.826,13.567,0,0,2.52,48.72,2.17,4.9,1.98,0,1.15,0.83,1.36,0.96,0.43,2.46,0.64,0,0,0,0,0.07,2,4.28,,,,,,,,,,,,,2,ledger-prep,1,1,demand-pulse,1,4,peak-settlement,1,7,100,7,7,63,7,63,100,155,70,104,30,51,200,64,428,115,0.07,9,9,1.55,1.4857,1.7,0.32,0.2687
meter-feast,3,smoke-screen,w+h+l+,planner-one-mistake,100,63,0.63,10.07,0.8658,34.541,0,0,2.92,57.14,2.95,16.81,1.2,0.11,1.15,0.05,1.52,1.34,0.2,1.65,0.37,0,0,0,0,0.08,2,4.57,93,100,93,58,0,1,99,0.6237,1,17.2275,1,0,2,ledger-prep,1,1,demand-pulse,1,4,peak-settlement,1,7,100,8,8,79,8,79,100,334,63,56,37,278,200,37,457,115,0.08,9.875,9.875,3.34,0.8889,7.5135,0.185,0.2516
meter-feast,3,smoke-screen,w-h0l0,random,100,0,0,11,,82.15,0,0,4.75,78.72,2.87,18.16,0.38,1.83,0.25,0.13,0.74,0.53,0.28,1.45,0.31,0,0,0,0,0.05,2,5,,,,,,,,,,,,,2,ledger-prep,1,1,demand-pulse,1,4,peak-settlement,1,7,100,5,5,51,0,0,100,688,0,0,100,688,200,31,500,25,0.05,10.2,,6.88,,6.88,0.155,0.05
meter-feast,3,smoke-screen,w-h0l0,single-water,100,0,0,11,,89.29,0,0,5,94.51,3,14.71,0,0,0,0,1,1,0,0,0,0,0,0,0,0,2,5,,,,,,,,,,,,,2,ledger-prep,1,1,demand-pulse,1,4,peak-settlement,1,7,100,0,0,0,0,0,100,754,0,0,100,754,200,0,500,0,0,,,7.54,,7.54,0,0
meter-feast,3,smoke-screen,w-h0l0,legacy-cycle,100,0,0,11,,75.26,0,0,5,102.8,3,33.71,0,0,0,0,0.91,0.51,0.4,3.45,0.76,0,0,0,0,1,2,5,,,,,,,,,,,,,2,ledger-prep,1,1,demand-pulse,1,4,peak-settlement,1,7,100,100,100,746,0,0,100,754,0,0,100,754,200,76,500,0,1,7.46,,7.54,,7.54,0.38,0
meter-feast,3,smoke-screen,w-h0l0,greedy,100,72,0.72,9.53,0.8144,14.286,0,0,2.48,47.28,2.96,5.2,1.11,0.07,1.07,0.04,1.38,1.03,0.44,1.98,0.54,0,0,0,0,0.1,2,4.18,,,,,,,,,,,,,2,ledger-prep,1,1,demand-pulse,1,4,peak-settlement,1,7,100,10,10,88,8,69,100,132,72,92,28,40,200,54,418,107,0.1,8.8,8.625,1.32,1.2778,1.4286,0.27,0.256
meter-feast,3,smoke-screen,w-h0l0,planner,100,81,0.81,9.34,0.8137,32.053,0,0,2.45,45.7,2.93,4.38,0.96,0.1,0.89,0.07,1.32,1.01,0.32,2.24,0.68,0,0,0,0,0.08,2,4.08,,,,,,,,,,,,,2,ledger-prep,1,1,demand-pulse,1,4,peak-settlement,1,7,100,8,8,74,6,55,100,260,81,114,19,146,200,68,408,89,0.08,9.25,9.1667,2.6,1.4074,7.6842,0.34,0.2181
meter-feast,3,smoke-screen,w-h0l0,forecast-aware,100,53,0.53,10.2,0.8628,16.766,0,0,2.9,57.84,2.17,4.62,2.13,0,1.3,0.83,1.47,1.08,0.42,2.67,0.64,0,0,0,0,0.09,2,4.6,,,,,,,,,,,,,2,ledger-prep,1,1,demand-pulse,1,4,peak-settlement,1,7,100,9,9,83,8,73,100,138,53,60,47,78,200,64,460,130,0.09,9.2222,9.125,1.38,1.1321,1.6596,0.32,0.2826
meter-feast,3,smoke-screen,w-h0l0,planner-one-mistake,100,31,0.31,10.72,0.9179,37.493,0,0,3.4,68.62,2.92,16.66,1.4,0.09,1.32,0.08,1.55,1.28,0.3,2.54,0.61,0,0,0,0,0.12,2,4.93,81,100,81,25,0,0,100,0.3086,1,16.4675,2,0,2,ledger-prep,1,1,demand-pulse,1,4,peak-settlement,1,7,100,12,12,113,9,86,100,529,31,27,69,502,200,61,493,132,0.12,9.4167,9.5556,5.29,0.871,7.2754,0.305,0.2677
meter-feast,3,smoke-screen,w+h0l0,random,100,0,0,11,,79.85,0,0,4.75,81.33,2.87,18.6,0.38,1.83,0.25,0.13,0.74,0.53,0.28,1.45,0.31,0,0,0,0,0.05,2,5,,,,,,,,,,,,,2,ledger-prep,1,1,demand-pulse,1,4,peak-settlement,1,7,100,5,5,51,0,0,100,688,0,0,100,688,200,31,500,25,0.05,10.2,,6.88,,6.88,0.155,0.05
meter-feast,3,smoke-screen,w+h0l0,single-water,100,0,0,11,,81.83,0,0,5,103.11,3,15.07,0,0,0,0,1,1,0,0,0,0,0,0,0,0,2,5,,,,,,,,,,,,,2,ledger-prep,1,1,demand-pulse,1,4,peak-settlement,1,7,100,0,0,0,0,0,100,754,0,0,100,754,200,0,500,0,0,,,7.54,,7.54,0,0
meter-feast,3,smoke-screen,w+h0l0,legacy-cycle,100,0,0,11,,68.63,0,0,5,103.66,3,34.93,0,0,0,0,0.91,0.51,0.4,3.45,0.76,0,0,0,0,1,2,5,,,,,,,,,,,,,2,ledger-prep,1,1,demand-pulse,1,4,peak-settlement,1,7,100,100,100,746,0,0,100,754,0,0,100,754,200,76,500,0,1,7.46,,7.54,,7.54,0.38,0
meter-feast,3,smoke-screen,w+h0l0,greedy,100,87,0.87,8.82,0.7722,14.615,0,0,1.99,35.58,2.93,5.28,0.9,0.1,0.88,0.02,1.24,0.94,0.32,1.83,0.47,0,0,0,0,0.05,1.95,3.66,,,,,,,,,,,,,1.97,ledger-prep,1,1,demand-pulse,1,4,peak-settlement,0.97,7,100,5,5,42,4,33,100,170,87,146,13,24,195,47,366,88,0.05,8.4,8.25,1.7,1.6782,1.8462,0.241,0.2404
meter-feast,3,smoke-screen,w+h0l0,planner,100,91,0.91,8.62,0.7622,32.444,0,0,2.07,36.88,2.94,5.26,0.63,0.09,0.6,0.03,1.13,0.88,0.25,2.59,0.78,0,0,0,0,0.08,1.97,3.55,,,,,,,,,,,,,1.97,ledger-prep,1,1,demand-pulse,1,4,peak-settlement,0.97,7,100,8,8,72,8,72,100,214,91,148,9,66,197,78,355,60,0.08,9,9,2.14,1.6264,7.3333,0.3959,0.169
meter-feast,3,smoke-screen,w+h0l0,forecast-aware,100,66,0.66,9.83,0.8388,15.676,0,0,2.63,51.32,2.17,4.9,2.04,0,1.21,0.83,1.38,1,0.41,2.53,0.64,0,0,0,0,0.08,2,4.39,,,,,,,,,,,,,2,ledger-prep,1,1,demand-pulse,1,4,peak-settlement,1,7,100,8,8,73,8,73,100,159,66,102,34,57,200,64,439,121,0.08,9.125,9.125,1.59,1.5455,1.6765,0.32,0.2756
meter-feast,3,smoke-screen,w+h0l0,planner-one-mistake,100,44,0.44,10.39,0.874,34.607,0,0,3.15,62.88,2.95,17.36,1.29,0.14,1.24,0.05,1.49,1.31,0.22,1.71,0.41,0,0,0,0,0.08,2,4.73,91,100,91,40,0,0,100,0.4396,1,17.45,1,0,2,ledger-prep,1,1,demand-pulse,1,4,peak-settlement,1,7,100,8,8,79,8,79,100,456,44,40,56,416,200,41,473,124,0.08,9.875,9.875,4.56,0.9091,7.4286,0.205,0.2622
meter-feast,3,smoke-screen,w0h-l0,random,100,0,0,11,,81.69,0,0,4.75,79.05,2.87,18.14,0.38,1.83,0.25,0.13,0.74,0.53,0.28,1.45,0.31,0,0,0,0,0.05,2,5,,,,,,,,,,,,,2,ledger-prep,1,1,demand-pulse,1,4,peak-settlement,1,7,100,5,5,51,0,0,100,688,0,0,100,688,200,31,500,25,0.05,10.2,,6.88,,6.88,0.155,0.05
meter-feast,3,smoke-screen,w0h-l0,single-water,100,0,0,11,,85.25,0,0,5,101,3,14.83,0,0,0,0,1,1,0,0,0,0,0,0,0,0,2,5,,,,,,,,,,,,,2,ledger-prep,1,1,demand-pulse,1,4,peak-settlement,1,7,100,0,0,0,0,0,100,754,0,0,100,754,200,0,500,0,0,,,7.54,,7.54,0,0
meter-feast,3,smoke-screen,w0h-l0,legacy-cycle,100,0,0,11,,74.67,0,0,5,102.79,3,33.95,0,0,0,0,0.91,0.51,0.4,3.45,0.76,0,0,0,0,1,2,5,,,,,,,,,,,,,2,ledger-prep,1,1,demand-pulse,1,4,peak-settlement,1,7,100,100,100,746,0,0,100,754,0,0,100,754,200,76,500,0,1,7.46,,7.54,,7.54,0.38,0
meter-feast,3,smoke-screen,w0h-l0,greedy,100,71,0.71,9.65,0.8271,13.379,0,0,2.46,46.74,3,5.72,1.2,0.12,1.2,0,1.32,1,0.35,2.02,0.34,0,0,0,0,0.06,2,4.27,,,,,,,,,,,,,2,ledger-prep,1,1,demand-pulse,1,4,peak-settlement,1,7,100,6,6,54,5,46,100,129,71,85,29,44,200,34,427,120,0.06,9,9.2,1.29,1.1972,1.5172,0.17,0.281
meter-feast,3,smoke-screen,w0h-l0,planner,100,86,0.86,9.25,0.815,28.429,0,0,2.38,44.02,2.98,5.73,0.9,0.08,0.88,0.02,1.29,0.94,0.37,2.77,0.77,0,0,0,0,0.14,2,4.06,,,,,,,,,,,,,2,ledger-prep,1,1,demand-pulse,1,4,peak-settlement,1,7,100,14,14,124,12,105,100,203,86,106,14,97,200,77,406,88,0.14,8.8571,8.75,2.03,1.2326,6.9286,0.385,0.2167
meter-feast,3,smoke-screen,w0h-l0,forecast-aware,100,51,0.51,10.21,0.8592,17.265,0,0,2.94,58.84,2.17,4.75,2.1,0,1.27,0.83,1.45,1.09,0.39,2.73,0.64,0,0,0,0,0.09,2,4.59,,,,,,,,,,,,,2,ledger-prep,1,1,demand-pulse,1,4,peak-settlement,1,7,100,9,9,83,8,73,100,133,51,51,49,82,200,64,459,127,0.09,9.2222,9.125,1.33,1,1.6735,0.32,0.2767
meter-feast,3,smoke-screen,w0h-l0,planner-one-mistake,100,24,0.24,10.84,0.9394,38.132,0,0,3.46,70.38,2.95,16.52,1.43,0.13,1.38,0.05,1.55,1.37,0.22,1.94,0.46,0,0,0,0,0.06,2,4.95,86,100,86,20,0,0,100,0.2326,1,16.9225,2,0,2,ledger-prep,1,1,demand-pulse,1,4,peak-settlement,1,7,100,6,6,58,5,48,100,591,24,13,76,578,200,46,495,138,0.06,9.6667,9.6,5.91,0.5417,7.6053,0.23,0.2788
meter-feast,3,smoke-screen,w0h+l0,random,100,0,0,11,,80.3,0,0,4.75,81.42,2.87,18.62,0.38,1.83,0.25,0.13,0.74,0.53,0.28,1.45,0.31,0,0,0,0,0.05,2,5,,,,,,,,,,,,,2,ledger-prep,1,1,demand-pulse,1,4,peak-settlement,1,7,100,5,5,51,0,0,100,688,0,0,100,688,200,31,500,25,0.05,10.2,,6.88,,6.88,0.155,0.05
meter-feast,3,smoke-screen,w0h+l0,single-water,100,0,0,11,,85.25,0,0,5,101,3,14.83,0,0,0,0,1,1,0,0,0,0,0,0,0,0,2,5,,,,,,,,,,,,,2,ledger-prep,1,1,demand-pulse,1,4,peak-settlement,1,7,100,0,0,0,0,0,100,754,0,0,100,754,200,0,500,0,0,,,7.54,,7.54,0,0
meter-feast,3,smoke-screen,w0h+l0,legacy-cycle,100,0,0,11,,68.9,0,0,5,103.72,3,34.68,0,0,0,0,0.91,0.51,0.4,3.45,0.76,0,0,0,0,1,2,5,,,,,,,,,,,,,2,ledger-prep,1,1,demand-pulse,1,4,peak-settlement,1,7,100,100,100,746,0,0,100,754,0,0,100,754,200,76,500,0,1,7.46,,7.54,,7.54,0.38,0
meter-feast,3,smoke-screen,w0h+l0,greedy,100,88,0.88,8.84,0.7769,11.083,0,0,2.01,36.04,2.96,4.75,0.87,0.09,0.85,0.02,1.23,0.95,0.32,1.78,0.55,0,0,0,0,0.03,1.98,3.66,,,,,,,,,,,,,1.98,ledger-prep,1,1,demand-pulse,1,4,peak-settlement,0.98,7,100,3,3,28,2,17,100,183,88,157,12,26,198,55,366,85,0.03,9.3333,8.5,1.83,1.7841,2.1667,0.2778,0.2322
meter-feast,3,smoke-screen,w0h+l0,planner,100,93,0.93,8.59,0.7644,31.143,0,0,1.99,34.96,2.94,4.58,0.67,0.08,0.61,0.06,1.04,0.86,0.19,2.52,0.65,0,0,0,0,0.09,2,3.5,,,,,,,,,,,,,2,ledger-prep,1,1,demand-pulse,1,4,peak-settlement,1,7,100,9,9,79,9,79,100,208,93,157,7,51,200,65,350,61,0.09,8.7778,8.7778,2.08,1.6882,7.2857,0.325,0.1743
meter-feast,3,smoke-screen,w0h+l0,forecast-aware,100,64,0.64,9.84,0.8352,14.861,0,0,2.65,51.82,2.17,4.75,2.02,0,1.19,0.83,1.38,1.01,0.4,2.52,0.64,0,0,0,0,0.08,2,4.37,,,,,,,,,,,,,2,ledger-prep,1,1,demand-pulse,1,4,peak-settlement,1,7,100,8,8,73,7,63,100,156,64,94,36,62,200,64,437,119,0.08,9.125,9,1.56,1.4688,1.7222,0.32,0.2723
meter-feast,3,smoke-screen,w0h+l0,planner-one-mistake,100,48,0.48,10.37,0.8807,35.75,0,0,3.16,62.74,2.93,16.58,1.28,0.11,1.21,0.07,1.56,1.33,0.27,1.72,0.38,0,0,0,0,0.09,2,4.71,93,100,93,47,0,0,100,0.5054,1,17.7125,1,0,2,ledger-prep,1,1,demand-pulse,1,4,peak-settlement,1,7,100,9,9,90,7,71,100,422,48,42,52,380,200,38,471,121,0.09,10,10.1429,4.22,0.875,7.3077,0.19,0.2569
meter-feast,3,smoke-screen,w0h0l-,random,100,0,0,11,,81.05,0,0,4.75,80.19,2.87,18.36,0.38,1.83,0.25,0.13,0.74,0.53,0.28,1.45,0.31,0,0,0,0,0.05,2,5,,,,,,,,,,,,,2,ledger-prep,1,1,demand-pulse,1,4,peak-settlement,1,7,100,5,5,51,0,0,100,688,0,0,100,688,200,31,500,25,0.05,10.2,,6.88,,6.88,0.155,0.05
meter-feast,3,smoke-screen,w0h0l-,single-water,100,0,0,11,,85.25,0,0,5,101,3,14.83,0,0,0,0,1,1,0,0,0,0,0,0,0,0,2,5,,,,,,,,,,,,,2,ledger-prep,1,1,demand-pulse,1,4,peak-settlement,1,7,100,0,0,0,0,0,100,754,0,0,100,754,200,0,500,0,0,,,7.54,,7.54,0,0
meter-feast,3,smoke-screen,w0h0l-,legacy-cycle,100,0,0,11,,71.62,0,0,5,103.44,3,34.32,0,0,0,0,0.91,0.51,0.4,3.45,0.76,0,0,0,0,1,2,5,,,,,,,,,,,,,2,ledger-prep,1,1,demand-pulse,1,4,peak-settlement,1,7,100,100,100,746,0,0,100,754,0,0,100,754,200,76,500,0,1,7.46,,7.54,,7.54,0.38,0
meter-feast,3,smoke-screen,w0h0l-,greedy,100,81,0.81,9.24,0.8025,14.737,0,0,2.26,41.96,2.97,5.37,1.02,0.11,1,0.02,1.32,1,0.35,2.03,0.49,0,0,0,0,0.06,1.99,3.95,,,,,,,,,,,,,2,ledger-prep,1,1,demand-pulse,1,4,peak-settlement,1,7,100,6,6,52,6,52,100,161,81,124,19,37,199,49,395,100,0.06,8.6667,8.6667,1.61,1.5309,1.9474,0.2462,0.2532
meter-feast,3,smoke-screen,w0h0l-,planner,100,90,0.9,9,0.798,30.8,0,0,2.26,41.18,2.96,5.16,0.79,0.07,0.75,0.04,1.21,0.9,0.33,2.76,0.77,0,0,0,0,0.12,2,3.87,,,,,,,,,,,,,2,ledger-prep,1,1,demand-pulse,1,4,peak-settlement,1,7,100,12,12,112,12,112,100,205,90,130,10,75,200,77,387,75,0.12,9.3333,9.3333,2.05,1.4444,7.5,0.385,0.1938
meter-feast,3,smoke-screen,w0h0l-,forecast-aware,100,63,0.63,9.94,0.847,17.378,0,0,2.71,53.26,2.17,4.75,2.06,0,1.23,0.83,1.4,1.06,0.37,2.57,0.64,0,0,0,0,0.08,2,4.43,,,,,,,,,,,,,2,ledger-prep,1,1,demand-pulse,1,4,peak-settlement,1,7,100,8,8,73,7,63,100,153,63,90,37,63,200,64,443,123,0.08,9.125,9,1.53,1.4286,1.7027,0.32,0.2777
meter-feast,3,smoke-screen,w0h0l-,planner-one-mistake,100,36,0.36,10.65,0.9116,37.281,0,0,3.34,67.48,2.94,17,1.37,0.12,1.31,0.06,1.56,1.37,0.23,1.84,0.44,0,0,0,0,0.07,2,4.88,90,100,90,34,0,0,100,0.3778,1,17.6975,2,0,2,ledger-prep,1,1,demand-pulse,1,4,peak-settlement,1,7,100,7,7,69,7,69,100,493,36,23,64,470,200,44,488,131,0.07,9.8571,9.8571,4.93,0.6389,7.3438,0.22,0.2684
meter-feast,3,smoke-screen,w0h0l+,random,100,0,0,11,,81.05,0,0,4.75,80.19,2.87,18.36,0.38,1.83,0.25,0.13,0.74,0.53,0.28,1.45,0.31,0,0,0,0,0.05,2,5,,,,,,,,,,,,,2,ledger-prep,1,1,demand-pulse,1,4,peak-settlement,1,7,100,5,5,51,0,0,100,688,0,0,100,688,200,31,500,25,0.05,10.2,,6.88,,6.88,0.155,0.05
meter-feast,3,smoke-screen,w0h0l+,single-water,100,0,0,11,,85.25,0,0,5,101,3,14.83,0,0,0,0,1,1,0,0,0,0,0,0,0,0,2,5,,,,,,,,,,,,,2,ledger-prep,1,1,demand-pulse,1,4,peak-settlement,1,7,100,0,0,0,0,0,100,754,0,0,100,754,200,0,500,0,0,,,7.54,,7.54,0,0
meter-feast,3,smoke-screen,w0h0l+,legacy-cycle,100,0,0,11,,71.62,0,0,5,103.44,3,34.32,0,0,0,0,0.91,0.51,0.4,3.45,0.76,0,0,0,0,1,2,5,,,,,,,,,,,,,2,ledger-prep,1,1,demand-pulse,1,4,peak-settlement,1,7,100,100,100,746,0,0,100,754,0,0,100,754,200,76,500,0,1,7.46,,7.54,,7.54,0.38,0
meter-feast,3,smoke-screen,w0h0l+,greedy,100,81,0.81,9.24,0.8025,14.737,0,0,2.26,41.96,2.97,5.37,1.02,0.11,1,0.02,1.32,1,0.35,2.03,0.49,0,0,0,0,0.06,1.99,3.95,,,,,,,,,,,,,2,ledger-prep,1,1,demand-pulse,1,4,peak-settlement,1,7,100,6,6,52,6,52,100,161,81,124,19,37,199,49,395,100,0.06,8.6667,8.6667,1.61,1.5309,1.9474,0.2462,0.2532
meter-feast,3,smoke-screen,w0h0l+,planner,100,90,0.9,9,0.798,30.8,0,0,2.26,41.18,2.96,5.16,0.79,0.07,0.75,0.04,1.21,0.9,0.33,2.76,0.77,0,0,0,0,0.12,2,3.87,,,,,,,,,,,,,2,ledger-prep,1,1,demand-pulse,1,4,peak-settlement,1,7,100,12,12,112,12,112,100,205,90,130,10,75,200,77,387,75,0.12,9.3333,9.3333,2.05,1.4444,7.5,0.385,0.1938
meter-feast,3,smoke-screen,w0h0l+,forecast-aware,100,63,0.63,9.94,0.847,17.378,0,0,2.71,53.26,2.17,4.75,2.06,0,1.23,0.83,1.4,1.06,0.37,2.57,0.64,0,0,0,0,0.08,2,4.43,,,,,,,,,,,,,2,ledger-prep,1,1,demand-pulse,1,4,peak-settlement,1,7,100,8,8,73,7,63,100,153,63,90,37,63,200,64,443,123,0.08,9.125,9,1.53,1.4286,1.7027,0.32,0.2777
meter-feast,3,smoke-screen,w0h0l+,planner-one-mistake,100,36,0.36,10.65,0.9116,37.281,0,0,3.34,67.48,2.94,17,1.37,0.12,1.31,0.06,1.56,1.37,0.23,1.84,0.44,0,0,0,0,0.07,2,4.88,90,100,90,34,0,0,100,0.3778,1,17.6975,2,0,2,ledger-prep,1,1,demand-pulse,1,4,peak-settlement,1,7,100,7,7,69,7,69,100,493,36,23,64,470,200,44,488,131,0.07,9.8571,9.8571,4.93,0.6389,7.3438,0.22,0.2684
