level,sequence,deck,scenario,strategy,games,wins,win_rate,avg_end_turn,avg_winning_turn_budget_used,avg_core_remaining_on_loss,illegal_choices,avg_phase_changes,city_repairs,city_repair_amount,shields_raised,shield_absorbed,interrupts,interrupts_failed,repairs_interrupted,shields_interrupted,breaches_opened,breaches_used,breaches_wasted,combos,pulse_refunds,overhaul_started,overhaul_stopped,overhaul_completed,missed_actions
empty-cup,1,starter,w0h0l0,random,100,2,0.02,8,1,40.296,0,0,1.81,26.69,0,0,0.19,1.21,0.19,0,0.7,0.49,0.21,0.9,0,0,0,0,0
empty-cup,1,starter,w0h0l0,single-water,100,0,0,8,,34.52,0,0,2,30,0,0,0,0,0,0,0.99,0.96,0.03,0,0,0,0,0,0
empty-cup,1,starter,w0h0l0,legacy-cycle,100,81,0.81,8,1,20.263,0,0,2,30,0,0,0,0,0,0,0.25,0,0.25,2.96,0,0,0,0,0
empty-cup,1,starter,w0h0l0,greedy,100,100,1,6.95,0.8688,,0,0,1.22,17.88,0,0,0.37,0.09,0.37,0,1.53,1.39,0.14,1.32,0,0,0,0,0
empty-cup,1,starter,w0h0l0,planner,100,100,1,6.74,0.8425,,0,0,1.29,18.76,0,0,0.25,0,0.25,0,1.73,1.61,0.12,1.53,0,0,0,0,0
empty-cup,1,starter,w0h0l0,forecast-aware,100,100,1,6.82,0.8525,,0,0,1.14,16.74,0,0,0.46,0,0.46,0,1.65,1.41,0.24,2.1,0,0,0,0,0
empty-cup,1,starter,w0h0l0,planner-one-mistake,100,100,1,6.71,0.8388,,0,0,1.14,16.7,0,0,0.37,0.03,0.37,0,1.54,1.34,0.2,1.52,0,0,0,0,0
empty-cup,1,starter,w-h-l-,random,100,0,0,8,,43.74,0,0,1.81,26.67,0,0,0.19,1.21,0.19,0,0.7,0.49,0.21,0.9,0,0,0,0,0
empty-cup,1,starter,w-h-l-,single-water,100,0,0,8,,50,0,0,2,30,0,0,0,0,0,0,0.99,0.96,0.03,0,0,0,0,0,0
empty-cup,1,starter,w-h-l-,legacy-cycle,100,14,0.14,8,1,9.128,0,0,2,30,0,0,0,0,0,0,0.25,0,0.25,2.96,0,0,0,0,0
empty-cup,1,starter,w-h-l-,greedy,100,97,0.97,7.04,0.8763,3.667,0,0,1.32,19.42,0,0,0.33,0.07,0.33,0,1.7,1.6,0.1,1,0,0,0,0,0
empty-cup,1,starter,w-h-l-,planner,100,99,0.99,6.9,0.8611,23,0,0,1.31,19.08,0,0,0.28,0.04,0.28,0,1.74,1.72,0.02,1.31,0,0,0,0,0
empty-cup,1,starter,w-h-l-,forecast-aware,100,96,0.96,7.11,0.8841,1,0,0,1.27,18.82,0,0,0.46,0,0.46,0,1.67,1.53,0.14,2.22,0,0,0,0,0
empty-cup,1,starter,w-h-l-,planner-one-mistake,100,98,0.98,7.02,0.875,16,0,0,1.26,18.64,0,0,0.36,0.09,0.36,0,1.61,1.5,0.11,1.62,0,0,0,0,0
empty-cup,1,starter,w+h+l+,random,100,4,0.04,8,1,37.198,0,0,1.81,26.7,0,0,0.19,1.21,0.19,0,0.7,0.49,0.21,0.9,0,0,0,0,0
empty-cup,1,starter,w+h+l+,single-water,100,0,0,8,,20.62,0,0,2,30,0,0,0,0,0,0,0.99,0.96,0.03,0,0,0,0,0,0
empty-cup,1,starter,w+h+l+,legacy-cycle,100,86,0.86,7.76,0.9651,22.214,0,0,2,30,0,0,0,0,0,0,0.18,0,0.18,2.96,0,0,0,0,0
empty-cup,1,starter,w+h+l+,greedy,100,100,1,6.47,0.8088,,0,0,1.01,14.52,0,0,0.34,0.04,0.34,0,1.24,1.07,0.17,1.19,0,0,0,0,0
empty-cup,1,starter,w+h+l+,planner,100,100,1,6.34,0.7925,,0,0,1.03,14.8,0,0,0.29,0.01,0.29,0,1.51,1.21,0.3,1.49,0,0,0,0,0
empty-cup,1,starter,w+h+l+,forecast-aware,100,100,1,6.6,0.825,,0,0,1.06,15.46,0,0,0.46,0,0.46,0,1.62,1.33,0.29,2,0,0,0,0,0
empty-cup,1,starter,w+h+l+,planner-one-mistake,100,100,1,6.42,0.8025,,0,0,1.14,16.44,0,0,0.2,0,0.2,0,1.52,1.08,0.44,1.35,0,0,0,0,0
empty-cup,1,starter,w-h0l0,random,100,0,0,8,,43.74,0,0,1.81,26.67,0,0,0.19,1.21,0.19,0,0.7,0.49,0.21,0.9,0,0,0,0,0
empty-cup,1,starter,w-h0l0,single-water,100,0,0,8,,50,0,0,2,30,0,0,0,0,0,0,0.99,0.96,0.03,0,0,0,0,0,0
empty-cup,1,starter,w-h0l0,legacy-cycle,100,14,0.14,8,1,9.128,0,0,2,30,0,0,0,0,0,0,0.25,0,0.25,2.96,0,0,0,0,0
empty-cup,1,starter,w-h0l0,greedy,100,97,0.97,7.04,0.8763,3.667,0,0,1.32,19.42,0,0,0.33,0.07,0.33,0,1.7,1.6,0.1,1,0,0,0,0,0
empty-cup,1,starter,w-h0l0,planner,100,99,0.99,6.9,0.8611,23,0,0,1.31,19.08,0,0,0.28,0.04,0.28,0,1.74,1.72,0.02,1.31,0,0,0,0,0
empty-cup,1,starter,w-h0l0,forecast-aware,100,96,0.96,7.11,0.8841,1,0,0,1.27,18.82,0,0,0.46,0,0.46,0,1.67,1.53,0.14,2.22,0,0,0,0,0
empty-cup,1,starter,w-h0l0,planner-one-mistake,100,98,0.98,7.02,0.875,16,0,0,1.26,18.64,0,0,0.36,0.09,0.36,0,1.61,1.5,0.11,1.62,0,0,0,0,0
empty-cup,1,starter,w+h0l0,random,100,4,0.04,8,1,37.198,0,0,1.81,26.7,0,0,0.19,1.21,0.19,0,0.7,0.49,0.21,0.9,0,0,0,0,0
empty-cup,1,starter,w+h0l0,single-water,100,0,0,8,,20.62,0,0,2,30,0,0,0,0,0,0,0.99,0.96,0.03,0,0,0,0,0,0
empty-cup,1,starter,w+h0l0,legacy-cycle,100,86,0.86,7.76,0.9651,22.214,0,0,2,30,0,0,0,0,0,0,0.18,0,0.18,2.96,0,0,0,0,0
empty-cup,1,starter,w+h0l0,greedy,100,100,1,6.47,0.8088,,0,0,1.01,14.52,0,0,0.34,0.04,0.34,0,1.24,1.07,0.17,1.19,0,0,0,0,0
empty-cup,1,starter,w+h0l0,planner,100,100,1,6.34,0.7925,,0,0,1.03,14.8,0,0,0.29,0.01,0.29,0,1.51,1.21,0.3,1.49,0,0,0,0,0
empty-cup,1,starter,w+h0l0,forecast-aware,100,100,1,6.6,0.825,,0,0,1.06,15.46,0,0,0.46,0,0.46,0,1.62,1.33,0.29,2,0,0,0,0,0
empty-cup,1,starter,w+h0l0,planner-one-mistake,100,100,1,6.42,0.8025,,0,0,1.14,16.44,0,0,0.2,0,0.2,0,1.52,1.08,0.44,1.35,0,0,0,0,0
empty-cup,1,starter,w0h-l0,random,100,2,0.02,8,1,40.296,0,0,1.81,26.69,0,0,0.19,1.21,0.19,0,0.7,0.49,0.21,0.9,0,0,0,0,0
empty-cup,1,starter,w0h-l0,single-water,100,0,0,8,,34.52,0,0,2,30,0,0,0,0,0,0,0.99,0.96,0.03,0,0,0,0,0,0
empty-cup,1,starter,w0h-l0,legacy-cycle,100,81,0.81,8,1,20.263,0,0,2,30,0,0,0,0,0,0,0.25,0,0.25,2.96,0,0,0,0,0
empty-cup,1,starter,w0h-l0,greedy,100,100,1,6.95,0.8688,,0,0,1.22,17.88,0,0,0.37,0.09,0.37,0,1.53,1.39,0.14,1.32,0,0,0,0,0
empty-cup,1,starter,w0h-l0,planner,100,100,1,6.74,0.8425,,0,0,1.29,18.76,0,0,0.25,0,0.25,0,1.73,1.61,0.12,1.53,0,0,0,0,0
empty-cup,1,starter,w0h-l0,forecast-aware,100,100,1,6.82,0.8525,,0,0,1.14,16.74,0,0,0.46,0,0.46,0,1.65,1.41,0.24,2.1,0,0,0,0,0
empty-cup,1,starter,w0h-l0,planner-one-mistake,100,100,1,6.71,0.8388,,0,0,1.14,16.7,0,0,0.37,0.03,0.37,0,1.54,1.34,0.2,1.52,0,0,0,0,0
empty-cup,1,starter,w0h+l0,random,100,2,0.02,8,1,40.296,0,0,1.81,26.69,0,0,0.19,1.21,0.19,0,0.7,0.49,0.21,0.9,0,0,0,0,0
empty-cup,1,starter,w0h+l0,single-water,100,0,0,8,,34.52,0,0,2,30,0,0,0,0,0,0,0.99,0.96,0.03,0,0,0,0,0,0
empty-cup,1,starter,w0h+l0,legacy-cycle,100,81,0.81,8,1,20.263,0,0,2,30,0,0,0,0,0,0,0.25,0,0.25,2.96,0,0,0,0,0
empty-cup,1,starter,w0h+l0,greedy,100,100,1,6.95,0.8688,,0,0,1.22,17.88,0,0,0.37,0.09,0.37,0,1.53,1.39,0.14,1.32,0,0,0,0,0
empty-cup,1,starter,w0h+l0,planner,100,100,1,6.74,0.8425,,0,0,1.29,18.76,0,0,0.25,0,0.25,0,1.73,1.61,0.12,1.53,0,0,0,0,0
empty-cup,1,starter,w0h+l0,forecast-aware,100,100,1,6.82,0.8525,,0,0,1.14,16.74,0,0,0.46,0,0.46,0,1.65,1.41,0.24,2.1,0,0,0,0,0
empty-cup,1,starter,w0h+l0,planner-one-mistake,100,100,1,6.71,0.8388,,0,0,1.14,16.7,0,0,0.37,0.03,0.37,0,1.54,1.34,0.2,1.52,0,0,0,0,0
empty-cup,1,starter,w0h0l-,random,100,2,0.02,8,1,40.296,0,0,1.81,26.69,0,0,0.19,1.21,0.19,0,0.7,0.49,0.21,0.9,0,0,0,0,0
empty-cup,1,starter,w0h0l-,single-water,100,0,0,8,,34.52,0,0,2,30,0,0,0,0,0,0,0.99,0.96,0.03,0,0,0,0,0,0
empty-cup,1,starter,w0h0l-,legacy-cycle,100,81,0.81,8,1,20.263,0,0,2,30,0,0,0,0,0,0,0.25,0,0.25,2.96,0,0,0,0,0
empty-cup,1,starter,w0h0l-,greedy,100,100,1,6.95,0.8688,,0,0,1.22,17.88,0,0,0.37,0.09,0.37,0,1.53,1.39,0.14,1.32,0,0,0,0,0
empty-cup,1,starter,w0h0l-,planner,100,100,1,6.74,0.8425,,0,0,1.29,18.76,0,0,0.25,0,0.25,0,1.73,1.61,0.12,1.53,0,0,0,0,0
empty-cup,1,starter,w0h0l-,forecast-aware,100,100,1,6.82,0.8525,,0,0,1.14,16.74,0,0,0.46,0,0.46,0,1.65,1.41,0.24,2.1,0,0,0,0,0
empty-cup,1,starter,w0h0l-,planner-one-mistake,100,100,1,6.71,0.8388,,0,0,1.14,16.7,0,0,0.37,0.03,0.37,0,1.54,1.34,0.2,1.52,0,0,0,0,0
empty-cup,1,starter,w0h0l+,random,100,2,0.02,8,1,40.296,0,0,1.81,26.69,0,0,0.19,1.21,0.19,0,0.7,0.49,0.21,0.9,0,0,0,0,0
empty-cup,1,starter,w0h0l+,single-water,100,0,0,8,,34.52,0,0,2,30,0,0,0,0,0,0,0.99,0.96,0.03,0,0,0,0,0,0
empty-cup,1,starter,w0h0l+,legacy-cycle,100,81,0.81,8,1,20.263,0,0,2,30,0,0,0,0,0,0,0.25,0,0.25,2.96,0,0,0,0,0
empty-cup,1,starter,w0h0l+,greedy,100,100,1,6.95,0.8688,,0,0,1.22,17.88,0,0,0.37,0.09,0.37,0,1.53,1.39,0.14,1.32,0,0,0,0,0
empty-cup,1,starter,w0h0l+,planner,100,100,1,6.74,0.8425,,0,0,1.29,18.76,0,0,0.25,0,0.25,0,1.73,1.61,0.12,1.53,0,0,0,0,0
empty-cup,1,starter,w0h0l+,forecast-aware,100,100,1,6.82,0.8525,,0,0,1.14,16.74,0,0,0.46,0,0.46,0,1.65,1.41,0.24,2.1,0,0,0,0,0
empty-cup,1,starter,w0h0l+,planner-one-mistake,100,100,1,6.71,0.8388,,0,0,1.14,16.7,0,0,0.37,0.03,0.37,0,1.54,1.34,0.2,1.52,0,0,0,0,0
noon-fold,2,starter,w0h0l0,random,100,0,0,9,,64.39,0,0,1.91,37.23,3.76,21.69,0.33,1.15,0.09,0.24,0.51,0.38,0.18,1,0,0,0,0,0
noon-fold,2,starter,w0h0l0,single-water,100,0,0,9,,46.11,0,0,2,42,4,14.66,0,0,0,0,1,1,0.09,0,0,0,0,0,0
noon-fold,2,starter,w0h0l0,legacy-cycle,100,0,0,9,,36.42,0,0,2,41.74,4,34.2,0,0,0,0,0.14,0,0.14,2.96,0,0,0,0,0
noon-fold,2,starter,w0h0l0,greedy,100,96,0.96,7.89,0.8715,5.25,0,0,1.07,22.08,3.36,2.42,0.47,0.08,0.44,0.03,1.32,1.09,0.26,1.44,0,0,0,0,0
noon-fold,2,starter,w0h0l0,planner,100,94,0.94,7.61,0.8357,20.667,0,0,1.03,21.24,3.19,2.35,0.39,0.08,0.35,0.04,1.34,1.1,0.26,1.53,0,0,0,0,0
noon-fold,2,starter,w0h0l0,forecast-aware,100,84,0.84,8.49,0.9325,7.813,0,0,1.32,27.54,2.62,2.1,1.55,0,0.46,1.09,1.31,0.88,0.49,2.22,0,0,0,0,0
noon-fold,2,starter,w0h0l0,planner-one-mistake,100,92,0.92,7.76,0.8502,21.125,0,0,1.06,21.92,3.25,3.43,0.45,0.12,0.37,0.08,1.32,0.96,0.33,2,0,0,0,0,0
noon-fold,2,starter,w-h-l-,random,100,0,0,9,,67.49,0,0,1.91,36.56,3.76,20.63,0.33,1.15,0.09,0.24,0.51,0.38,0.18,1,0,0,0,0,0
noon-fold,2,starter,w-h-l-,single-water,100,0,0,9,,46.11,0,0,2,42,4,14.66,0,0,0,0,1,1,0.09,0,0,0,0,0,0
noon-fold,2,starter,w-h-l-,legacy-cycle,100,0,0,9,,42.13,0,0,2,41.48,4,32.66,0,0,0,0,0.14,0,0.14,2.96,0,0,0,0,0
noon-fold,2,starter,w-h-l-,greedy,100,80,0.8,8.31,0.9042,6.15,0,0,1.24,25.82,3.53,3.44,0.54,0.12,0.48,0.06,1.45,1.2,0.31,1.36,0,0,0,0,0
noon-fold,2,starter,w-h-l-,planner,100,90,0.9,8.04,0.8815,20.4,0,0,1.19,24.76,3.44,3.37,0.41,0.11,0.39,0.02,1.55,1.26,0.34,1.47,0,0,0,0,0
noon-fold,2,starter,w-h-l-,forecast-aware,100,71,0.71,8.71,0.9546,9.138,0,0,1.4,29.3,2.73,2.1,1.58,0,0.46,1.12,1.37,0.93,0.5,2.35,0,0,0,0,0
noon-fold,2,starter,w-h-l-,planner-one-mistake,100,85,0.85,8.3,0.9085,24.8,0,0,1.25,26.1,3.55,4.02,0.5,0.14,0.43,0.07,1.47,1.2,0.3,1.79,0,0,0,0,0
noon-fold,2,starter,w+h+l+,random,100,1,0.01,8.98,0.7778,61.606,0,0,1.9,37.49,3.75,22.49,0.33,1.14,0.09,0.24,0.51,0.38,0.17,1,0,0,0,0,0
noon-fold,2,starter,w+h+l+,single-water,100,0,0,9,,46.11,0,0,2,42,4,14.66,0,0,0,0,1,1,0.09,0,0,0,0,0,0
noon-fold,2,starter,w+h+l+,legacy-cycle,100,0,0,9,,31.52,0,0,2,41.85,4,35.49,0,0,0,0,0.14,0,0.14,2.96,0,0,0,0,0
noon-fold,2,starter,w+h+l+,greedy,100,98,0.98,7.31,0.8084,2.5,0,0,0.9,18.34,3.02,1.92,0.41,0.13,0.38,0.03,1.12,0.86,0.3,1.28,0,0,0,0,0
noon-fold,2,starter,w+h+l+,planner,100,96,0.96,7.28,0.8009,20,0,0,0.91,18.6,2.98,2.46,0.39,0.1,0.35,0.04,1.2,0.86,0.34,1.85,0,0,0,0,0
noon-fold,2,starter,w+h+l+,forecast-aware,100,89,0.89,8.06,0.8826,4.909,0,0,1.15,23.8,2.41,2.1,1.51,0,0.46,1.05,1.1,0.74,0.42,2.05,0,0,0,0,0
noon-fold,2,starter,w+h+l+,planner-one-mistake,100,96,0.96,7.39,0.8137,21.25,0,0,0.92,18.84,3.06,4.06,0.41,0.12,0.36,0.05,1.16,0.72,0.39,1.82,0,0,0,0,0
noon-fold,2,starter,w-h0l0,random,100,0,0,9,,64.39,0,0,1.91,37.23,3.76,21.69,0.33,1.15,0.09,0.24,0.51,0.38,0.18,1,0,0,0,0,0
noon-fold,2,starter,w-h0l0,single-water,100,0,0,9,,46.11,0,0,2,42,4,14.66,0,0,0,0,1,1,0.09,0,0,0,0,0,0
noon-fold,2,starter,w-h0l0,legacy-cycle,100,0,0,9,,36.42,0,0,2,41.74,4,34.2,0,0,0,0,0.14,0,0.14,2.96,0,0,0,0,0
noon-fold,2,starter,w-h0l0,greedy,100,96,0.96,7.89,0.8715,5.25,0,0,1.07,22.08,3.36,2.42,0.47,0.08,0.44,0.03,1.32,1.09,0.26,1.44,0,0,0,0,0
noon-fold,2,starter,w-h0l0,planner,100,94,0.94,7.61,0.8357,20.667,0,0,1.03,21.24,3.19,2.35,0.39,0.08,0.35,0.04,1.34,1.1,0.26,1.53,0,0,0,0,0
noon-fold,2,starter,w-h0l0,forecast-aware,100,84,0.84,8.49,0.9325,7.813,0,0,1.32,27.54,2.62,2.1,1.55,0,0.46,1.09,1.31,0.88,0.49,2.22,0,0,0,0,0
noon-fold,2,starter,w-h0l0,planner-one-mistake,100,92,0.92,7.76,0.8502,21.125,0,0,1.06,21.92,3.25,3.43,0.45,0.12,0.37,0.08,1.32,0.96,0.33,2,0,0,0,0,0
noon-fold,2,starter,w+h0l0,random,100,0,0,9,,64.39,0,0,1.91,37.23,3.76,21.69,0.33,1.15,0.09,0.24,0.51,0.38,0.18,1,0,0,0,0,0
noon-fold,2,starter,w+h0l0,single-water,100,0,0,9,,46.11,0,0,2,42,4,14.66,0,0,0,0,1,1,0.09,0,0,0,0,0,0
noon-fold,2,starter,w+h0l0,legacy-cycle,100,0,0,9,,36.42,0,0,2,41.74,4,34.2,0,0,0,0,0.14,0,0.14,2.96,0,0,0,0,0
noon-fold,2,starter,w+h0l0,greedy,100,96,0.96,7.89,0.8715,5.25,0,0,1.07,22.08,3.36,2.42,0.47,0.08,0.44,0.03,1.32,1.09,0.26,1.44,0,0,0,0,0
noon-fold,2,starter,w+h0l0,planner,100,94,0.94,7.61,0.8357,20.667,0,0,1.03,21.24,3.19,2.35,0.39,0.08,0.35,0.04,1.34,1.1,0.26,1.53,0,0,0,0,0
noon-fold,2,starter,w+h0l0,forecast-aware,100,84,0.84,8.49,0.9325,7.813,0,0,1.32,27.54,2.62,2.1,1.55,0,0.46,1.09,1.31,0.88,0.49,2.22,0,0,0,0,0
noon-fold,2,starter,w+h0l0,planner-one-mistake,100,92,0.92,7.76,0.8502,21.125,0,0,1.06,21.92,3.25,3.43,0.45,0.12,0.37,0.08,1.32,0.96,0.33,2,0,0,0,0,0
noon-fold,2,starter,w0h-l0,random,100,0,0,9,,67.49,0,0,1.91,36.56,3.76,20.63,0.33,1.15,0.09,0.24,0.51,0.38,0.18,1,0,0,0,0,0
noon-fold,2,starter,w0h-l0,single-water,100,0,0,9,,46.11,0,0,2,42,4,14.66,0,0,0,0,1,1,0.09,0,0,0,0,0,0
noon-fold,2,starter,w0h-l0,legacy-cycle,100,0,0,9,,42.13,0,0,2,41.48,4,32.66,0,0,0,0,0.14,0,0.14,2.96,0,0,0,0,0
noon-fold,2,starter,w0h-l0,greedy,100,80,0.8,8.31,0.9042,6.15,0,0,1.24,25.82,3.53,3.44,0.54,0.12,0.48,0.06,1.45,1.2,0.31,1.36,0,0,0,0,0
noon-fold,2,starter,w0h-l0,planner,100,90,0.9,8.04,0.8815,20.4,0,0,1.19,24.76,3.44,3.37,0.41,0.11,0.39,0.02,1.55,1.26,0.34,1.47,0,0,0,0,0
noon-fold,2,starter,w0h-l0,forecast-aware,100,71,0.71,8.71,0.9546,9.138,0,0,1.4,29.3,2.73,2.1,1.58,0,0.46,1.12,1.37,0.93,0.5,2.35,0,0,0,0,0
noon-fold,2,starter,w0h-l0,planner-one-mistake,100,85,0.85,8.3,0.9085,24.8,0,0,1.25,26.1,3.55,4.02,0.5,0.14,0.43,0.07,1.47,1.2,0.3,1.79,0,0,0,0,0
noon-fold,2,starter,w0h+l0,random,100,1,0.01,8.98,0.7778,61.606,0,0,1.9,37.49,3.75,22.49,0.33,1.14,0.09,0.24,0.51,0.38,0.17,1,0,0,0,0,0
noon-fold,2,starter,w0h+l0,single-water,100,0,0,9,,46.11,0,0,2,42,4,14.66,0,0,0,0,1,1,0.09,0,0,0,0,0,0
noon-fold,2,starter,w0h+l0,legacy-cycle,100,0,0,9,,31.52,0,0,2,41.85,4,35.49,0,0,0,0,0.14,0,0.14,2.96,0,0,0,0,0
noon-fold,2,starter,w0h+l0,greedy,100,98,0.98,7.31,0.8084,2.5,0,0,0.9,18.34,3.02,1.92,0.41,0.13,0.38,0.03,1.12,0.86,0.3,1.28,0,0,0,0,0
noon-fold,2,starter,w0h+l0,planner,100,96,0.96,7.28,0.8009,20,0,0,0.91,18.6,2.98,2.46,0.39,0.1,0.35,0.04,1.2,0.86,0.34,1.85,0,0,0,0,0
noon-fold,2,starter,w0h+l0,forecast-aware,100,89,0.89,8.06,0.8826,4.909,0,0,1.15,23.8,2.41,2.1,1.51,0,0.46,1.05,1.1,0.74,0.42,2.05,0,0,0,0,0
noon-fold,2,starter,w0h+l0,planner-one-mistake,100,96,0.96,7.39,0.8137,21.25,0,0,0.92,18.84,3.06,4.06,0.41,0.12,0.36,0.05,1.16,0.72,0.39,1.82,0,0,0,0,0
noon-fold,2,starter,w0h0l-,random,100,0,0,9,,64.39,0,0,1.91,37.23,3.76,21.69,0.33,1.15,0.09,0.24,0.51,0.38,0.18,1,0,0,0,0,0
noon-fold,2,starter,w0h0l-,single-water,100,0,0,9,,46.11,0,0,2,42,4,14.66,0,0,0,0,1,1,0.09,0,0,0,0,0,0
noon-fold,2,starter,w0h0l-,legacy-cycle,100,0,0,9,,36.42,0,0,2,41.74,4,34.2,0,0,0,0,0.14,0,0.14,2.96,0,0,0,0,0
noon-fold,2,starter,w0h0l-,greedy,100,96,0.96,7.89,0.8715,5.25,0,0,1.07,22.08,3.36,2.42,0.47,0.08,0.44,0.03,1.32,1.09,0.26,1.44,0,0,0,0,0
noon-fold,2,starter,w0h0l-,planner,100,94,0.94,7.61,0.8357,20.667,0,0,1.03,21.24,3.19,2.35,0.39,0.08,0.35,0.04,1.34,1.1,0.26,1.53,0,0,0,0,0
noon-fold,2,starter,w0h0l-,forecast-aware,100,84,0.84,8.49,0.9325,7.813,0,0,1.32,27.54,2.62,2.1,1.55,0,0.46,1.09,1.31,0.88,0.49,2.22,0,0,0,0,0
noon-fold,2,starter,w0h0l-,planner-one-mistake,100,92,0.92,7.76,0.8502,21.125,0,0,1.06,21.92,3.25,3.43,0.45,0.12,0.37,0.08,1.32,0.96,0.33,2,0,0,0,0,0
noon-fold,2,starter,w0h0l+,random,100,0,0,9,,64.39,0,0,1.91,37.23,3.76,21.69,0.33,1.15,0.09,0.24,0.51,0.38,0.18,1,0,0,0,0,0
noon-fold,2,starter,w0h0l+,single-water,100,0,0,9,,46.11,0,0,2,42,4,14.66,0,0,0,0,1,1,0.09,0,0,0,0,0,0
noon-fold,2,starter,w0h0l+,legacy-cycle,100,0,0,9,,36.42,0,0,2,41.74,4,34.2,0,0,0,0,0.14,0,0.14,2.96,0,0,0,0,0
noon-fold,2,starter,w0h0l+,greedy,100,96,0.96,7.89,0.8715,5.25,0,0,1.07,22.08,3.36,2.42,0.47,0.08,0.44,0.03,1.32,1.09,0.26,1.44,0,0,0,0,0
noon-fold,2,starter,w0h0l+,planner,100,94,0.94,7.61,0.8357,20.667,0,0,1.03,21.24,3.19,2.35,0.39,0.08,0.35,0.04,1.34,1.1,0.26,1.53,0,0,0,0,0
noon-fold,2,starter,w0h0l+,forecast-aware,100,84,0.84,8.49,0.9325,7.813,0,0,1.32,27.54,2.62,2.1,1.55,0,0.46,1.09,1.31,0.88,0.49,2.22,0,0,0,0,0
noon-fold,2,starter,w0h0l+,planner-one-mistake,100,92,0.92,7.76,0.8502,21.125,0,0,1.06,21.92,3.25,3.43,0.45,0.12,0.37,0.08,1.32,0.96,0.33,2,0,0,0,0,0
meter-feast,3,tide-siege,w0h0l0,random,100,5,0.05,9.98,0.96,55.821,0,0,3.7,69.91,1.83,12.07,0.45,1.22,0.28,0.17,1.69,1.47,0.3,1.14,0.26,0,0,0,0
meter-feast,3,tide-siege,w0h0l0,single-water,100,0,0,10,,70.74,0,0,4,77.62,2,13.64,0,0,0,0,1,1,0,0,0,0,0,0,0
meter-feast,3,tide-siege,w0h0l0,legacy-cycle,100,6,0.06,9.94,0.9,24.043,0,0,3.94,76.61,2,21.51,0,0,0,0,2.05,1.26,0.02,3.26,0.59,0,0,0,0
meter-feast,3,tide-siege,w0h0l0,greedy,100,100,1,7.05,0.705,,0,0,1.33,24.4,1.99,3.4,0.56,0.1,0.55,0.01,1.82,1.69,0.24,1.55,0.42,0,0,0,0
meter-feast,3,tide-siege,w0h0l0,planner,100,100,1,6.94,0.694,,0,0,1.44,26.38,1.93,1.99,0.35,0.11,0.28,0.07,1.95,1.84,0.17,1.43,0.39,0,0,0,0
meter-feast,3,tide-siege,w0h0l0,forecast-aware,100,96,0.96,8.23,0.8156,8.25,0,0,1.7,31.76,1.32,4.85,1.76,0,1.08,0.68,1.99,1.75,0.25,2.07,0.56,0,0,0,0
meter-feast,3,tide-siege,w0h0l0,planner-one-mistake,100,99,0.99,7.2,0.7172,37,0,0,1.54,28.3,1.89,4.51,0.48,0.15,0.37,0.11,2.06,1.8,0.31,1.83,0.46,0,0,0,0
meter-feast,3,tide-siege,w-h-l-,random,100,1,0.01,9.99,0.9,64.667,0,0,3.71,68.46,1.83,10.82,0.45,1.22,0.28,0.17,1.69,1.47,0.37,1.14,0.26,0,0,0,0
meter-feast,3,tide-siege,w-h-l-,single-water,100,0,0,10,,86.14,0,0,4,73.77,2,12.81,0,0,0,0,1,1,0.55,0,0,0,0,0,0
meter-feast,3,tide-siege,w-h-l-,legacy-cycle,100,0,0,10,,41.12,0,0,4,77.89,2,20.06,0,0,0,0,2.05,1.26,0.04,3.26,0.59,0,0,0,0
meter-feast,3,tide-siege,w-h-l-,greedy,100,89,0.89,8.87,0.873,7.455,0,0,2.15,40.48,1.99,3.75,0.95,0.06,0.94,0.01,2.05,1.93,0.22,1.39,0.44,0,0,0,0
meter-feast,3,tide-siege,w-h-l-,planner,100,89,0.89,8.74,0.8584,26.909,0,0,2.29,43,1.94,3.38,0.74,0.14,0.68,0.06,2.29,2.14,0.26,2.02,0.67,0,0,0,0
meter-feast,3,tide-siege,w-h-l-,forecast-aware,100,75,0.75,9.11,0.8813,11.52,0,0,2.15,40.98,1.32,4.34,1.89,0,1.21,0.68,2.14,1.9,0.26,2.27,0.59,0,0,0,0
meter-feast,3,tide-siege,w-h-l-,planner-one-mistake,100,89,0.89,8.74,0.8584,29.727,0,0,2.33,43.72,1.89,3.15,0.75,0.16,0.64,0.11,2.38,2.25,0.2,2.22,0.66,0,0,0,0
meter-feast,3,tide-siege,w+h+l+,random,100,8,0.08,9.93,0.9125,47.337,0,0,3.66,69.76,1.83,12.9,0.45,1.2,0.28,0.17,1.69,1.45,0.28,1.14,0.26,0,0,0,0
meter-feast,3,tide-siege,w+h+l+,single-water,100,0,0,10,,55.03,0,0,4,77.99,2,13.92,0,0,0,0,1,1,0,0,0,0,0,0,0
meter-feast,3,tide-siege,w+h+l+,legacy-cycle,100,44,0.44,9.54,0.8955,15.375,0,0,3.56,68.28,2,22.24,0,0,0,0,2.04,1.24,0.03,3.14,0.59,0,0,0,0
meter-feast,3,tide-siege,w+h+l+,greedy,100,100,1,6.41,0.641,,0,0,1.03,18.68,1.92,4.34,0.44,0.07,0.41,0.03,1.72,1.54,0.25,1.25,0.3,0,0,0,0
meter-feast,3,tide-siege,w+h+l+,planner,100,100,1,6.06,0.606,,0,0,1.1,19.84,1.78,2.43,0.17,0.09,0.1,0.07,1.8,1.64,0.19,1.25,0.42,0,0,0,0
meter-feast,3,tide-siege,w+h+l+,forecast-aware,100,100,1,7.21,0.721,,0,0,1.18,21.62,1.3,5.49,1.59,0,0.91,0.68,1.79,1.59,0.22,1.7,0.45,0,0,0,0
meter-feast,3,tide-siege,w+h+l+,planner-one-mistake,100,100,1,6.51,0.651,,0,0,1.28,23.24,1.79,5.21,0.36,0.17,0.24,0.12,1.88,1.49,0.4,1.47,0.33,0,0,0,0
meter-feast,3,tide-siege,w-h0l0,random,100,1,0.01,9.99,0.9,59.606,0,0,3.71,69.4,1.83,11.51,0.45,1.22,0.28,0.17,1.69,1.47,0.31,1.14,0.26,0,0,0,0
meter-feast,3,tide-siege,w-h0l0,single-water,100,0,0,10,,86.14,0,0,4,73.77,2,12.81,0,0,0,0,1,1,0.55,0,0,0,0,0,0
meter-feast,3,tide-siege,w-h0l0,legacy-cycle,100,1,0.01,9.99,0.9,32.313,0,0,3.99,77.69,2,20.35,0,0,0,0,2.05,1.26,0.02,3.26,0.59,0,0,0,0
meter-feast,3,tide-siege,w-h0l0,greedy,100,99,0.99,8.08,0.8061,7,0,0,1.78,33.04,2,3.96,0.83,0.1,0.83,0,2.05,1.84,0.34,1.72,0.45,0,0,0,0
meter-feast,3,tide-siege,w-h0l0,planner,100,94,0.94,8.17,0.8053,26.5,0,0,2.1,39.14,1.95,3.12,0.54,0.14,0.49,0.05,2.25,2.04,0.31,1.84,0.55,0,0,0,0
meter-feast,3,tide-siege,w-h0l0,forecast-aware,100,86,0.86,8.81,0.8616,10.786,0,0,2,37.9,1.32,4.51,1.82,0,1.14,0.68,2.1,1.86,0.25,2.17,0.57,0,0,0,0
meter-feast,3,tide-siege,w-h0l0,planner-one-mistake,100,90,0.9,8.56,0.84,26.7,0,0,2.31,43.28,1.86,3.76,0.67,0.23,0.53,0.14,2.24,2.07,0.21,2.04,0.54,0,0,0,0
meter-feast,3,tide-siege,w+h0l0,random,100,6,0.06,9.96,0.9333,51.128,0,0,3.68,69.88,1.83,12.5,0.45,1.22,0.28,0.17,1.69,1.47,0.29,1.14,0.26,0,0,0,0
meter-feast,3,tide-siege,w+h0l0,single-water,100,0,0,10,,55.03,0,0,4,77.99,2,13.92,0,0,0,0,1,1,0,0,0,0,0,0,0
meter-feast,3,tide-siege,w+h0l0,legacy-cycle,100,18,0.18,9.82,0.9,18.768,0,0,3.82,73.98,2,22.09,0,0,0,0,2.05,1.26,0.02,3.26,0.59,0,0,0,0
meter-feast,3,tide-siege,w+h0l0,greedy,100,100,1,6.64,0.664,,0,0,1.16,21.14,1.91,4.49,0.46,0.07,0.44,0.02,1.8,1.61,0.29,1.4,0.39,0,0,0,0
meter-feast,3,tide-siege,w+h0l0,planner,100,100,1,6.68,0.668,,0,0,1.36,24.78,1.84,3.87,0.33,0.13,0.27,0.06,1.87,1.69,0.24,1.3,0.42,0,0,0,0
meter-feast,3,tide-siege,w+h0l0,forecast-aware,100,99,0.99,7.55,0.7525,4,0,0,1.41,26.06,1.3,5.34,1.62,0,0.94,0.68,1.85,1.65,0.22,1.83,0.51,0,0,0,0
meter-feast,3,tide-siege,w+h0l0,planner-one-mistake,100,100,1,6.89,0.689,,0,0,1.45,26.52,1.85,5.38,0.44,0.14,0.34,0.1,1.95,1.59,0.39,1.6,0.34,0,0,0,0
meter-feast,3,tide-siege,w0h-l0,random,100,2,0.02,9.99,0.95,59.296,0,0,3.71,69.28,1.83,11.38,0.45,1.22,0.28,0.17,1.69,1.47,0.36,1.14,0.26,0,0,0,0
meter-feast,3,tide-siege,w0h-l0,single-water,100,0,0,10,,70.74,0,0,4,77.62,2,13.64,0,0,0,0,1,1,0,0,0,0,0,0,0
meter-feast,3,tide-siege,w0h-l0,legacy-cycle,100,0,0,10,,32.43,0,0,4,77.91,2,21.22,0,0,0,0,2.05,1.26,0.04,3.26,0.59,0,0,0,0
meter-feast,3,tide-siege,w0h-l0,greedy,100,98,0.98,7.49,0.7439,10.5,0,0,1.55,28.8,1.99,3.18,0.59,0.07,0.58,0.01,1.92,1.82,0.22,1.2,0.33,0,0,0,0
meter-feast,3,tide-siege,w0h-l0,planner,100,100,1,7.63,0.763,,0,0,1.73,31.9,1.95,2.59,0.49,0.12,0.44,0.05,1.99,1.88,0.18,1.74,0.61,0,0,0,0
meter-feast,3,tide-siege,w0h-l0,forecast-aware,100,92,0.92,8.69,0.8576,11.75,0,0,1.93,36.34,1.32,4.58,1.84,0,1.16,0.68,2.05,1.83,0.23,2.19,0.58,0,0,0,0
meter-feast,3,tide-siege,w0h-l0,planner-one-mistake,100,96,0.96,8.09,0.801,30.25,0,0,2,37.24,1.9,5.18,0.63,0.18,0.53,0.1,2.14,2,0.21,2,0.51,0,0,0,0
meter-feast,3,tide-siege,w0h+l0,random,100,5,0.05,9.98,0.96,51.358,0,0,3.7,70.32,1.83,12.47,0.45,1.22,0.28,0.17,1.69,1.47,0.27,1.14,0.26,0,0,0,0
meter-feast,3,tide-siege,w0h+l0,single-water,100,0,0,10,,70.74,0,0,4,77.62,2,13.64,0,0,0,0,1,1,0,0,0,0,0,0,0
meter-feast,3,tide-siege,w0h+l0,legacy-cycle,100,19,0.19,9.81,0.9,19.136,0,0,3.81,73.77,2,21.66,0,0,0,0,2.05,1.26,0.02,3.26,0.59,0,0,0,0
meter-feast,3,tide-siege,w0h+l0,greedy,100,99,0.99,6.73,0.6697,6,0,0,1.22,22.3,1.98,4.41,0.4,0.07,0.39,0.01,1.76,1.49,0.34,0.98,0.21,0,0,0,0
meter-feast,3,tide-siege,w0h+l0,planner,100,100,1,6.38,0.638,,0,0,1.18,21.42,1.94,2.9,0.24,0.08,0.2,0.04,1.87,1.64,0.32,1.4,0.41,0,0,0,0
meter-feast,3,tide-siege,w0h+l0,forecast-aware,100,100,1,7.81,0.781,,0,0,1.51,27.94,1.3,5.12,1.72,0,1.04,0.68,1.88,1.65,0.24,1.89,0.52,0,0,0,0
meter-feast,3,tide-siege,w0h+l0,planner-one-mistake,100,99,0.99,6.77,0.6737,18,0,0,1.38,25.2,1.84,3.19,0.39,0.17,0.26,0.13,1.94,1.69,0.26,1.6,0.43,0,0,0,0
meter-feast,3,tide-siege,w0h0l-,random,100,5,0.05,9.98,0.96,55.821,0,0,3.7,69.91,1.83,12.07,0.45,1.22,0.28,0.17,1.69,1.47,0.3,1.14,0.26,0,0,0,0
meter-feast,3,tide-siege,w0h0l-,single-water,100,0,0,10,,70.74,0,0,4,77.62,2,13.64,0,0,0,0,1,1,0,0,0,0,0,0,0
meter-feast,3,tide-siege,w0h0l-,legacy-cycle,100,6,0.06,9.94,0.9,24.043,0,0,3.94,76.61,2,21.51,0,0,0,0,2.05,1.26,0.02,3.26,0.59,0,0,0,0
meter-feast,3,tide-siege,w0h0l-,greedy,100,100,1,7.05,0.705,,0,0,1.33,24.4,1.99,3.4,0.56,0.1,0.55,0.01,1.82,1.69,0.24,1.55,0.42,0,0,0,0
meter-feast,3,tide-siege,w0h0l-,planner,100,100,1,6.94,0.694,,0,0,1.44,26.38,1.93,1.99,0.35,0.11,0.28,0.07,1.95,1.84,0.17,1.43,0.39,0,0,0,0
meter-feast,3,tide-siege,w0h0l-,forecast-aware,100,96,0.96,8.23,0.8156,8.25,0,0,1.7,31.76,1.32,4.85,1.76,0,1.08,0.68,1.99,1.75,0.25,2.07,0.56,0,0,0,0
meter-feast,3,tide-siege,w0h0l-,planner-one-mistake,100,99,0.99,7.2,0.7172,37,0,0,1.54,28.3,1.89,4.51,0.48,0.15,0.37,0.11,2.06,1.8,0.31,1.83,0.46,0,0,0,0
meter-feast,3,tide-siege,w0h0l+,random,100,5,0.05,9.98,0.96,55.821,0,0,3.7,69.91,1.83,12.07,0.45,1.22,0.28,0.17,1.69,1.47,0.3,1.14,0.26,0,0,0,0
meter-feast,3,tide-siege,w0h0l+,single-water,100,0,0,10,,70.74,0,0,4,77.62,2,13.64,0,0,0,0,1,1,0,0,0,0,0,0,0
meter-feast,3,tide-siege,w0h0l+,legacy-cycle,100,6,0.06,9.94,0.9,24.043,0,0,3.94,76.61,2,21.51,0,0,0,0,2.05,1.26,0.02,3.26,0.59,0,0,0,0
meter-feast,3,tide-siege,w0h0l+,greedy,100,100,1,7.05,0.705,,0,0,1.33,24.4,1.99,3.4,0.56,0.1,0.55,0.01,1.82,1.69,0.24,1.55,0.42,0,0,0,0
meter-feast,3,tide-siege,w0h0l+,planner,100,100,1,6.94,0.694,,0,0,1.44,26.38,1.93,1.99,0.35,0.11,0.28,0.07,1.95,1.84,0.17,1.43,0.39,0,0,0,0
meter-feast,3,tide-siege,w0h0l+,forecast-aware,100,96,0.96,8.23,0.8156,8.25,0,0,1.7,31.76,1.32,4.85,1.76,0,1.08,0.68,1.99,1.75,0.25,2.07,0.56,0,0,0,0
meter-feast,3,tide-siege,w0h0l+,planner-one-mistake,100,99,0.99,7.2,0.7172,37,0,0,1.54,28.3,1.89,4.51,0.48,0.15,0.37,0.11,2.06,1.8,0.31,1.83,0.46,0,0,0,0
meter-feast,3,smoke-screen,w0h0l0,random,100,2,0.02,9.98,0.9,60.673,0,0,3.75,69.41,1.81,12.14,0.42,1.65,0.23,0.19,1.48,1.25,0.32,1.31,0.31,0,0,0,0
meter-feast,3,smoke-screen,w0h0l0,single-water,100,0,0,10,,67.13,0,0,4,77.85,2,15.66,0,0,0,0,1,1,0,0,0,0,0,0,0
meter-feast,3,smoke-screen,w0h0l0,legacy-cycle,100,6,0.06,9.94,0.9,24.83,0,0,3.94,76.62,2,21.41,0,0,0,0,2.09,1.32,0.06,2.84,0.76,0,0,0,0
meter-feast,3,smoke-screen,w0h0l0,greedy,100,98,0.98,7.42,0.7367,8.5,0,0,1.52,27.96,2,4.4,0.62,0.11,0.62,0,1.99,1.67,0.43,1.87,0.49,0,0,0,0
meter-feast,3,smoke-screen,w0h0l0,planner,100,100,1,6.9,0.69,,0,0,1.46,26.56,1.96,3.77,0.32,0.05,0.28,0.04,2.03,1.78,0.26,1.72,0.41,0,0,0,0
meter-feast,3,smoke-screen,w0h0l0,forecast-aware,100,99,0.99,8.64,0.8626,5,0,0,2.02,37.66,0.97,4.64,2.05,0,1.02,1.03,2.21,1.95,0.27,2.25,0.66,0,0,0,0
meter-feast,3,smoke-screen,w0h0l0,planner-one-mistake,100,100,1,7.03,0.703,,0,0,1.51,27.5,1.91,4.42,0.44,0.07,0.35,0.09,2.14,1.66,0.45,2.02,0.36,0,0,0,0
meter-feast,3,smoke-screen,w-h-l-,random,100,1,0.01,9.99,0.9,70.02,0,0,3.76,67.32,1.81,11.07,0.42,1.65,0.23,0.19,1.48,1.26,0.35,1.32,0.31,0,0,0,0
meter-feast,3,smoke-screen,w-h-l-,single-water,100,0,0,10,,85.91,0,0,4,75.6,2,15.29,0,0,0,0,1,1,0.56,0,0,0,0,0,0
meter-feast,3,smoke-screen,w-h-l-,legacy-cycle,100,0,0,10,,41.54,0,0,4,77.86,2,19.91,0,0,0,0,2.09,1.33,0.1,2.84,0.76,0,0,0,0
meter-feast,3,smoke-screen,w-h-l-,greedy,100,83,0.83,9.01,0.8807,10.412,0,0,2.19,41.24,2,4.35,1.02,0.12,1.02,0,2.05,1.89,0.33,1.31,0.4,0,0,0,0
meter-feast,3,smoke-screen,w-h-l-,planner,100,90,0.9,8.6,0.8444,27,0,0,2.23,41.62,1.95,3.57,0.72,0.08,0.67,0.05,2.25,2.1,0.2,1.84,0.6,0,0,0,0
meter-feast,3,smoke-screen,w-h-l-,forecast-aware,100,60,0.6,9.51,0.9183,13.5,0,0,2.53,48.54,0.97,4.05,2.1,0,1.07,1.03,2.29,2.11,0.2,2.56,0.69,0,0,0,0
meter-feast,3,smoke-screen,w-h-l-,planner-one-mistake,100,91,0.91,8.48,0.833,29.667,0,0,2.23,41.54,1.94,3.91,0.62,0.07,0.56,0.06,2.33,2.11,0.24,2.39,0.87,0,0,0,0
meter-feast,3,smoke-screen,w+h+l+,random,100,7,0.07,9.95,0.9286,55.075,0,0,3.72,69.91,1.81,12.83,0.42,1.65,0.23,0.19,1.47,1.24,0.28,1.3,0.31,0,0,0,0
meter-feast,3,smoke-screen,w+h+l+,single-water,100,0,0,10,,51.35,0,0,4,78,2,15.68,0,0,0,0,1,1,0,0,0,0,0,0,0
meter-feast,3,smoke-screen,w+h+l+,legacy-cycle,100,41,0.41,9.55,0.8902,14.864,0,0,3.59,68.95,2,22.1,0,0,0,0,2.09,1.27,0.07,2.74,0.76,0,0,0,0
meter-feast,3,smoke-screen,w+h+l+,greedy,100,100,1,6.43,0.643,,0,0,1.08,19.56,1.99,4.02,0.34,0.13,0.34,0,1.72,1.47,0.37,1.43,0.37,0,0,0,0
meter-feast,3,smoke-screen,w+h+l+,planner,100,100,1,6.24,0.624,,0,0,1.18,21.28,1.85,3.95,0.18,0.04,0.14,0.04,1.75,1.51,0.3,1.63,0.38,0,0,0,0
meter-feast,3,smoke-screen,w+h+l+,forecast-aware,100,100,1,7.61,0.761,,0,0,1.63,29.96,0.96,5.05,1.84,0,0.81,1.03,2.06,1.72,0.35,1.84,0.51,0,0,0,0
meter-feast,3,smoke-screen,w+h+l+,planner-one-mistake,100,100,1,6.65,0.665,,0,0,1.34,24.28,1.84,5.29,0.37,0.08,0.28,0.09,1.86,1.5,0.39,1.75,0.33,0,0,0,0
meter-feast,3,smoke-screen,w-h0l0,random,100,1,0.01,9.99,0.9,65.768,0,0,3.76,68.66,1.81,11.54,0.42,1.65,0.23,0.19,1.48,1.26,0.33,1.32,0.31,0,0,0,0
meter-feast,3,smoke-screen,w-h0l0,single-water,100,0,0,10,,85.91,0,0,4,75.6,2,15.29,0,0,0,0,1,1,0.56,0,0,0,0,0,0
meter-feast,3,smoke-screen,w-h0l0,legacy-cycle,100,3,0.03,9.97,0.9,34.021,0,0,3.97,77.26,2,20.19,0,0,0,0,2.09,1.33,0.05,2.84,0.76,0,0,0,0
meter-feast,3,smoke-screen,w-h0l0,greedy,100,94,0.94,8.36,0.8255,9.167,0,0,1.92,35.74,2,5.39,0.87,0.12,0.87,0,2.07,1.86,0.39,1.4,0.42,0,0,0,0
meter-feast,3,smoke-screen,w-h0l0,planner,100,98,0.98,8.11,0.8071,27,0,0,2.02,37.32,1.93,3.52,0.59,0.17,0.52,0.07,2.21,2.08,0.21,1.66,0.51,0,0,0,0
meter-feast,3,smoke-screen,w-h0l0,forecast-aware,100,81,0.81,9.16,0.8963,11.947,0,0,2.29,43.36,0.97,4.53,2.07,0,1.04,1.03,2.22,2.03,0.21,2.42,0.68,0,0,0,0
meter-feast,3,smoke-screen,w-h0l0,planner-one-mistake,100,97,0.97,8.22,0.8165,31.667,0,0,2.11,39.12,1.93,3.75,0.57,0.15,0.5,0.07,2.32,2.1,0.25,1.81,0.6,0,0,0,0
meter-feast,3,smoke-screen,w+h0l0,random,100,6,0.06,9.95,0.9167,58.138,0,0,3.72,69.29,1.81,12.51,0.42,1.65,0.23,0.19,1.47,1.24,0.29,1.3,0.31,0,0,0,0
meter-feast,3,smoke-screen,w+h0l0,single-water,100,0,0,10,,51.35,0,0,4,78,2,15.68,0,0,0,0,1,1,0,0,0,0,0,0,0
meter-feast,3,smoke-screen,w+h0l0,legacy-cycle,100,18,0.18,9.79,0.8833,18.793,0,0,3.82,74,2,22.02,0,0,0,0,2.09,1.29,0.09,2.84,0.76,0,0,0,0
meter-feast,3,smoke-screen,w+h0l0,greedy,100,99,0.99,6.82,0.6788,8,0,0,1.25,22.76,1.98,4.25,0.48,0.08,0.48,0,1.79,1.46,0.44,1.54,0.44,0,0,0,0
meter-feast,3,smoke-screen,w+h0l0,planner,100,100,1,6.68,0.668,,0,0,1.38,25,1.9,4.21,0.31,0.03,0.28,0.03,1.87,1.62,0.32,1.59,0.37,0,0,0,0
meter-feast,3,smoke-screen,w+h0l0,forecast-aware,100,100,1,8.2,0.82,,0,0,1.87,34.68,0.96,4.93,1.97,0,0.94,1.03,2.14,1.85,0.3,2.09,0.62,0,0,0,0
meter-feast,3,smoke-screen,w+h0l0,planner-one-mistake,100,100,1,6.73,0.673,,0,0,1.39,25.22,1.86,3.83,0.37,0.05,0.29,0.08,1.96,1.47,0.48,1.88,0.34,0,0,0,0
meter-feast,3,smoke-screen,w0h-l0,random,100,1,0.01,9.99,0.9,64.404,0,0,3.76,68.43,1.81,11.67,0.42,1.65,0.23,0.19,1.48,1.26,0.33,1.32,0.31,0,0,0,0
meter-feast,3,smoke-screen,w0h-l0,single-water,100,0,0,10,,67.13,0,0,4,77.85,2,15.66,0,0,0,0,1,1,0,0,0,0,0,0,0
meter-feast,3,smoke-screen,w0h-l0,legacy-cycle,100,4,0.04,9.96,0.9,33.188,0,0,3.96,77.04,2,21.13,0,0,0,0,2.09,1.33,0.1,2.84,0.76,0,0,0,0
meter-feast,3,smoke-screen,w0h-l0,greedy,100,96,0.96,8.05,0.7969,13,0,0,1.75,32.38,2,4.41,0.83,0.12,0.83,0,1.98,1.79,0.38,1.59,0.5,0,0,0,0
meter-feast,3,smoke-screen,w0h-l0,planner,100,100,1,7.49,0.749,,0,0,1.75,32.08,1.97,3.65,0.42,0.07,0.39,0.03,2.2,1.95,0.3,1.82,0.52,0,0,0,0
meter-feast,3,smoke-screen,w0h-l0,forecast-aware,100,83,0.83,9.08,0.8892,7.941,0,0,2.24,42.32,0.97,4.18,2.09,0,1.06,1.03,2.24,2.03,0.22,2.37,0.66,0,0,0,0
meter-feast,3,smoke-screen,w0h-l0,planner-one-mistake,100,98,0.98,7.69,0.7643,25.5,0,0,1.87,34.48,1.93,4.51,0.49,0.11,0.42,0.07,2.2,1.95,0.25,2.17,0.58,0,0,0,0
meter-feast,3,smoke-screen,w0h+l0,random,100,4,0.04,9.97,0.925,58.313,0,0,3.74,69.87,1.81,12.46,0.42,1.65,0.23,0.19,1.47,1.25,0.3,1.31,0.31,0,0,0,0
meter-feast,3,smoke-screen,w0h+l0,single-water,100,0,0,10,,67.13,0,0,4,77.85,2,15.66,0,0,0,0,1,1,0,0,0,0,0,0,0
meter-feast,3,smoke-screen,w0h+l0,legacy-cycle,100,17,0.17,9.83,0.9,19.759,0,0,3.83,74.21,2,21.49,0,0,0,0,2.09,1.32,0.02,2.84,0.76,0,0,0,0
meter-feast,3,smoke-screen,w0h+l0,greedy,100,100,1,7.06,0.706,,0,0,1.39,25.42,1.99,5.44,0.49,0.1,0.48,0.01,1.74,1.52,0.31,1.43,0.38,0,0,0,0
meter-feast,3,smoke-screen,w0h+l0,planner,100,100,1,6.54,0.654,,0,0,1.28,23.18,1.91,4.5,0.32,0.07,0.25,0.07,1.9,1.71,0.24,1.51,0.45,0,0,0,0
meter-feast,3,smoke-screen,w0h+l0,forecast-aware,100,100,1,8.1,0.81,,0,0,1.81,33.44,0.97,4.88,1.99,0,0.96,1.03,2.09,1.83,0.27,1.99,0.57,0,0,0,0
meter-feast,3,smoke-screen,w0h+l0,planner-one-mistake,100,99,0.99,6.79,0.6758,25,0,0,1.38,25.16,1.92,4.27,0.31,0.16,0.26,0.05,1.95,1.67,0.29,1.89,0.58,0,0,0,0
meter-feast,3,smoke-screen,w0h0l-,random,100,2,0.02,9.98,0.9,60.673,0,0,3.75,69.41,1.81,12.14,0.42,1.65,0.23,0.19,1.48,1.25,0.32,1.31,0.31,0,0,0,0
meter-feast,3,smoke-screen,w0h0l-,single-water,100,0,0,10,,67.13,0,0,4,77.85,2,15.66,0,0,0,0,1,1,0,0,0,0,0,0,0
meter-feast,3,smoke-screen,w0h0l-,legacy-cycle,100,6,0.06,9.94,0.9,24.83,0,0,3.94,76.62,2,21.41,0,0,0,0,2.09,1.32,0.06,2.84,0.76,0,0,0,0
meter-feast,3,smoke-screen,w0h0l-,greedy,100,98,0.98,7.42,0.7367,8.5,0,0,1.52,27.96,2,4.4,0.62,0.11,0.62,0,1.99,1.67,0.43,1.87,0.49,0,0,0,0
meter-feast,3,smoke-screen,w0h0l-,planner,100,100,1,6.9,0.69,,0,0,1.46,26.56,1.96,3.77,0.32,0.05,0.28,0.04,2.03,1.78,0.26,1.72,0.41,0,0,0,0
meter-feast,3,smoke-screen,w0h0l-,forecast-aware,100,99,0.99,8.64,0.8626,5,0,0,2.02,37.66,0.97,4.64,2.05,0,1.02,1.03,2.21,1.95,0.27,2.25,0.66,0,0,0,0
meter-feast,3,smoke-screen,w0h0l-,planner-one-mistake,100,100,1,7.03,0.703,,0,0,1.51,27.5,1.91,4.42,0.44,0.07,0.35,0.09,2.14,1.66,0.45,2.02,0.36,0,0,0,0
meter-feast,3,smoke-screen,w0h0l+,random,100,2,0.02,9.98,0.9,60.673,0,0,3.75,69.41,1.81,12.14,0.42,1.65,0.23,0.19,1.48,1.25,0.32,1.31,0.31,0,0,0,0
meter-feast,3,smoke-screen,w0h0l+,single-water,100,0,0,10,,67.13,0,0,4,77.85,2,15.66,0,0,0,0,1,1,0,0,0,0,0,0,0
meter-feast,3,smoke-screen,w0h0l+,legacy-cycle,100,6,0.06,9.94,0.9,24.83,0,0,3.94,76.62,2,21.41,0,0,0,0,2.09,1.32,0.06,2.84,0.76,0,0,0,0
meter-feast,3,smoke-screen,w0h0l+,greedy,100,98,0.98,7.42,0.7367,8.5,0,0,1.52,27.96,2,4.4,0.62,0.11,0.62,0,1.99,1.67,0.43,1.87,0.49,0,0,0,0
meter-feast,3,smoke-screen,w0h0l+,planner,100,100,1,6.9,0.69,,0,0,1.46,26.56,1.96,3.77,0.32,0.05,0.28,0.04,2.03,1.78,0.26,1.72,0.41,0,0,0,0
meter-feast,3,smoke-screen,w0h0l+,forecast-aware,100,99,0.99,8.64,0.8626,5,0,0,2.02,37.66,0.97,4.64,2.05,0,1.02,1.03,2.21,1.95,0.27,2.25,0.66,0,0,0,0
meter-feast,3,smoke-screen,w0h0l+,planner-one-mistake,100,100,1,7.03,0.703,,0,0,1.51,27.5,1.91,4.42,0.44,0.07,0.35,0.09,2.14,1.66,0.45,2.02,0.36,0,0,0,0
mirror-shade,4,tide-siege,w0h0l0,random,100,1,0.01,10,1,66.495,0,0,2.8,52.16,6.63,24.97,0.56,1.11,0.2,0.36,0.76,0.53,0.36,1.15,0,0,0,0,0
mirror-shade,4,tide-siege,w0h0l0,single-water,100,0,0,10,,94.87,0,0,3,40.11,7,67.67,0,0,0,0,1,1,0.49,0,0,0,0,0,0
mirror-shade,4,tide-siege,w0h0l0,legacy-cycle,100,0,0,10,,52.02,0,0,3,59.5,7,44.38,0,0,0,0,0.43,0.12,0.35,3.26,0,0,0,0,0
mirror-shade,4,tide-siege,w0h0l0,greedy,100,98,0.98,8.54,0.851,8.5,0,0,1.46,27.9,5.49,2.18,0.66,0.31,0.6,0.06,1.13,0.86,0.29,2.01,0,0,0,0,0
mirror-shade,4,tide-siege,w0h0l0,planner,100,100,1,8.46,0.846,,0,0,1.49,28.4,5.46,2.1,0.54,0.12,0.47,0.07,1.27,0.95,0.32,2.45,0,0,0,0,0
mirror-shade,4,tide-siege,w0h0l0,forecast-aware,100,79,0.79,9.32,0.9139,10.905,0,0,1.65,32.06,4.56,4.4,2.38,0,0.88,1.5,1.3,0.82,0.49,2.42,0,0,0,0,0
mirror-shade,4,tide-siege,w0h0l0,planner-one-mistake,100,96,0.96,8.54,0.8479,29,0,0,1.52,29.06,5.4,2.74,0.67,0.28,0.49,0.18,1.32,0.92,0.4,2.39,0,0,0,0,0
mirror-shade,4,tide-siege,w-h-l-,random,100,0,0,10,,73.81,0,0,2.8,50.41,6.64,22.72,0.56,1.11,0.2,0.36,0.76,0.53,0.36,1.15,0,0,0,0,0
mirror-shade,4,tide-siege,w-h-l-,single-water,100,0,0,10,,94.87,0,0,3,40.11,7,67.67,0,0,0,0,1,1,0.49,0,0,0,0,0,0
mirror-shade,4,tide-siege,w-h-l-,legacy-cycle,100,0,0,10,,64.68,0,0,3,59.21,7,41.94,0,0,0,0,0.43,0.12,0.35,3.26,0,0,0,0,0
mirror-shade,4,tide-siege,w-h-l-,greedy,100,76,0.76,9.15,0.8882,12,0,0,1.68,32.76,5.88,3.14,0.84,0.31,0.7,0.14,1.45,1.12,0.36,1.87,0,0,0,0,0
mirror-shade,4,tide-siege,w-h-l-,planner,100,83,0.83,9.01,0.8807,30.294,0,0,1.72,33.46,5.81,2.58,0.65,0.19,0.58,0.07,1.49,1.15,0.38,2.34,0,0,0,0,0
mirror-shade,4,tide-siege,w-h-l-,forecast-aware,100,38,0.38,9.73,0.9289,16.161,0,0,1.88,37.12,4.99,3.76,2.5,0,0.9,1.6,1.43,0.92,0.52,2.49,0,0,0,0,0
mirror-shade,4,tide-siege,w-h-l-,planner-one-mistake,100,78,0.78,9.17,0.8936,33.409,0,0,1.8,35.12,5.86,3.36,0.74,0.23,0.56,0.18,1.52,1.05,0.5,2.72,0,0,0,0,0
mirror-shade,4,tide-siege,w+h+l+,random,100,3,0.03,9.98,0.9333,59.691,0,0,2.79,52.93,6.62,26.39,0.55,1.1,0.2,0.35,0.76,0.52,0.35,1.15,0,0,0,0,0
mirror-shade,4,tide-siege,w+h+l+,single-water,100,0,0,10,,94.87,0,0,3,40.11,7,67.67,0,0,0,0,1,1,0.49,0,0,0,0,0,0
mirror-shade,4,tide-siege,w+h+l+,legacy-cycle,100,0,0,10,,40.33,0,0,3,59.72,7,46.53,0,0,0,0,0.43,0.12,0.35,3.26,0,0,0,0,0
mirror-shade,4,tide-siege,w+h+l+,greedy,100,100,1,7.69,0.769,,0,0,1.22,23,4.85,2.75,0.65,0.27,0.57,0.08,1.01,0.66,0.38,1.68,0,0,0,0,0
mirror-shade,4,tide-siege,w+h+l+,planner,100,100,1,7.6,0.76,,0,0,1.34,25.32,4.77,1.82,0.51,0.18,0.43,0.08,1.09,0.74,0.35,1.97,0,0,0,0,0
mirror-shade,4,tide-siege,w+h+l+,forecast-aware,100,99,0.99,8.7,0.8687,2,0,0,1.41,26.82,4.19,4.44,2.23,0,0.8,1.43,1.05,0.69,0.37,2.29,0,0,0,0,0
mirror-shade,4,tide-siege,w+h+l+,planner-one-mistake,100,100,1,7.77,0.777,,0,0,1.41,26.72,4.78,2.95,0.59,0.22,0.44,0.15,0.96,0.7,0.26,2.32,0,0,0,0,0
mirror-shade,4,tide-siege,w-h0l0,random,100,1,0.01,10,1,66.495,0,0,2.8,52.16,6.63,24.97,0.56,1.11,0.2,0.36,0.76,0.53,0.36,1.15,0,0,0,0,0
mirror-shade,4,tide-siege,w-h0l0,single-water,100,0,0,10,,94.87,0,0,3,40.11,7,67.67,0,0,0,0,1,1,0.49,0,0,0,0,0,0
mirror-shade,4,tide-siege,w-h0l0,legacy-cycle,100,0,0,10,,52.02,0,0,3,59.5,7,44.38,0,0,0,0,0.43,0.12,0.35,3.26,0,0,0,0,0
mirror-shade,4,tide-siege,w-h0l0,greedy,100,98,0.98,8.54,0.851,8.5,0,0,1.46,27.9,5.49,2.18,0.66,0.31,0.6,0.06,1.13,0.86,0.29,2.01,0,0,0,0,0
mirror-shade,4,tide-siege,w-h0l0,planner,100,100,1,8.46,0.846,,0,0,1.49,28.4,5.46,2.1,0.54,0.12,0.47,0.07,1.27,0.95,0.32,2.45,0,0,0,0,0
mirror-shade,4,tide-siege,w-h0l0,forecast-aware,100,79,0.79,9.32,0.9139,10.905,0,0,1.65,32.06,4.56,4.4,2.38,0,0.88,1.5,1.3,0.82,0.49,2.42,0,0,0,0,0
mirror-shade,4,tide-siege,w-h0l0,planner-one-mistake,100,96,0.96,8.54,0.8479,29,0,0,1.52,29.06,5.4,2.74,0.67,0.28,0.49,0.18,1.32,0.92,0.4,2.39,0,0,0,0,0
mirror-shade,4,tide-siege,w+h0l0,random,100,1,0.01,10,1,66.495,0,0,2.8,52.16,6.63,24.97,0.56,1.11,0.2,0.36,0.76,0.53,0.36,1.15,0,0,0,0,0
mirror-shade,4,tide-siege,w+h0l0,single-water,100,0,0,10,,94.87,0,0,3,40.11,7,67.67,0,0,0,0,1,1,0.49,0,0,0,0,0,0
mirror-shade,4,tide-siege,w+h0l0,legacy-cycle,100,0,0,10,,52.02,0,0,3,59.5,7,44.38,0,0,0,0,0.43,0.12,0.35,3.26,0,0,0,0,0
mirror-shade,4,tide-siege,w+h0l0,greedy,100,98,0.98,8.54,0.851,8.5,0,0,1.46,27.9,5.49,2.18,0.66,0.31,0.6,0.06,1.13,0.86,0.29,2.01,0,0,0,0,0
mirror-shade,4,tide-siege,w+h0l0,planner,100,100,1,8.46,0.846,,0,0,1.49,28.4,5.46,2.1,0.54,0.12,0.47,0.07,1.27,0.95,0.32,2.45,0,0,0,0,0
mirror-shade,4,tide-siege,w+h0l0,forecast-aware,100,79,0.79,9.32,0.9139,10.905,0,0,1.65,32.06,4.56,4.4,2.38,0,0.88,1.5,1.3,0.82,0.49,2.42,0,0,0,0,0
mirror-shade,4,tide-siege,w+h0l0,planner-one-mistake,100,96,0.96,8.54,0.8479,29,0,0,1.52,29.06,5.4,2.74,0.67,0.28,0.49,0.18,1.32,0.92,0.4,2.39,0,0,0,0,0
mirror-shade,4,tide-siege,w0h-l0,random,100,1,0.01,10,1,70.525,0,0,2.8,51.23,6.63,24.05,0.56,1.11,0.2,0.36,0.76,0.53,0.36,1.15,0,0,0,0,0
mirror-shade,4,tide-siege,w0h-l0,single-water,100,0,0,10,,94.87,0,0,3,40.11,7,67.67,0,0,0,0,1,1,0.49,0,0,0,0,0,0
mirror-shade,4,tide-siege,w0h-l0,legacy-cycle,100,0,0,10,,59.23,0,0,3,59.34,7,43.6,0,0,0,0,0.43,0.12,0.35,3.26,0,0,0,0,0
mirror-shade,4,tide-siege,w0h-l0,greedy,100,90,0.9,8.88,0.8756,9.5,0,0,1.56,30.08,5.66,3.18,0.76,0.29,0.63,0.13,1.3,1,0.31,1.8,0,0,0,0,0
mirror-shade,4,tide-siege,w0h-l0,planner,100,98,0.98,8.61,0.8582,26.5,0,0,1.51,28.92,5.54,2.22,0.61,0.13,0.54,0.07,1.35,1.01,0.32,2.31,0,0,0,0,0
mirror-shade,4,tide-siege,w0h-l0,forecast-aware,100,56,0.56,9.56,0.9214,13.455,0,0,1.78,34.92,4.79,4.21,2.47,0,0.89,1.58,1.38,0.86,0.53,2.47,0,0,0,0,0
mirror-shade,4,tide-siege,w0h-l0,planner-one-mistake,100,91,0.91,8.89,0.878,32.667,0,0,1.66,32,5.65,3.31,0.67,0.24,0.49,0.18,1.39,0.93,0.43,2.6,0,0,0,0,0
mirror-shade,4,tide-siege,w0h+l0,random,100,2,0.02,9.99,0.95,63.245,0,0,2.8,52.66,6.62,25.54,0.56,1.1,0.2,0.36,0.76,0.53,0.34,1.15,0,0,0,0,0
mirror-shade,4,tide-siege,w0h+l0,single-water,100,0,0,10,,94.87,0,0,3,40.11,7,67.67,0,0,0,0,1,1,0.49,0,0,0,0,0,0
mirror-shade,4,tide-siege,w0h+l0,legacy-cycle,100,0,0,10,,45.69,0,0,3,59.66,7,45.09,0,0,0,0,0.43,0.12,0.35,3.26,0,0,0,0,0
mirror-shade,4,tide-siege,w0h+l0,greedy,100,99,0.99,8.15,0.8131,13,0,0,1.32,25.06,5.19,2.79,0.69,0.35,0.6,0.09,1.06,0.78,0.3,1.84,0,0,0,0,0
mirror-shade,4,tide-siege,w0h+l0,planner,100,100,1,8.01,0.801,,0,0,1.43,27.14,5.06,1.69,0.54,0.15,0.43,0.11,1.27,0.91,0.35,2.16,0,0,0,0,0
mirror-shade,4,tide-siege,w0h+l0,forecast-aware,100,90,0.9,9.05,0.8944,7.6,0,0,1.53,29.42,4.39,4.34,2.32,0,0.85,1.47,1.21,0.76,0.45,2.37,0,0,0,0,0
mirror-shade,4,tide-siege,w0h+l0,planner-one-mistake,100,99,0.99,8.23,0.8212,33,0,0,1.48,28.16,5.18,3.79,0.59,0.28,0.44,0.15,1.1,0.83,0.27,2.38,0,0,0,0,0
mirror-shade,4,tide-siege,w0h0l-,random,100,1,0.01,10,1,70.556,0,0,2.8,51.43,6.63,23.64,0.56,1.11,0.2,0.36,0.76,0.53,0.36,1.15,0,0,0,0,0
mirror-shade,4,tide-siege,w0h0l-,single-water,100,0,0,10,,94.87,0,0,3,40.11,7,67.67,0,0,0,0,1,1,0.49,0,0,0,0,0,0
mirror-shade,4,tide-siege,w0h0l-,legacy-cycle,100,0,0,10,,57.52,0,0,3,59.38,7,42.72,0,0,0,0,0.43,0.12,0.35,3.26,0,0,0,0,0
mirror-shade,4,tide-siege,w0h0l-,greedy,100,93,0.93,8.87,0.8785,8,0,0,1.55,29.94,5.64,2.84,0.78,0.33,0.68,0.1,1.33,1.04,0.32,1.86,0,0,0,0,0
mirror-shade,4,tide-siege,w0h0l-,planner,100,95,0.95,8.62,0.8547,27.2,0,0,1.54,29.58,5.55,2.38,0.58,0.15,0.52,0.06,1.32,1.01,0.28,2.38,0,0,0,0,0
mirror-shade,4,tide-siege,w0h0l-,forecast-aware,100,62,0.62,9.54,0.9258,13.526,0,0,1.76,34.48,4.76,3.95,2.46,0,0.89,1.57,1.35,0.87,0.49,2.48,0,0,0,0,0
mirror-shade,4,tide-siege,w0h0l-,planner-one-mistake,100,86,0.86,8.79,0.8593,29.714,0,0,1.64,31.74,5.58,2.57,0.71,0.33,0.55,0.16,1.38,1.01,0.38,2.25,0,0,0,0,0
mirror-shade,4,tide-siege,w0h0l+,random,100,2,0.02,9.99,0.95,63.02,0,0,2.79,52.51,6.63,25.82,0.55,1.11,0.2,0.35,0.76,0.52,0.37,1.15,0,0,0,0,0
mirror-shade,4,tide-siege,w0h0l+,single-water,100,0,0,10,,94.87,0,0,3,40.11,7,67.67,0,0,0,0,1,1,0.49,0,0,0,0,0,0
mirror-shade,4,tide-siege,w0h0l+,legacy-cycle,100,0,0,10,,46.54,0,0,3,59.62,7,45.82,0,0,0,0,0.43,0.12,0.35,3.26,0,0,0,0,0
mirror-shade,4,tide-siege,w0h0l+,greedy,100,99,0.99,8.3,0.8283,29,0,0,1.44,27.3,5.31,3.15,0.58,0.29,0.49,0.09,1.09,0.77,0.32,1.86,0,0,0,0,0
mirror-shade,4,tide-siege,w0h0l+,planner,100,100,1,8.19,0.819,,0,0,1.49,28.22,5.22,3.22,0.49,0.16,0.42,0.07,1.21,0.86,0.35,2.33,0,0,0,0,0
mirror-shade,4,tide-siege,w0h0l+,forecast-aware,100,90,0.9,9.04,0.8933,6.8,0,0,1.53,29.42,4.39,4.62,2.31,0,0.85,1.46,1.18,0.76,0.42,2.37,0,0,0,0,0
mirror-shade,4,tide-siege,w0h0l+,planner-one-mistake,100,99,0.99,8.3,0.8283,23,0,0,1.49,28.28,5.19,4.36,0.63,0.22,0.45,0.18,1.24,0.88,0.37,2.38,0,0,0,0,0
mirror-shade,4,smoke-screen,w0h0l0,random,100,1,0.01,9.99,0.9,71.505,0,0,2.72,48.93,6.66,26.79,0.6,1.47,0.27,0.33,0.63,0.45,0.26,1.34,0,0,0,0,0
mirror-shade,4,smoke-screen,w0h0l0,single-water,100,0,0,10,,94.84,0,0,3,37.7,7,76.06,0,0,0,0,1,1,0.77,0,0,0,0,0,0
mirror-shade,4,smoke-screen,w0h0l0,legacy-cycle,100,0,0,10,,55.05,0,0,3,58.13,7,48.51,0,0,0,0,0.52,0.18,0.42,2.84,0,0,0,0,0
mirror-shade,4,smoke-screen,w0h0l0,greedy,100,99,0.99,8.55,0.8535,15,0,0,1.27,24.08,5.44,3.89,0.88,0.29,0.8,0.08,1.09,0.83,0.26,1.96,0,0,0,0,0
mirror-shade,4,smoke-screen,w0h0l0,planner,100,100,1,8.41,0.841,,0,0,1.37,25.92,5.38,2.02,0.68,0.19,0.6,0.08,1.14,0.89,0.25,2.58,0,0,0,0,0
mirror-shade,4,smoke-screen,w0h0l0,forecast-aware,100,72,0.72,9.3,0.9028,15.643,0,0,1.5,29.1,4.39,4.89,2.72,0,1.03,1.69,1.17,0.78,0.42,2.35,0,0,0,0,0
mirror-shade,4,smoke-screen,w0h0l0,planner-one-mistake,100,99,0.99,8.55,0.8535,23,0,0,1.36,25.84,5.45,3.61,0.76,0.31,0.64,0.12,1.09,0.83,0.26,2.52,0,0,0,0,0
mirror-shade,4,smoke-screen,w-h-l-,random,100,0,0,10,,78,0,0,2.73,47.5,6.67,24.62,0.6,1.47,0.27,0.33,0.63,0.45,0.26,1.34,0,0,0,0,0
mirror-shade,4,smoke-screen,w-h-l-,single-water,100,0,0,10,,94.84,0,0,3,37.7,7,76.06,0,0,0,0,1,1,0.77,0,0,0,0,0,0
mirror-shade,4,smoke-screen,w-h-l-,legacy-cycle,100,0,0,10,,66.02,0,0,3,57.38,7,45.33,0,0,0,0,0.52,0.18,0.42,2.84,0,0,0,0,0
mirror-shade,4,smoke-screen,w-h-l-,greedy,100,73,0.73,9.07,0.8726,12.185,0,0,1.44,27.88,5.9,4.32,1.03,0.16,0.92,0.11,1.46,1,0.43,1.94,0,0,0,0,0
mirror-shade,4,smoke-screen,w-h-l-,planner,100,86,0.86,8.97,0.8802,29.071,0,0,1.47,28.34,5.8,2.69,0.84,0.11,0.77,0.07,1.38,0.99,0.4,2.61,0,0,0,0,0
mirror-shade,4,smoke-screen,w-h-l-,forecast-aware,100,36,0.36,9.75,0.9306,20.047,0,0,1.71,33.72,4.87,4.42,2.81,0,1.06,1.75,1.28,0.91,0.42,2.47,0,0,0,0,0
mirror-shade,4,smoke-screen,w-h-l-,planner-one-mistake,100,81,0.81,9.14,0.8938,30.263,0,0,1.54,29.9,5.89,4.2,0.9,0.28,0.76,0.14,1.35,0.96,0.42,2.72,0,0,0,0,0
mirror-shade,4,smoke-screen,w+h+l+,random,100,3,0.03,9.95,0.8333,65.247,0,0,2.7,49.6,6.62,28.22,0.6,1.46,0.27,0.33,0.63,0.45,0.25,1.32,0,0,0,0,0
mirror-shade,4,smoke-screen,w+h+l+,single-water,100,0,0,10,,94.84,0,0,3,37.7,7,76.06,0,0,0,0,1,1,0.77,0,0,0,0,0,0
mirror-shade,4,smoke-screen,w+h+l+,legacy-cycle,100,0,0,10,,44.78,0,0,3,58.72,7,51.07,0,0,0,0,0.52,0.18,0.42,2.84,0,0,0,0,0
mirror-shade,4,smoke-screen,w+h+l+,greedy,100,100,1,7.77,0.777,,0,0,1.16,21.8,4.81,2.71,0.84,0.31,0.73,0.11,0.95,0.65,0.3,1.54,0,0,0,0,0
mirror-shade,4,smoke-screen,w+h+l+,planner,100,100,1,7.53,0.753,,0,0,1.26,23.7,4.71,1.12,0.58,0.19,0.53,0.05,0.97,0.63,0.34,1.95,0,0,0,0,0
mirror-shade,4,smoke-screen,w+h+l+,forecast-aware,100,93,0.93,8.67,0.857,14.429,0,0,1.29,24.5,4.02,4.86,2.54,0,0.93,1.61,1.01,0.61,0.4,2.2,0,0,0,0,0
mirror-shade,4,smoke-screen,w+h+l+,planner-one-mistake,100,100,1,7.88,0.788,,0,0,1.29,24.36,4.95,2.64,0.64,0.31,0.58,0.06,0.84,0.59,0.25,2.1,0,0,0,0,0
mirror-shade,4,smoke-screen,w-h0l0,random,100,1,0.01,9.99,0.9,71.505,0,0,2.72,48.93,6.66,26.79,0.6,1.47,0.27,0.33,0.63,0.45,0.26,1.34,0,0,0,0,0
mirror-shade,4,smoke-screen,w-h0l0,single-water,100,0,0,10,,94.84,0,0,3,37.7,7,76.06,0,0,0,0,1,1,0.77,0,0,0,0,0,0
mirror-shade,4,smoke-screen,w-h0l0,legacy-cycle,100,0,0,10,,55.05,0,0,3,58.13,7,48.51,0,0,0,0,0.52,0.18,0.42,2.84,0,0,0,0,0
mirror-shade,4,smoke-screen,w-h0l0,greedy,100,99,0.99,8.55,0.8535,15,0,0,1.27,24.08,5.44,3.89,0.88,0.29,0.8,0.08,1.09,0.83,0.26,1.96,0,0,0,0,0
mirror-shade,4,smoke-screen,w-h0l0,planner,100,100,1,8.41,0.841,,0,0,1.37,25.92,5.38,2.02,0.68,0.19,0.6,0.08,1.14,0.89,0.25,2.58,0,0,0,0,0
mirror-shade,4,smoke-screen,w-h0l0,forecast-aware,100,72,0.72,9.3,0.9028,15.643,0,0,1.5,29.1,4.39,4.89,2.72,0,1.03,1.69,1.17,0.78,0.42,2.35,0,0,0,0,0
mirror-shade,4,smoke-screen,w-h0l0,planner-one-mistake,100,99,0.99,8.55,0.8535,23,0,0,1.36,25.84,5.45,3.61,0.76,0.31,0.64,0.12,1.09,0.83,0.26,2.52,0,0,0,0,0
mirror-shade,4,smoke-screen,w+h0l0,random,100,1,0.01,9.99,0.9,71.505,0,0,2.72,48.93,6.66,26.79,0.6,1.47,0.27,0.33,0.63,0.45,0.26,1.34,0,0,0,0,0
mirror-shade,4,smoke-screen,w+h0l0,single-water,100,0,0,10,,94.84,0,0,3,37.7,7,76.06,0,0,0,0,1,1,0.77,0,0,0,0,0,0
mirror-shade,4,smoke-screen,w+h0l0,legacy-cycle,100,0,0,10,,55.05,0,0,3,58.13,7,48.51,0,0,0,0,0.52,0.18,0.42,2.84,0,0,0,0,0
mirror-shade,4,smoke-screen,w+h0l0,greedy,100,99,0.99,8.55,0.8535,15,0,0,1.27,24.08,5.44,3.89,0.88,0.29,0.8,0.08,1.09,0.83,0.26,1.96,0,0,0,0,0
mirror-shade,4,smoke-screen,w+h0l0,planner,100,100,1,8.41,0.841,,0,0,1.37,25.92,5.38,2.02,0.68,0.19,0.6,0.08,1.14,0.89,0.25,2.58,0,0,0,0,0
mirror-shade,4,smoke-screen,w+h0l0,forecast-aware,100,72,0.72,9.3,0.9028,15.643,0,0,1.5,29.1,4.39,4.89,2.72,0,1.03,1.69,1.17,0.78,0.42,2.35,0,0,0,0,0
mirror-shade,4,smoke-screen,w+h0l0,planner-one-mistake,100,99,0.99,8.55,0.8535,23,0,0,1.36,25.84,5.45,3.61,0.76,0.31,0.64,0.12,1.09,0.83,0.26,2.52,0,0,0,0,0
mirror-shade,4,smoke-screen,w0h-l0,random,100,0,0,10,,74.24,0,0,2.73,48.17,6.67,26.25,0.6,1.47,0.27,0.33,0.63,0.45,0.26,1.34,0,0,0,0,0
mirror-shade,4,smoke-screen,w0h-l0,single-water,100,0,0,10,,94.84,0,0,3,37.7,7,76.06,0,0,0,0,1,1,0.77,0,0,0,0,0,0
mirror-shade,4,smoke-screen,w0h-l0,legacy-cycle,100,0,0,10,,61.05,0,0,3,57.69,7,47.33,0,0,0,0,0.52,0.18,0.42,2.84,0,0,0,0,0
mirror-shade,4,smoke-screen,w0h-l0,greedy,100,89,0.89,8.84,0.8697,9.364,0,0,1.3,24.8,5.69,2.63,1.01,0.27,0.92,0.09,1.34,0.94,0.39,1.85,0,0,0,0,0
mirror-shade,4,smoke-screen,w0h-l0,planner,100,97,0.97,8.69,0.8649,24.333,0,0,1.41,26.92,5.57,3.02,0.75,0.09,0.66,0.09,1.33,0.96,0.37,2.47,0,0,0,0,0
mirror-shade,4,smoke-screen,w0h-l0,forecast-aware,100,50,0.5,9.59,0.918,17.24,0,0,1.66,32.62,4.66,4.81,2.77,0,1.04,1.73,1.25,0.86,0.43,2.42,0,0,0,0,0
mirror-shade,4,smoke-screen,w0h-l0,planner-one-mistake,100,95,0.95,8.92,0.8863,25.6,0,0,1.47,28.32,5.7,4.74,0.82,0.27,0.69,0.13,1.36,0.98,0.39,2.59,0,0,0,0,0
mirror-shade,4,smoke-screen,w0h+l0,random,100,1,0.01,9.98,0.8,68.061,0,0,2.72,49.62,6.65,27.12,0.6,1.47,0.27,0.33,0.63,0.45,0.25,1.33,0,0,0,0,0
mirror-shade,4,smoke-screen,w0h+l0,single-water,100,0,0,10,,94.84,0,0,3,37.7,7,76.06,0,0,0,0,1,1,0.77,0,0,0,0,0,0
mirror-shade,4,smoke-screen,w0h+l0,legacy-cycle,100,0,0,10,,49.59,0,0,3,58.55,7,49.43,0,0,0,0,0.52,0.18,0.42,2.84,0,0,0,0,0
mirror-shade,4,smoke-screen,w0h+l0,greedy,100,98,0.98,8.08,0.8041,7.5,0,0,1.21,22.84,5.06,2.56,0.88,0.34,0.75,0.13,1.03,0.76,0.27,1.72,0,0,0,0,0
mirror-shade,4,smoke-screen,w0h+l0,planner,100,100,1,7.9,0.79,,0,0,1.26,23.7,5.03,1.4,0.62,0.2,0.57,0.05,1.14,0.78,0.36,2.15,0,0,0,0,0
mirror-shade,4,smoke-screen,w0h+l0,forecast-aware,100,84,0.84,8.99,0.8798,13.813,0,0,1.38,26.46,4.23,4.74,2.63,0,0.99,1.64,1.08,0.73,0.37,2.26,0,0,0,0,0
mirror-shade,4,smoke-screen,w0h+l0,planner-one-mistake,100,100,1,8.18,0.818,,0,0,1.28,24.18,5.15,2.32,0.77,0.3,0.65,0.12,1.02,0.69,0.33,2.32,0,0,0,0,0
mirror-shade,4,smoke-screen,w0h0l-,random,100,1,0.01,9.99,0.9,75.384,0,0,2.72,48.39,6.66,25.16,0.6,1.47,0.27,0.33,0.63,0.45,0.26,1.34,0,0,0,0,0
mirror-shade,4,smoke-screen,w0h0l-,single-water,100,0,0,10,,94.84,0,0,3,37.7,7,76.06,0,0,0,0,1,1,0.77,0,0,0,0,0,0
mirror-shade,4,smoke-screen,w0h0l-,legacy-cycle,100,0,0,10,,60.13,0,0,3,57.83,7,46.51,0,0,0,0,0.52,0.18,0.42,2.84,0,0,0,0,0
mirror-shade,4,smoke-screen,w0h0l-,greedy,100,85,0.85,8.78,0.8565,8.4,0,0,1.35,25.9,5.64,3.73,0.98,0.27,0.87,0.11,1.22,0.96,0.26,1.92,0,0,0,0,0
mirror-shade,4,smoke-screen,w0h0l-,planner,100,93,0.93,8.7,0.8602,25.286,0,0,1.48,28.32,5.6,2.22,0.7,0.18,0.62,0.08,1.24,0.89,0.35,2.72,0,0,0,0,0
mirror-shade,4,smoke-screen,w0h0l-,forecast-aware,100,50,0.5,9.54,0.908,15.62,0,0,1.64,32.18,4.65,4.44,2.76,0,1.04,1.72,1.25,0.86,0.43,2.39,0,0,0,0,0
mirror-shade,4,smoke-screen,w0h0l-,planner-one-mistake,100,90,0.9,8.86,0.8733,28.8,0,0,1.47,28.28,5.69,3.22,0.81,0.33,0.69,0.12,1.18,0.86,0.32,2.54,0,0,0,0,0
mirror-shade,4,smoke-screen,w0h0l+,random,100,3,0.03,9.96,0.8667,68.753,0,0,2.7,48.98,6.63,27.89,0.6,1.46,0.27,0.33,0.63,0.45,0.26,1.33,0,0,0,0,0
mirror-shade,4,smoke-screen,w0h0l+,single-water,100,0,0,10,,94.84,0,0,3,37.7,7,76.06,0,0,0,0,1,1,0.77,0,0,0,0,0,0
mirror-shade,4,smoke-screen,w0h0l+,legacy-cycle,100,0,0,10,,50.09,0,0,3,58.43,7,50.15,0,0,0,0,0.52,0.18,0.42,2.84,0,0,0,0,0
mirror-shade,4,smoke-screen,w0h0l+,greedy,100,99,0.99,8.3,0.8283,13,0,0,1.38,25.96,5.23,5.09,0.76,0.23,0.64,0.12,1.06,0.78,0.28,1.82,0,0,0,0,0
mirror-shade,4,smoke-screen,w0h0l+,planner,100,100,1,8.27,0.827,,0,0,1.44,27.1,5.29,4.44,0.55,0.21,0.51,0.04,1.13,0.8,0.33,2.44,0,0,0,0,0
mirror-shade,4,smoke-screen,w0h0l+,forecast-aware,100,82,0.82,9.03,0.8817,13.278,0,0,1.39,26.7,4.27,5.05,2.64,0,1,1.64,1.08,0.73,0.37,2.3,0,0,0,0,0
mirror-shade,4,smoke-screen,w0h0l+,planner-one-mistake,100,100,1,8.32,0.832,,0,0,1.39,26.2,5.31,4.31,0.63,0.3,0.56,0.07,1.07,0.69,0.39,2.36,0,0,0,0,0
stored-night,5,tide-siege+hollow-ground,w0h0l0,random,100,9,0.09,11.9,0.9074,65.264,0,1.07,3.66,85.81,2.63,18.52,0.48,1.56,0.25,0.19,1.36,1.15,0.31,1.52,0,0.62,0,0.45,0
stored-night,5,tide-siege+hollow-ground,w0h0l0,single-water,100,0,0,12,,67.82,0,0.71,4,91.48,2.99,13.98,0,0,0,0,1,1,0,0,0,0.38,0,0.33,0
stored-night,5,tide-siege+hollow-ground,w0h0l0,legacy-cycle,100,10,0.1,11.88,0.9,46.311,0,1.89,3.95,104.42,2.42,25.04,0,0,0,0,1.97,1.86,0.08,3.56,0,1,0,0.89,0
stored-night,5,tide-siege+hollow-ground,w0h0l0,greedy,100,98,0.98,8.36,0.6905,14,0,1.32,1.36,35.14,2.04,2.57,0.57,0.17,0.37,0.02,1.41,1.21,0.21,1.64,0,1,0,0.32,0
stored-night,5,tide-siege+hollow-ground,w0h0l0,planner,100,96,0.96,8.94,0.7344,38.75,0,1.52,1.84,50.4,1.72,2.05,0.54,0.15,0.26,0.07,1.77,1.57,0.22,2.23,0,1,0.01,0.51,0
stored-night,5,tide-siege+hollow-ground,w0h0l0,forecast-aware,100,82,0.82,10.03,0.7998,16.944,0,1.66,2.08,59.4,1.52,4.83,1.83,0,0.61,0.76,1.79,1.54,0.34,2.42,0,1,0.03,0.63,0
stored-night,5,tide-siege+hollow-ground,w0h0l0,planner-one-mistake,100,91,0.91,9.17,0.7408,31.778,0,1.5,1.8,49.3,2.14,4.01,0.61,0.34,0.34,0.08,1.67,1.46,0.25,2,0,1,0.01,0.49,0
stored-night,5,tide-siege+hollow-ground,w-h-l-,random,100,5,0.05,11.98,0.9667,70.284,0,0.86,3.67,82.35,2.69,18.28,0.51,1.52,0.29,0.19,1.37,1.17,0.34,1.54,0,0.49,0,0.37,0
stored-night,5,tide-siege+hollow-ground,w-h-l-,single-water,100,0,0,12,,72.13,0,0.1,4,84.12,3,13.49,0,0,0,0,1,1,0,0,0,0.05,0,0.05,0
stored-night,5,tide-siege+hollow-ground,w-h-l-,legacy-cycle,100,4,0.04,11.96,0.9167,61.646,0,1.84,3.98,104.97,2.71,26.8,0,0,0,0,1.97,1.88,0.09,3.6,0,0.94,0,0.9,0
stored-night,5,tide-siege+hollow-ground,w-h-l-,greedy,100,63,0.63,10.27,0.7712,15.919,0,1.66,2.16,62.28,2.59,3.29,0.79,0.26,0.59,0.02,1.89,1.7,0.2,2.19,0,1,0,0.66,0
stored-night,5,tide-siege+hollow-ground,w-h-l-,planner,100,72,0.72,9.99,0.7674,33.964,0,1.6,2.15,59.88,2.43,2.8,0.75,0.2,0.42,0.07,1.9,1.62,0.29,2.42,0,1,0.01,0.59,0
stored-night,5,tide-siege+hollow-ground,w-h-l-,forecast-aware,100,49,0.49,10.83,0.801,24.118,0,1.74,2.45,68.68,1.78,5.31,2.06,0,0.65,0.81,1.96,1.75,0.39,2.75,0,1,0.08,0.66,0
stored-night,5,tide-siege+hollow-ground,w-h-l-,planner-one-mistake,100,65,0.65,10.47,0.8038,35.943,0,1.67,2.21,63.36,2.51,3.88,0.96,0.33,0.62,0.07,1.9,1.71,0.23,2.33,0,1,0.01,0.66,0
stored-night,5,tide-siege+hollow-ground,w+h+l+,random,100,16,0.16,11.78,0.8854,59.262,0,1.15,3.54,84.49,2.6,19.09,0.52,1.48,0.26,0.19,1.34,1.12,0.31,1.51,0,0.68,0,0.47,0
stored-night,5,tide-siege+hollow-ground,w+h+l+,single-water,100,0,0,12,,64.19,0,1.24,4,97.5,2.92,14.47,0,0,0,0,1,1,0,0,0,0.68,0,0.56,0
stored-night,5,tide-siege+hollow-ground,w+h+l+,legacy-cycle,100,31,0.31,11.35,0.8253,44.739,0,1.7,3.73,95.23,2.47,26.96,0,0,0,0,1.89,1.7,0.14,3.28,0,1,0,0.7,0
stored-night,5,tide-siege+hollow-ground,w+h+l+,greedy,100,100,1,8.18,0.6817,,0,1.45,1.55,42.64,1.37,1.95,0.6,0.13,0.32,0.01,1.43,1.07,0.36,1.72,0,1,0,0.45,0
stored-night,5,tide-siege+hollow-ground,w+h+l+,planner,100,99,0.99,8.23,0.6827,41,0,1.51,1.77,48.36,1.18,1.48,0.38,0.18,0.23,0.05,1.6,1.36,0.25,1.91,0,1,0.01,0.5,0
stored-night,5,tide-siege+hollow-ground,w+h+l+,forecast-aware,100,96,0.96,9.39,0.7734,13.75,0,1.67,1.95,56.94,1.07,4.05,1.6,0,0.5,0.71,1.77,1.47,0.36,2.34,0,1,0.02,0.65,0
stored-night,5,tide-siege+hollow-ground,w+h+l+,planner-one-mistake,100,98,0.98,8.14,0.6718,30,0,1.43,1.54,41.54,1.34,2.3,0.57,0.23,0.3,0.08,1.42,1.08,0.37,2.02,0,1,0.01,0.42,0
stored-night,5,tide-siege+hollow-ground,w-h0l0,random,100,6,0.06,11.96,0.9444,66.649,0,1,3.68,85.61,2.66,18.49,0.5,1.54,0.27,0.19,1.37,1.16,0.31,1.53,0,0.56,0,0.44,0
stored-night,5,tide-siege+hollow-ground,w-h0l0,single-water,100,0,0,12,,72.13,0,0.1,4,84.12,3,13.49,0,0,0,0,1,1,0,0,0,0.05,0,0.05,0
stored-night,5,tide-siege+hollow-ground,w-h0l0,legacy-cycle,100,6,0.06,11.95,0.9306,51.521,0,1.92,3.99,105.88,2.44,24.91,0,0,0,0,1.97,1.88,0.06,3.59,0,1,0,0.92,0
stored-night,5,tide-siege+hollow-ground,w-h0l0,greedy,100,85,0.85,9.05,0.7108,12.4,0,1.44,1.69,45.74,2.25,2.54,0.63,0.21,0.41,0.01,1.51,1.39,0.13,1.56,0,1,0,0.44,0
stored-night,5,tide-siege+hollow-ground,w-h0l0,planner,100,89,0.89,8.85,0.7051,33.818,0,1.44,1.67,44.78,2.02,2.38,0.56,0.15,0.36,0.04,1.51,1.41,0.11,1.75,0,1,0.01,0.43,0
stored-night,5,tide-siege+hollow-ground,w-h0l0,forecast-aware,100,68,0.68,10.57,0.8248,21.75,0,1.77,2.34,67.44,1.67,4.93,1.92,0,0.62,0.79,1.89,1.69,0.33,2.6,0,1,0.06,0.71,0
stored-night,5,tide-siege+hollow-ground,w-h0l0,planner-one-mistake,100,88,0.88,9.33,0.7472,33.667,0,1.52,1.85,51.02,2.08,3.81,0.69,0.3,0.39,0.08,1.71,1.47,0.28,2.4,0,1,0.01,0.51,0
stored-night,5,tide-siege+hollow-ground,w+h0l0,random,100,12,0.12,11.86,0.9028,62.682,0,1.07,3.61,84.53,2.61,18.28,0.48,1.53,0.24,0.18,1.35,1.13,0.31,1.51,0,0.64,0,0.43,0
stored-night,5,tide-siege+hollow-ground,w+h0l0,single-water,100,0,0,12,,64.19,0,1.24,4,97.5,2.92,14.47,0,0,0,0,1,1,0,0,0,0.68,0,0.56,0
stored-night,5,tide-siege+hollow-ground,w+h0l0,legacy-cycle,100,16,0.16,11.84,0.9167,43.631,0,1.83,3.92,102.28,2.42,25.54,0,0,0,0,1.96,1.87,0.06,3.52,0,1,0,0.83,0
stored-night,5,tide-siege+hollow-ground,w+h0l0,greedy,100,99,0.99,8.55,0.7096,8,0,1.46,1.58,43.5,1.77,2.48,0.59,0.22,0.38,0.03,1.47,1.25,0.23,1.78,0,1,0,0.46,0
stored-night,5,tide-siege+hollow-ground,w+h0l0,planner,100,96,0.96,9.26,0.7622,33.5,0,1.69,2.04,59.38,1.39,2.12,0.65,0.19,0.4,0.07,1.7,1.58,0.13,2.23,0,1,0.01,0.68,0
stored-night,5,tide-siege+hollow-ground,w+h0l0,forecast-aware,100,90,0.9,9.71,0.788,18.7,0,1.63,1.95,55.92,1.43,4.91,1.76,0,0.59,0.72,1.73,1.48,0.34,2.36,0,1,0.02,0.61,0
stored-night,5,tide-siege+hollow-ground,w+h0l0,planner-one-mistake,100,95,0.95,8.96,0.7333,27.6,0,1.52,1.8,49.74,1.79,3.94,0.58,0.3,0.35,0.08,1.64,1.44,0.23,1.93,0,1,0.01,0.51,0
stored-night,5,tide-siege+hollow-ground,w0h-l0,random,100,8,0.08,11.92,0.9167,66.967,0,1.03,3.65,84.87,2.64,18.02,0.5,1.53,0.27,0.19,1.37,1.16,0.34,1.52,0,0.59,0,0.44,0
stored-night,5,tide-siege+hollow-ground,w0h-l0,single-water,100,0,0,12,,67.82,0,0.71,4,91.48,2.99,13.98,0,0,0,0,1,1,0,0,0,0.38,0,0.33,0
stored-night,5,tide-siege+hollow-ground,w0h-l0,legacy-cycle,100,7,0.07,11.95,0.9405,50.86,0,1.91,3.98,105.38,2.44,25.08,0,0,0,0,1.97,1.88,0.07,3.59,0,1,0,0.91,0
stored-night,5,tide-siege+hollow-ground,w0h-l0,greedy,100,91,0.91,9.18,0.7418,13.111,0,1.51,1.74,48.52,2.24,2.81,0.62,0.17,0.44,0.03,1.62,1.47,0.16,1.97,0,1,0,0.51,0
stored-night,5,tide-siege+hollow-ground,w0h-l0,planner,100,92,0.92,9.29,0.7545,32.5,0,1.56,1.83,51.48,2,3.81,0.64,0.13,0.41,0.06,1.76,1.53,0.24,2.62,0,1,0.02,0.54,0
stored-night,5,tide-siege+hollow-ground,w0h-l0,forecast-aware,100,71,0.71,10.56,0.831,19.586,0,1.75,2.3,66.28,1.63,5.09,1.96,0,0.67,0.78,1.9,1.65,0.37,2.57,0,1,0.05,0.7,0
stored-night,5,tide-siege+hollow-ground,w0h-l0,planner-one-mistake,100,86,0.86,9.54,0.7616,31.571,0,1.57,1.83,52.12,2.23,4.14,0.77,0.3,0.5,0.09,1.75,1.49,0.28,2.28,0,1,0.01,0.56,0
stored-night,5,tide-siege+hollow-ground,w0h+l0,random,100,11,0.11,11.88,0.9091,62.629,0,1.08,3.64,85.53,2.62,18.79,0.5,1.51,0.24,0.18,1.35,1.15,0.29,1.51,0,0.64,0,0.44,0
stored-night,5,tide-siege+hollow-ground,w0h+l0,single-water,100,0,0,12,,67.82,0,0.71,4,91.48,2.99,13.98,0,0,0,0,1,1,0,0,0,0.38,0,0.33,0
stored-night,5,tide-siege+hollow-ground,w0h+l0,legacy-cycle,100,14,0.14,11.82,0.8929,47,0,1.86,3.98,104.87,2.57,27.83,0,0,0,0,1.95,1.85,0.07,3.53,0,1,0,0.86,0
stored-night,5,tide-siege+hollow-ground,w0h+l0,greedy,100,97,0.97,9.08,0.7491,13,0,1.58,1.79,51.34,1.75,2.38,0.67,0.15,0.42,0.01,1.51,1.36,0.15,1.47,0,1,0,0.58,0
stored-night,5,tide-siege+hollow-ground,w0h+l0,planner,100,99,0.99,9,0.7475,48,0,1.61,1.91,54.1,1.51,2.33,0.57,0.18,0.32,0.05,1.62,1.43,0.22,1.97,0,1,0.02,0.59,0
stored-night,5,tide-siege+hollow-ground,w0h+l0,forecast-aware,100,87,0.87,9.81,0.7902,15.846,0,1.66,2.04,58.98,1.34,4.4,1.74,0,0.57,0.76,1.75,1.51,0.32,2.39,0,1,0.01,0.65,0
stored-night,5,tide-siege+hollow-ground,w0h+l0,planner-one-mistake,100,97,0.97,8.94,0.7371,34.333,0,1.55,1.79,50.2,1.65,3.41,0.65,0.28,0.36,0.07,1.71,1.43,0.31,2.1,0,1,0.01,0.54,0
stored-night,5,tide-siege+hollow-ground,w0h0l-,random,100,7,0.07,11.93,0.9167,66.946,0,1.04,3.67,85.58,2.65,18.21,0.49,1.55,0.26,0.19,1.37,1.16,0.31,1.52,0,0.59,0,0.45,0
stored-night,5,tide-siege+hollow-ground,w0h0l-,single-water,100,0,0,12,,67.82,0,0.71,4,91.48,2.99,13.98,0,0,0,0,1,1,0,0,0,0.38,0,0.33,0
stored-night,5,tide-siege+hollow-ground,w0h0l-,legacy-cycle,100,8,0.08,11.94,0.9375,50.25,0,1.9,3.97,104.93,2.42,25.18,0,0,0,0,1.97,1.88,0.06,3.58,0,1,0,0.9,0
stored-night,5,tide-siege+hollow-ground,w0h0l-,greedy,100,87,0.87,8.99,0.7117,14.769,0,1.44,1.61,44.12,2.2,2.71,0.66,0.18,0.49,0.03,1.6,1.38,0.22,1.5,0,1,0,0.44,0
stored-night,5,tide-siege+hollow-ground,w0h0l-,planner,100,94,0.94,8.55,0.6941,34.167,0,1.38,1.61,41.66,1.92,2.61,0.43,0.18,0.25,0.06,1.72,1.48,0.25,1.82,0,1,0.01,0.37,0
stored-night,5,tide-siege+hollow-ground,w0h0l-,forecast-aware,100,73,0.73,10.25,0.8002,19.889,0,1.69,2.18,62.04,1.63,4.89,1.9,0,0.62,0.77,1.86,1.65,0.33,2.49,0,1,0.05,0.64,0
stored-night,5,tide-siege+hollow-ground,w0h0l-,planner-one-mistake,100,81,0.81,9.4,0.7325,31.895,0,1.52,1.87,51.5,2.26,3.92,0.66,0.31,0.39,0.09,1.76,1.54,0.26,1.77,0,1,0.01,0.51,0
stored-night,5,tide-siege+hollow-ground,w0h0l+,random,100,11,0.11,11.88,0.9091,64.045,0,1.11,3.64,85.74,2.62,19.17,0.49,1.53,0.24,0.18,1.35,1.14,0.31,1.51,0,0.66,0,0.45,0
stored-night,5,tide-siege+hollow-ground,w0h0l+,single-water,100,0,0,12,,67.82,0,0.71,4,91.48,2.99,13.98,0,0,0,0,1,1,0,0,0,0.38,0,0.33,0
stored-night,5,tide-siege+hollow-ground,w0h0l+,legacy-cycle,100,12,0.12,11.88,0.9167,46.182,0,1.88,3.96,104.78,2.57,27.67,0,0,0,0,1.97,1.86,0.08,3.56,0,1,0,0.88,0
stored-night,5,tide-siege+hollow-ground,w0h0l+,greedy,100,99,0.99,8.59,0.713,19,0,1.46,1.58,43.64,1.78,2.66,0.62,0.15,0.38,0.02,1.45,1.24,0.22,1.8,0,1,0,0.46,0
stored-night,5,tide-siege+hollow-ground,w0h0l+,planner,100,98,0.98,8.66,0.716,36.5,0,1.52,1.81,49.5,1.46,1.4,0.51,0.18,0.25,0.06,1.68,1.46,0.23,2.37,0,1,0.01,0.51,0
stored-night,5,tide-siege+hollow-ground,w0h0l+,forecast-aware,100,91,0.91,9.67,0.7866,19.556,0,1.62,1.97,56.34,1.36,4.55,1.73,0,0.57,0.75,1.73,1.44,0.37,2.33,0,1,0.01,0.61,0
stored-night,5,tide-siege+hollow-ground,w0h0l+,planner-one-mistake,100,97,0.97,9,0.7423,35.667,0,1.55,1.84,51.22,1.74,2.47,0.64,0.31,0.33,0.08,1.73,1.5,0.26,1.94,0,1,0.01,0.54,0
stored-night,5,tide-siege+sluice-jam,w0h0l0,random,100,6,0.06,11.96,0.9444,64.83,0,1.05,3.66,84.48,2.64,19.02,0.62,1.87,0.28,0.24,1.25,1.03,0.35,1.57,0,0.6,0.01,0.44,0
stored-night,5,tide-siege+sluice-jam,w0h0l0,single-water,100,0,0,12,,72.93,0,0.25,4,84.52,3,5.26,0,0,0,0,1,1,0,0,0,0.13,0,0.12,0
stored-night,5,tide-siege+sluice-jam,w0h0l0,legacy-cycle,100,6,0.06,11.91,0.875,46.702,0,1.94,4.04,108.66,2.62,25.93,0,0,0,0,1.97,1.8,0.23,3.64,0,1,0,0.94,0
stored-night,5,tide-siege+sluice-jam,w0h0l0,greedy,100,99,0.99,8.14,0.6751,9,0,1.27,1.23,31.1,1.98,2.17,0.58,0.1,0.35,0.04,1.47,1.23,0.24,1.48,0,1,0,0.27,0
stored-night,5,tide-siege+sluice-jam,w0h0l0,planner,100,97,0.97,8.65,0.7122,30.333,0,1.44,1.55,42.62,1.87,3.62,0.6,0.25,0.41,0.04,1.61,1.4,0.23,2.35,0,1,0,0.44,0
stored-night,5,tide-siege+sluice-jam,w0h0l0,forecast-aware,100,89,0.89,9.88,0.8015,16.636,0,1.61,1.81,49.04,1.09,3.76,2.39,0,0.63,1.02,1.67,1.56,0.34,2.61,0,1,0.13,0.48,0
stored-night,5,tide-siege+sluice-jam,w0h0l0,planner-one-mistake,100,98,0.98,8.09,0.6675,30.5,0,1.25,1.18,29.54,1.83,2.33,0.78,0.23,0.36,0.16,1.4,1.08,0.32,1.94,0,1,0,0.25,0
stored-night,5,tide-siege+sluice-jam,w-h-l-,random,100,3,0.03,11.94,0.8333,70.515,0,0.78,3.65,79.51,2.69,18.48,0.59,1.9,0.29,0.24,1.26,1.01,0.38,1.57,0,0.45,0,0.33,0
stored-night,5,tide-siege+sluice-jam,w-h-l-,single-water,100,0,0,12,,78.11,0,0,4,79.48,3,4.99,0,0,0,0,1,1,0,0,0,0,0,0,0
stored-night,5,tide-siege+sluice-jam,w-h-l-,legacy-cycle,100,1,0.01,11.99,0.9167,60.96,0,1.99,4.05,109.78,2.77,25.69,0,0,0,0,2,1.82,0.31,3.68,0,1,0,0.99,0
stored-night,5,tide-siege+sluice-jam,w-h-l-,greedy,100,77,0.77,9.78,0.7597,14.652,0,1.57,1.68,49.12,2.44,2.78,1.06,0.13,0.66,0.03,1.7,1.57,0.14,1.9,0,1,0.01,0.56,0
stored-night,5,tide-siege+sluice-jam,w-h-l-,planner,100,79,0.79,9.62,0.7489,30.143,0,1.51,1.68,47.94,2.27,3.28,0.99,0.23,0.65,0.04,1.68,1.53,0.17,2.29,0,1,0,0.51,0
stored-night,5,tide-siege+sluice-jam,w-h-l-,forecast-aware,100,61,0.61,10.59,0.8074,21.128,0,1.66,2.07,55.52,1.38,4.05,2.59,0,0.68,1.1,1.79,1.73,0.34,2.88,0,1,0.15,0.51,0
stored-night,5,tide-siege+sluice-jam,w-h-l-,planner-one-mistake,100,77,0.77,9.94,0.7771,29.435,0,1.56,1.67,48.88,2.3,3.12,1.33,0.25,0.7,0.18,1.78,1.57,0.22,2.54,0,1,0,0.56,0
stored-night,5,tide-siege+sluice-jam,w+h+l+,random,100,9,0.09,11.78,0.7963,58.516,0,1.2,3.57,84.4,2.56,19.38,0.65,1.84,0.23,0.24,1.24,1,0.35,1.55,0,0.71,0.01,0.48,0
stored-night,5,tide-siege+sluice-jam,w+h+l+,single-water,100,0,0,12,,69.73,0,0.62,4,89.71,3,5.53,0,0,0,0,1,1,0,0,0,0.32,0,0.3,0
stored-night,5,tide-siege+sluice-jam,w+h+l+,legacy-cycle,100,53,0.53,10.6,0.7799,41,0,1.47,3.18,76.97,2.31,22.65,0,0,0,0,1.82,1.36,0.49,2.96,0,1,0,0.47,0
stored-night,5,tide-siege+sluice-jam,w+h+l+,greedy,100,100,1,8.14,0.6783,,0,1.41,1.45,39.6,1.25,2.16,0.74,0.11,0.38,0.02,1.37,1.06,0.31,1.56,0,1,0,0.41,0
stored-night,5,tide-siege+sluice-jam,w+h+l+,planner,100,100,1,8.14,0.6783,,0,1.5,1.63,45.66,1.14,1.97,0.6,0.16,0.31,0.05,1.61,1.27,0.34,2.17,0,1,0,0.5,0
stored-night,5,tide-siege+sluice-jam,w+h+l+,forecast-aware,100,95,0.95,9.51,0.7816,7.8,0,1.66,1.79,50.32,0.86,3.37,2.3,0,0.66,0.93,1.54,1.4,0.31,2.54,0,1,0.12,0.54,0
stored-night,5,tide-siege+sluice-jam,w+h+l+,planner-one-mistake,100,100,1,8.08,0.6733,,0,1.43,1.53,41.64,1.2,1.61,0.69,0.2,0.29,0.16,1.46,1.15,0.3,2.23,0,1,0,0.43,0
stored-night,5,tide-siege+sluice-jam,w-h0l0,random,100,6,0.06,11.94,0.9167,66.755,0,1,3.61,81.73,2.65,18.86,0.63,1.86,0.3,0.24,1.26,1.03,0.36,1.57,0,0.59,0.01,0.4,0
stored-night,5,tide-siege+sluice-jam,w-h0l0,single-water,100,0,0,12,,78.11,0,0,4,79.48,3,4.99,0,0,0,0,1,1,0,0,0,0,0,0,0
stored-night,5,tide-siege+sluice-jam,w-h0l0,legacy-cycle,100,3,0.03,11.97,0.9167,49.753,0,1.97,4.08,110.15,2.55,24.39,0,0,0,0,1.99,1.82,0.23,3.67,0,1,0,0.97,0
stored-night,5,tide-siege+sluice-jam,w-h0l0,greedy,100,98,0.98,8.56,0.7075,11.5,0,1.34,1.34,35.4,2.16,2.4,0.65,0.11,0.43,0.03,1.39,1.19,0.2,1.44,0,1,0,0.34,0
stored-night,5,tide-siege+sluice-jam,w-h0l0,planner,100,96,0.96,8.6,0.7049,32.75,0,1.37,1.45,38.6,1.98,2.97,0.61,0.14,0.37,0.04,1.54,1.35,0.19,2.02,0,1,0,0.37,0
stored-night,5,tide-siege+sluice-jam,w-h0l0,forecast-aware,100,78,0.78,10.5,0.8397,16.091,0,1.71,2.02,56.62,1.28,3.93,2.5,0,0.75,1.05,1.76,1.69,0.31,2.89,0,1,0.12,0.59,0
stored-night,5,tide-siege+sluice-jam,w-h0l0,planner-one-mistake,100,97,0.97,8.56,0.7045,36.333,0,1.33,1.32,34.74,1.87,3.02,0.97,0.23,0.46,0.17,1.46,1.16,0.3,2.42,0,1,0,0.33,0
stored-night,5,tide-siege+sluice-jam,w+h0l0,random,100,8,0.08,11.91,0.9063,64.978,0,1.14,3.66,85.41,2.64,19.22,0.62,1.87,0.25,0.23,1.24,1.01,0.36,1.56,0,0.66,0.01,0.47,0
stored-night,5,tide-siege+sluice-jam,w+h0l0,single-water,100,0,0,12,,69.73,0,0.62,4,89.71,3,5.53,0,0,0,0,1,1,0,0,0,0.32,0,0.3,0
stored-night,5,tide-siege+sluice-jam,w+h0l0,legacy-cycle,100,7,0.07,11.89,0.869,43.194,0,1.93,4.02,107.94,2.61,25.93,0,0,0,0,1.97,1.79,0.24,3.63,0,1,0,0.93,0
stored-night,5,tide-siege+sluice-jam,w+h0l0,greedy,100,98,0.98,8.38,0.6922,8.5,0,1.39,1.42,38.42,1.67,2.93,0.75,0.11,0.42,0.04,1.48,1.22,0.27,1.48,0,1,0,0.39,0
stored-night,5,tide-siege+sluice-jam,w+h0l0,planner,100,100,1,8.87,0.7392,,0,1.58,1.79,51.36,1.45,2.46,0.67,0.25,0.41,0.04,1.69,1.49,0.2,2.43,0,1,0,0.58,0
stored-night,5,tide-siege+sluice-jam,w+h0l0,forecast-aware,100,91,0.91,9.58,0.7784,13.667,0,1.58,1.77,47.38,1.03,3.89,2.32,0,0.6,0.97,1.58,1.46,0.35,2.54,0,1,0.13,0.45,0
stored-night,5,tide-siege+sluice-jam,w+h0l0,planner-one-mistake,100,99,0.99,8.33,0.6911,36,0,1.37,1.38,37,1.65,2.87,0.78,0.24,0.39,0.16,1.42,1.18,0.24,2.07,0,1,0,0.37,0
stored-night,5,tide-siege+sluice-jam,w0h-l0,random,100,6,0.06,11.93,0.9028,65.468,0,0.97,3.6,81.08,2.64,18.37,0.63,1.86,0.3,0.24,1.25,1.03,0.36,1.57,0,0.57,0.01,0.39,0
stored-night,5,tide-siege+sluice-jam,w0h-l0,single-water,100,0,0,12,,72.93,0,0.25,4,84.52,3,5.26,0,0,0,0,1,1,0,0,0,0.13,0,0.12,0
stored-night,5,tide-siege+sluice-jam,w0h-l0,legacy-cycle,100,2,0.02,11.98,0.9167,50.163,0,1.98,4.09,110.63,2.57,24.21,0,0,0,0,1.99,1.82,0.28,3.67,0,1,0,0.98,0
stored-night,5,tide-siege+sluice-jam,w0h-l0,greedy,100,96,0.96,8.47,0.6936,10.75,0,1.33,1.32,34.68,2.1,2.25,0.67,0.11,0.42,0.03,1.45,1.3,0.15,1.55,0,1,0,0.33,0
stored-night,5,tide-siege+sluice-jam,w0h-l0,planner,100,92,0.92,9.3,0.7554,26.5,0,1.54,1.69,48.72,2.03,3.72,0.79,0.27,0.56,0.03,1.63,1.46,0.17,2.63,0,1,0,0.54,0
stored-night,5,tide-siege+sluice-jam,w0h-l0,forecast-aware,100,80,0.8,10.53,0.8469,16.85,0,1.72,2.03,57.12,1.3,3.95,2.53,0,0.75,1.06,1.76,1.69,0.3,2.89,0,1,0.12,0.6,0
stored-night,5,tide-siege+sluice-jam,w0h-l0,planner-one-mistake,100,93,0.93,8.87,0.7195,28.429,0,1.39,1.45,39.38,2.04,3.42,0.91,0.25,0.46,0.16,1.48,1.18,0.29,2.25,0,1,0,0.39,0
stored-night,5,tide-siege+sluice-jam,w0h+l0,random,100,8,0.08,11.92,0.9167,63.88,0,1.08,3.66,84.95,2.64,19.61,0.6,1.9,0.25,0.24,1.24,1.02,0.35,1.57,0,0.63,0.01,0.44,0
stored-night,5,tide-siege+sluice-jam,w0h+l0,single-water,100,0,0,12,,72.93,0,0.25,4,84.52,3,5.26,0,0,0,0,1,1,0,0,0,0.13,0,0.12,0
stored-night,5,tide-siege+sluice-jam,w0h+l0,legacy-cycle,100,7,0.07,11.87,0.8452,42.989,0,1.93,4.03,108.38,2.68,27.05,0,0,0,0,1.96,1.79,0.23,3.63,0,1,0,0.93,0
stored-night,5,tide-siege+sluice-jam,w0h+l0,greedy,100,99,0.99,8.58,0.7121,2,0,1.44,1.48,41.02,1.55,2.36,0.88,0.11,0.48,0.04,1.48,1.24,0.24,1.19,0,1,0,0.44,0
stored-night,5,tide-siege+sluice-jam,w0h+l0,planner,100,98,0.98,8.66,0.716,27.5,0,1.54,1.71,48.32,1.47,1.87,0.66,0.13,0.37,0.03,1.62,1.37,0.26,1.81,0,1,0.01,0.53,0
stored-night,5,tide-siege+sluice-jam,w0h+l0,forecast-aware,100,91,0.91,9.6,0.7802,18.778,0,1.6,1.79,48.64,0.98,3.53,2.33,0,0.59,1.01,1.6,1.47,0.33,2.56,0,1,0.12,0.48,0
stored-night,5,tide-siege+sluice-jam,w0h+l0,planner-one-mistake,100,98,0.98,8.39,0.693,32.5,0,1.4,1.4,38.32,1.45,2.43,0.91,0.23,0.45,0.17,1.51,1.24,0.28,1.92,0,1,0,0.4,0
stored-night,5,tide-siege+sluice-jam,w0h0l-,random,100,5,0.05,11.93,0.8833,65.526,0,0.98,3.61,81.69,2.65,18.51,0.64,1.85,0.3,0.24,1.25,1.03,0.35,1.57,0,0.57,0.01,0.4,0
stored-night,5,tide-siege+sluice-jam,w0h0l-,single-water,100,0,0,12,,72.93,0,0.25,4,84.52,3,5.26,0,0,0,0,1,1,0,0,0,0.13,0,0.12,0
stored-night,5,tide-siege+sluice-jam,w0h0l-,legacy-cycle,100,3,0.03,11.97,0.9167,49.773,0,1.97,4.08,110.14,2.56,24.52,0,0,0,0,1.99,1.82,0.23,3.67,0,1,0,0.97,0
stored-night,5,tide-siege+sluice-jam,w0h0l-,greedy,100,95,0.95,8.02,0.6509,19.6,0,1.21,1.09,26.56,2.04,2.94,0.68,0.17,0.41,0.04,1.47,1.31,0.18,1.16,0,1,0.01,0.2,0
stored-night,5,tide-siege+sluice-jam,w0h0l-,planner,100,97,0.97,8.6,0.7079,32.333,0,1.39,1.49,40,1.96,2.93,0.59,0.27,0.38,0.04,1.71,1.52,0.2,2.07,0,1,0,0.39,0
stored-night,5,tide-siege+sluice-jam,w0h0l-,forecast-aware,100,82,0.82,10.23,0.8201,17.222,0,1.66,1.94,53.5,1.27,4.01,2.47,0,0.69,1.06,1.74,1.64,0.34,2.76,0,1,0.12,0.54,0
stored-night,5,tide-siege+sluice-jam,w0h0l-,planner-one-mistake,100,97,0.97,8.14,0.6684,31.333,0,1.22,1.19,28.92,1.9,2.54,0.8,0.23,0.35,0.18,1.46,1.18,0.29,1.76,0,1,0,0.22,0
stored-night,5,tide-siege+sluice-jam,w0h0l+,random,100,8,0.08,11.89,0.8854,63.761,0,1.11,3.64,84.7,2.59,19.14,0.61,1.88,0.27,0.23,1.23,1.02,0.32,1.55,0,0.65,0.01,0.45,0
stored-night,5,tide-siege+sluice-jam,w0h0l+,single-water,100,0,0,12,,72.93,0,0.25,4,84.52,3,5.26,0,0,0,0,1,1,0,0,0,0.13,0,0.12,0
stored-night,5,tide-siege+sluice-jam,w0h0l+,legacy-cycle,100,7,0.07,11.89,0.869,43.204,0,1.93,4.02,108.1,2.68,26.83,0,0,0,0,1.97,1.79,0.24,3.63,0,1,0,0.93,0
stored-night,5,tide-siege+sluice-jam,w0h0l+,greedy,100,98,0.98,8.26,0.682,11,0,1.36,1.38,36.8,1.7,2.1,0.68,0.07,0.39,0.02,1.47,1.22,0.25,1.52,0,1,0,0.36,0
stored-night,5,tide-siege+sluice-jam,w0h0l+,planner,100,99,0.99,8.51,0.7062,25,0,1.46,1.62,44.38,1.67,1.79,0.52,0.21,0.32,0.04,1.61,1.28,0.34,2.34,0,1,0,0.46,0
stored-night,5,tide-siege+sluice-jam,w0h0l+,forecast-aware,100,91,0.91,9.61,0.7811,13,0,1.57,1.75,46.36,1,3.91,2.34,0,0.59,1.02,1.63,1.51,0.36,2.55,0,1,0.14,0.43,0
stored-night,5,tide-siege+sluice-jam,w0h0l+,planner-one-mistake,100,100,1,8.54,0.7117,,0,1.44,1.53,41.94,1.54,1.76,0.88,0.28,0.37,0.16,1.5,1.27,0.21,2.24,0,1,0,0.44,0
stored-night,5,smoke-screen+hollow-ground,w0h0l0,random,100,6,0.06,11.92,0.8889,69.574,0,0.88,3.73,84.74,2.56,18.56,0.52,1.93,0.19,0.28,1.26,1.09,0.24,1.49,0,0.48,0,0.4,0
stored-night,5,smoke-screen+hollow-ground,w0h0l0,single-water,100,0,0,12,,59.62,0,0.59,4,88.2,3,16.63,0,0,0,0,1,1,0,0,0,0.4,0,0.19,0
stored-night,5,smoke-screen+hollow-ground,w0h0l0,legacy-cycle,100,14,0.14,11.83,0.8988,46.733,0,1.86,3.95,103.88,2.34,22.64,0,0,0,0,1.96,1.74,0.17,3.24,0,1,0,0.86,0
stored-night,5,smoke-screen+hollow-ground,w0h0l0,greedy,100,94,0.94,8.76,0.7128,13.167,0,1.43,1.61,43.08,2.06,1.91,0.56,0.29,0.34,0.01,1.46,1.16,0.3,1.86,0,1,0,0.43,0
stored-night,5,smoke-screen+hollow-ground,w0h0l0,planner,100,96,0.96,9.12,0.75,29.5,0,1.61,1.91,54.22,1.64,1.41,0.62,0.19,0.38,0.03,1.66,1.42,0.23,2.75,0,1,0,0.61,0
stored-night,5,smoke-screen+hollow-ground,w0h0l0,forecast-aware,100,80,0.8,10.18,0.8104,14.15,0,1.68,2.05,58.52,1.44,4.62,2.15,0,0.74,0.81,1.79,1.57,0.34,2.69,0,1,0.05,0.63,0
stored-night,5,smoke-screen+hollow-ground,w0h0l0,planner-one-mistake,100,91,0.91,9.3,0.7527,37.444,0,1.59,1.94,54.66,1.97,2.52,0.67,0.33,0.37,0.15,1.72,1.45,0.28,2.53,0,1,0,0.59,0
stored-night,5,smoke-screen+hollow-ground,w-h-l-,random,100,4,0.04,11.96,0.9167,74.313,0,0.62,3.73,79.2,2.63,17.95,0.53,1.94,0.25,0.28,1.24,1.07,0.26,1.5,0,0.36,0,0.26,0
stored-night,5,smoke-screen+hollow-ground,w-h-l-,single-water,100,0,0,12,,68.29,0,0.13,4,84.45,3,16.41,0,0,0,0,1,1,0,0,0,0.07,0,0.06,0
stored-night,5,smoke-screen+hollow-ground,w-h-l-,legacy-cycle,100,1,0.01,11.99,0.9167,58.818,0,1.95,4.06,108.68,2.52,22.38,0,0,0,0,1.99,1.79,0.16,3.35,0,0.98,0,0.97,0
stored-night,5,smoke-screen+hollow-ground,w-h-l-,greedy,100,69,0.69,10.32,0.7971,17.194,0,1.69,2.06,60.42,2.56,3.7,0.94,0.32,0.62,0.02,1.76,1.51,0.25,2.06,0,1,0,0.69,0
stored-night,5,smoke-screen+hollow-ground,w-h-l-,planner,100,76,0.76,10.15,0.7971,32.958,0,1.69,2.28,64.94,2.47,2.38,0.64,0.29,0.43,0.05,1.87,1.64,0.22,2.86,0,1,0,0.69,0
stored-night,5,smoke-screen+hollow-ground,w-h-l-,forecast-aware,100,55,0.55,10.88,0.8303,22.022,0,1.72,2.3,64.56,1.64,4.65,2.36,0,0.82,0.95,1.94,1.69,0.41,2.87,0,1,0.07,0.65,0
stored-night,5,smoke-screen+hollow-ground,w-h-l-,planner-one-mistake,100,68,0.68,10.51,0.8174,33.25,0,1.72,2.32,66.86,2.38,2.26,0.94,0.38,0.57,0.18,1.93,1.69,0.26,2.88,0,1,0,0.72,0
stored-night,5,smoke-screen+hollow-ground,w+h+l+,random,100,14,0.14,11.74,0.8452,66.302,0,0.99,3.59,83.09,2.51,19.18,0.57,1.83,0.19,0.28,1.25,1.05,0.27,1.46,0,0.55,0.02,0.42,0
stored-night,5,smoke-screen+hollow-ground,w+h+l+,single-water,100,0,0,12,,61.69,0,1.44,4,100.43,2.92,16.85,0,0,0,0,1,1,0,0,0,0.77,0,0.67,0
stored-night,5,smoke-screen+hollow-ground,w+h+l+,legacy-cycle,100,33,0.33,11.36,0.8384,41.851,0,1.66,3.82,96.62,2.39,23.09,0,0,0,0,1.91,1.61,0.24,3.04,0,0.99,0,0.67,0
stored-night,5,smoke-screen+hollow-ground,w+h+l+,greedy,100,100,1,8.42,0.7017,,0,1.49,1.66,45.74,1.47,1.46,0.62,0.29,0.34,0.02,1.46,1.17,0.29,1.82,0,1,0,0.49,0
stored-night,5,smoke-screen+hollow-ground,w+h+l+,planner,100,98,0.98,7.97,0.6573,29,0,1.4,1.62,42.28,1.24,1.16,0.44,0.25,0.2,0.02,1.48,1.16,0.31,2.2,0,1,0,0.4,0
stored-night,5,smoke-screen+hollow-ground,w+h+l+,forecast-aware,100,93,0.93,9.61,0.7858,12.571,0,1.74,1.96,58,1.01,3.69,1.91,0,0.66,0.76,1.74,1.42,0.42,2.59,0,1,0.05,0.69,0
stored-night,5,smoke-screen+hollow-ground,w+h+l+,planner-one-mistake,100,97,0.97,8.43,0.6933,33.667,0,1.47,1.7,46,1.3,1.54,0.67,0.3,0.29,0.15,1.45,1.08,0.37,2.34,0,1,0,0.47,0
stored-night,5,smoke-screen+hollow-ground,w-h0l0,random,100,6,0.06,11.9,0.8611,70.777,0,0.69,3.72,81.22,2.58,18.22,0.51,1.93,0.2,0.28,1.25,1.07,0.27,1.49,0,0.39,0,0.3,0
stored-night,5,smoke-screen+hollow-ground,w-h0l0,single-water,100,0,0,12,,68.29,0,0.13,4,84.45,3,16.41,0,0,0,0,1,1,0,0,0,0.07,0,0.06,0
stored-night,5,smoke-screen+hollow-ground,w-h0l0,legacy-cycle,100,4,0.04,11.96,0.9167,50.948,0,1.96,4.08,109.2,2.31,21.61,0,0,0,0,1.99,1.77,0.17,3.32,0,1,0,0.96,0
stored-night,5,smoke-screen+hollow-ground,w-h0l0,greedy,100,88,0.88,9.14,0.7292,14.083,0,1.47,1.73,46.84,2.24,1.96,0.62,0.26,0.4,0.01,1.55,1.31,0.24,1.67,0,1,0,0.47,0
stored-night,5,smoke-screen+hollow-ground,w-h0l0,planner,100,91,0.91,9.3,0.7527,30.111,0,1.59,1.88,53.4,1.95,2.16,0.58,0.24,0.44,0.02,1.62,1.45,0.17,2.6,0,1,0,0.59,0
stored-night,5,smoke-screen+hollow-ground,w-h0l0,forecast-aware,100,69,0.69,10.48,0.8164,16.548,0,1.72,2.15,61.58,1.53,4.55,2.23,0,0.78,0.86,1.86,1.67,0.33,2.71,0,1,0.06,0.66,0
stored-night,5,smoke-screen+hollow-ground,w-h0l0,planner-one-mistake,100,90,0.9,9.62,0.7796,40.5,0,1.63,2.04,57.88,1.99,2.41,0.74,0.35,0.37,0.16,1.71,1.51,0.2,2.72,0,1,0,0.63,0
stored-night,5,smoke-screen+hollow-ground,w+h0l0,random,100,6,0.06,11.91,0.875,67.191,0,0.93,3.72,85.38,2.55,18.88,0.54,1.91,0.19,0.28,1.27,1.1,0.25,1.49,0,0.5,0.01,0.42,0
stored-night,5,smoke-screen+hollow-ground,w+h0l0,single-water,100,0,0,12,,61.69,0,1.44,4,100.43,2.92,16.85,0,0,0,0,1,1,0,0,0,0.77,0,0.67,0
stored-night,5,smoke-screen+hollow-ground,w+h0l0,legacy-cycle,100,19,0.19,11.75,0.8904,43.309,0,1.81,3.92,101.96,2.33,22.68,0,0,0,0,1.93,1.74,0.14,3.21,0,1,0,0.81,0
stored-night,5,smoke-screen+hollow-ground,w+h0l0,greedy,100,95,0.95,8.63,0.7044,19.4,0,1.44,1.65,44.12,1.86,2.13,0.54,0.25,0.31,0.02,1.45,1.13,0.32,1.83,0,1,0,0.44,0
stored-night,5,smoke-screen+hollow-ground,w+h0l0,planner,100,99,0.99,8.82,0.7323,33,0,1.57,1.82,51.2,1.42,1.53,0.63,0.19,0.36,0.04,1.55,1.28,0.26,2.57,0,1,0,0.57,0
stored-night,5,smoke-screen+hollow-ground,w+h0l0,forecast-aware,100,87,0.87,9.96,0.8046,12.923,0,1.68,1.98,56.86,1.34,4.62,2.06,0,0.68,0.79,1.76,1.52,0.36,2.65,0,1,0.05,0.63,0
stored-night,5,smoke-screen+hollow-ground,w+h0l0,planner-one-mistake,100,95,0.95,8.76,0.7158,37.8,0,1.48,1.71,46.68,1.73,2.66,0.64,0.28,0.33,0.14,1.51,1.23,0.29,2.22,0,1,0,0.48,0
stored-night,5,smoke-screen+hollow-ground,w0h-l0,random,100,7,0.07,11.89,0.869,72.398,0,0.77,3.73,82.63,2.57,18.4,0.49,1.94,0.19,0.28,1.25,1.07,0.27,1.49,0,0.43,0,0.34,0
stored-night,5,smoke-screen+hollow-ground,w0h-l0,single-water,100,0,0,12,,59.62,0,0.59,4,88.2,3,16.63,0,0,0,0,1,1,0,0,0,0.4,0,0.19,0
stored-night,5,smoke-screen+hollow-ground,w0h-l0,legacy-cycle,100,7,0.07,11.94,0.9286,49.419,0,1.93,4.05,107.76,2.31,21.85,0,0,0,0,1.97,1.77,0.15,3.32,0,1,0,0.93,0
stored-night,5,smoke-screen+hollow-ground,w0h-l0,greedy,100,90,0.9,9.17,0.738,17.2,0,1.48,1.72,46.94,2.26,2.91,0.68,0.3,0.37,0.03,1.51,1.13,0.38,1.88,0,1,0,0.48,0
stored-night,5,smoke-screen+hollow-ground,w0h-l0,planner,100,91,0.91,9.55,0.7756,29.111,0,1.63,1.99,56.94,2.04,2.46,0.62,0.26,0.41,0.03,1.76,1.48,0.26,2.8,0,1,0,0.63,0
stored-night,5,smoke-screen+hollow-ground,w0h-l0,forecast-aware,100,75,0.75,10.23,0.8033,16.04,0,1.65,2.06,57.92,1.49,4.62,2.13,0,0.72,0.85,1.79,1.58,0.33,2.71,0,1,0.05,0.6,0
stored-night,5,smoke-screen+hollow-ground,w0h-l0,planner-one-mistake,100,87,0.87,9.96,0.8046,35.615,0,1.71,2.11,61.84,2.17,3.95,0.82,0.31,0.49,0.15,1.88,1.55,0.32,2.89,0,1,0,0.71,0
stored-night,5,smoke-screen+hollow-ground,w0h+l0,random,100,7,0.07,11.9,0.881,66.892,0,0.9,3.7,84.3,2.54,18.87,0.55,1.89,0.19,0.28,1.26,1.09,0.24,1.49,0,0.5,0.01,0.39,0
stored-night,5,smoke-screen+hollow-ground,w0h+l0,single-water,100,0,0,12,,59.62,0,0.59,4,88.2,3,16.63,0,0,0,0,1,1,0,0,0,0.4,0,0.19,0
stored-night,5,smoke-screen+hollow-ground,w0h+l0,legacy-cycle,100,16,0.16,11.78,0.8854,45.69,0,1.84,4.02,105.36,2.45,23.73,0,0,0,0,1.94,1.74,0.15,3.22,0,1,0,0.84,0
stored-night,5,smoke-screen+hollow-ground,w0h+l0,greedy,100,97,0.97,9.05,0.7466,7,0,1.56,1.76,49.7,1.74,1.45,0.76,0.25,0.42,0.01,1.56,1.25,0.31,1.74,0,1,0,0.56,0
stored-night,5,smoke-screen+hollow-ground,w0h+l0,planner,100,96,0.96,9.15,0.7526,29.75,0,1.65,1.94,56.18,1.47,1.84,0.7,0.27,0.45,0.02,1.66,1.4,0.26,2.49,0,1,0,0.65,0
stored-night,5,smoke-screen+hollow-ground,w0h+l0,forecast-aware,100,87,0.87,10.09,0.817,13.538,0,1.74,2.07,60.5,1.3,4.3,2.07,0,0.72,0.78,1.8,1.59,0.34,2.7,0,1,0.05,0.69,0
stored-night,5,smoke-screen+hollow-ground,w0h+l0,planner-one-mistake,100,93,0.93,9.16,0.7455,36.429,0,1.62,1.97,55.96,1.49,1.49,0.74,0.32,0.36,0.15,1.68,1.4,0.28,2.32,0,1,0,0.62,0
stored-night,5,smoke-screen+hollow-ground,w0h0l-,random,100,6,0.06,11.91,0.875,72.213,0,0.79,3.74,83.17,2.59,18.37,0.49,1.95,0.19,0.28,1.25,1.07,0.27,1.49,0,0.44,0,0.35,0
stored-night,5,smoke-screen+hollow-ground,w0h0l-,single-water,100,0,0,12,,59.62,0,0.59,4,88.2,3,16.63,0,0,0,0,1,1,0,0,0,0.4,0,0.19,0
stored-night,5,smoke-screen+hollow-ground,w0h0l-,legacy-cycle,100,8,0.08,11.92,0.9167,49.196,0,1.92,4.03,107.06,2.3,21.83,0,0,0,0,1.97,1.77,0.15,3.32,0,1,0,0.92,0
stored-night,5,smoke-screen+hollow-ground,w0h0l-,greedy,100,85,0.85,9.43,0.748,14.267,0,1.53,1.72,48.62,2.27,3.11,0.79,0.38,0.55,0.02,1.59,1.29,0.28,1.66,0,1,0,0.53,0
stored-night,5,smoke-screen+hollow-ground,w0h0l-,planner,100,94,0.94,9,0.734,31.5,0,1.52,1.84,50.38,1.97,1.5,0.51,0.24,0.31,0.03,1.64,1.43,0.2,2.45,0,1,0,0.52,0
stored-night,5,smoke-screen+hollow-ground,w0h0l-,forecast-aware,100,71,0.71,10.15,0.7829,16.69,0,1.62,2.05,56.7,1.49,4.5,2.13,0,0.71,0.85,1.79,1.54,0.39,2.64,0,1,0.06,0.56,0
stored-night,5,smoke-screen+hollow-ground,w0h0l-,planner-one-mistake,100,88,0.88,9.24,0.7386,33.417,0,1.54,1.87,51.86,2.1,2.06,0.65,0.33,0.35,0.15,1.63,1.39,0.25,2.27,0,1,0,0.54,0
stored-night,5,smoke-screen+hollow-ground,w0h0l+,random,100,6,0.06,11.92,0.8889,66.468,0,0.91,3.71,84.98,2.57,18.92,0.55,1.89,0.19,0.28,1.26,1.1,0.24,1.49,0,0.49,0.01,0.41,0
stored-night,5,smoke-screen+hollow-ground,w0h0l+,single-water,100,0,0,12,,59.62,0,0.59,4,88.2,3,16.63,0,0,0,0,1,1,0,0,0,0.4,0,0.19,0
stored-night,5,smoke-screen+hollow-ground,w0h0l+,legacy-cycle,100,15,0.15,11.79,0.8833,45.059,0,1.85,3.98,104.62,2.45,23.65,0,0,0,0,1.94,1.74,0.15,3.24,0,1,0,0.85,0
stored-night,5,smoke-screen+hollow-ground,w0h0l+,greedy,100,96,0.96,8.67,0.7109,6,0,1.46,1.65,44.78,1.83,2.73,0.61,0.29,0.31,0.02,1.48,1.12,0.36,1.94,0,1,0,0.46,0
stored-night,5,smoke-screen+hollow-ground,w0h0l+,planner,100,97,0.97,8.69,0.7156,30.333,0,1.52,1.79,49.12,1.45,0.88,0.58,0.22,0.29,0.03,1.57,1.23,0.34,2.48,0,1,0,0.52,0
stored-night,5,smoke-screen+hollow-ground,w0h0l+,forecast-aware,100,85,0.85,9.94,0.798,11.4,0,1.69,1.95,56.26,1.31,4.65,2.1,0,0.73,0.79,1.76,1.51,0.38,2.61,0,1,0.06,0.63,0
stored-night,5,smoke-screen+hollow-ground,w0h0l+,planner-one-mistake,100,93,0.93,9.14,0.7437,34,0,1.59,1.96,54.88,1.6,1.82,0.72,0.3,0.32,0.16,1.72,1.4,0.33,2.34,0,1,0,0.59,0
stored-night,5,smoke-screen+sluice-jam,w0h0l0,random,100,2,0.02,11.96,0.8333,72.837,0,0.76,3.66,80.32,2.54,17.76,0.67,2.24,0.28,0.33,0.98,0.83,0.22,1.33,0,0.42,0,0.34,0
stored-night,5,smoke-screen+sluice-jam,w0h0l0,single-water,100,0,0,12,,68.32,0,0.32,4,85.53,2.99,14.92,0,0,0,0,1,1,0,0,0,0.2,0,0.12,0
stored-night,5,smoke-screen+sluice-jam,w0h0l0,legacy-cycle,100,4,0.04,11.94,0.875,47.271,0,1.94,4.02,107.95,2.46,26.54,0,0,0,0,1.97,1.83,0.14,3.61,0,0.99,0,0.95,0
stored-night,5,smoke-screen+sluice-jam,w0h0l0,greedy,100,99,0.99,8.39,0.6961,9,0,1.34,1.24,33.2,1.98,2.54,0.76,0.26,0.48,0.02,1.45,1.24,0.21,1.59,0,1,0,0.34,0
stored-night,5,smoke-screen+sluice-jam,w0h0l0,planner,100,100,1,8.51,0.7092,,0,1.45,1.52,41.86,1.77,3.14,0.61,0.24,0.36,0.06,1.55,1.22,0.33,2.58,0,1,0,0.45,0
stored-night,5,smoke-screen+sluice-jam,w0h0l0,forecast-aware,100,82,0.82,10.18,0.815,15.944,0,1.6,1.93,52.52,1.14,4.08,2.57,0,0.78,1.13,1.72,1.58,0.36,2.65,0,1,0.08,0.52,0
stored-night,5,smoke-screen+sluice-jam,w0h0l0,planner-one-mistake,100,99,0.99,8.45,0.7012,29,0,1.37,1.4,36.98,1.92,2.94,0.68,0.21,0.32,0.15,1.52,1.21,0.32,2.35,0,1,0.01,0.36,0
stored-night,5,smoke-screen+sluice-jam,w-h-l-,random,100,2,0.02,11.99,0.9583,76.745,0,0.44,3.67,73.48,2.61,17.22,0.67,2.26,0.29,0.34,0.99,0.84,0.24,1.34,0,0.27,0,0.17,0
stored-night,5,smoke-screen+sluice-jam,w-h-l-,single-water,100,0,0,12,,75.26,0,0,4,81.36,3,14.57,0,0,0,0,1,1,0,0,0,0,0,0,0
stored-night,5,smoke-screen+sluice-jam,w-h-l-,legacy-cycle,100,1,0.01,11.99,0.9167,64.646,0,1.93,4.02,107.71,2.8,29.25,0,0,0,0,1.96,1.83,0.19,3.64,0,0.97,0,0.96,0
stored-night,5,smoke-screen+sluice-jam,w-h-l-,greedy,100,83,0.83,9.85,0.7841,20.706,0,1.58,1.58,47.42,2.43,3.14,1.17,0.24,0.79,0.02,1.74,1.45,0.28,1.89,0,1,0,0.58,0
stored-night,5,smoke-screen+sluice-jam,w-h-l-,planner,100,82,0.82,9.76,0.7724,31.333,0,1.58,1.73,50.62,2.27,3.71,1.03,0.23,0.67,0.09,1.68,1.39,0.3,2.71,0,1,0,0.58,0
stored-night,5,smoke-screen+sluice-jam,w-h-l-,forecast-aware,100,53,0.53,10.79,0.8097,23.489,0,1.66,2.17,58.56,1.28,4.25,2.76,0,0.78,1.22,1.83,1.67,0.42,2.95,0,1,0.11,0.55,0
stored-night,5,smoke-screen+sluice-jam,w-h-l-,planner-one-mistake,100,69,0.69,10.1,0.7705,30.581,0,1.6,1.9,54.62,2.28,3.24,1.21,0.21,0.62,0.18,1.7,1.53,0.21,2.62,0,1,0.01,0.59,0
stored-night,5,smoke-screen+sluice-jam,w+h+l+,random,100,10,0.1,11.85,0.875,71.678,0,0.86,3.58,80.14,2.5,18.1,0.66,2.22,0.26,0.32,0.98,0.8,0.25,1.31,0,0.5,0,0.36,0
stored-night,5,smoke-screen+sluice-jam,w+h+l+,single-water,100,0,0,12,,65.02,0,0.78,4,91.43,2.97,15.27,0,0,0,0,1,1,0,0,0,0.45,0,0.33,0
stored-night,5,smoke-screen+sluice-jam,w+h+l+,legacy-cycle,100,28,0.28,11.33,0.8006,45.403,0,1.72,3.71,95.56,2.53,28.68,0,0,0,0,1.9,1.62,0.29,3.28,0,1,0,0.72,0
stored-night,5,smoke-screen+sluice-jam,w+h+l+,greedy,100,100,1,8.11,0.6758,,0,1.4,1.36,37.4,1.39,2.33,0.81,0.19,0.46,0.02,1.33,1.13,0.2,1.45,0,1,0,0.4,0
stored-night,5,smoke-screen+sluice-jam,w+h+l+,planner,100,99,0.99,8.38,0.6953,29,0,1.57,1.76,50.08,1.14,1.53,0.64,0.28,0.34,0.05,1.49,1.17,0.32,2.59,0,1,0,0.57,0
stored-night,5,smoke-screen+sluice-jam,w+h+l+,forecast-aware,100,92,0.92,9.68,0.7899,11,0,1.68,1.82,51.3,0.91,3.6,2.45,0,0.72,1.01,1.6,1.49,0.3,2.49,0,1,0.12,0.56,0
stored-night,5,smoke-screen+sluice-jam,w+h+l+,planner-one-mistake,100,100,1,8.14,0.6783,,0,1.46,1.56,42.58,1.13,1.19,0.81,0.17,0.28,0.16,1.36,1.06,0.31,2.46,0,1,0.01,0.45,0
stored-night,5,smoke-screen+sluice-jam,w-h0l0,random,100,1,0.01,11.97,0.75,73.364,0,0.64,3.66,77.97,2.57,17.65,0.69,2.23,0.28,0.34,0.98,0.83,0.23,1.33,0,0.36,0,0.28,0
stored-night,5,smoke-screen+sluice-jam,w-h0l0,single-water,100,0,0,12,,75.26,0,0,4,81.36,3,14.57,0,0,0,0,1,1,0,0,0,0,0,0,0
stored-night,5,smoke-screen+sluice-jam,w-h0l0,legacy-cycle,100,2,0.02,11.99,0.9583,51.939,0,1.96,4.05,108.85,2.42,25.63,0,0,0,0,1.97,1.84,0.14,3.64,0,0.99,0,0.97,0
stored-night,5,smoke-screen+sluice-jam,w-h0l0,greedy,100,94,0.94,8.84,0.7199,16,0,1.4,1.39,38.14,2.2,2.45,0.76,0.22,0.53,0.02,1.43,1.24,0.19,1.47,0,1,0,0.4,0
stored-night,5,smoke-screen+sluice-jam,w-h0l0,planner,100,95,0.95,8.9,0.7281,29.8,0,1.48,1.57,44.1,1.91,3.42,0.7,0.21,0.45,0.06,1.6,1.34,0.26,2.64,0,1,0,0.48,0
stored-night,5,smoke-screen+sluice-jam,w-h0l0,forecast-aware,100,70,0.7,10.52,0.8238,19.367,0,1.68,2.1,57.96,1.23,4.11,2.66,0,0.8,1.16,1.84,1.64,0.44,2.79,0,1,0.1,0.58,0
stored-night,5,smoke-screen+sluice-jam,w-h0l0,planner-one-mistake,100,92,0.92,9.36,0.7609,25.5,0,1.58,1.76,50.52,1.89,3.36,0.92,0.26,0.44,0.17,1.66,1.47,0.2,2.97,0,1,0.01,0.57,0
stored-night,5,smoke-screen+sluice-jam,w+h0l0,random,100,4,0.04,11.95,0.8958,72.188,0,0.82,3.65,80.71,2.52,17.75,0.68,2.23,0.28,0.34,0.98,0.82,0.23,1.33,0,0.46,0,0.36,0
stored-night,5,smoke-screen+sluice-jam,w+h0l0,single-water,100,0,0,12,,65.02,0,0.78,4,91.43,2.97,15.27,0,0,0,0,1,1,0,0,0,0.45,0,0.33,0
stored-night,5,smoke-screen+sluice-jam,w+h0l0,legacy-cycle,100,8,0.08,11.86,0.8542,44.174,0,1.9,3.99,106.28,2.43,26.56,0,0,0,0,1.96,1.82,0.14,3.58,0,0.99,0,0.91,0
stored-night,5,smoke-screen+sluice-jam,w+h0l0,greedy,100,99,0.99,8.3,0.6886,15,0,1.37,1.3,35.32,1.73,2.76,0.74,0.24,0.48,0.03,1.43,1.17,0.26,1.65,0,1,0,0.37,0
stored-night,5,smoke-screen+sluice-jam,w+h0l0,planner,100,100,1,8.57,0.7142,,0,1.52,1.6,45.48,1.44,2.61,0.68,0.29,0.43,0.05,1.51,1.2,0.3,2.61,0,1,0,0.52,0
stored-night,5,smoke-screen+sluice-jam,w+h0l0,forecast-aware,100,86,0.86,9.82,0.7888,13.571,0,1.55,1.83,48.98,1.09,4.16,2.46,0,0.71,1.09,1.65,1.5,0.37,2.44,0,1,0.08,0.47,0
stored-night,5,smoke-screen+sluice-jam,w+h0l0,planner-one-mistake,100,99,0.99,8.38,0.6953,25,0,1.39,1.4,37.5,1.7,2.84,0.74,0.16,0.34,0.15,1.51,1.12,0.4,2.27,0,1,0.01,0.38,0
stored-night,5,smoke-screen+sluice-jam,w0h-l0,random,100,2,0.02,11.99,0.9583,73.633,0,0.66,3.66,77.92,2.55,17.35,0.69,2.24,0.29,0.33,0.99,0.84,0.24,1.34,0,0.38,0,0.28,0
stored-night,5,smoke-screen+sluice-jam,w0h-l0,single-water,100,0,0,12,,68.32,0,0.32,4,85.53,2.99,14.92,0,0,0,0,1,1,0,0,0,0.2,0,0.12,0
stored-night,5,smoke-screen+sluice-jam,w0h-l0,legacy-cycle,100,3,0.03,11.99,0.9722,50.969,0,1.95,4.04,108.39,2.43,25.68,0,0,0,0,1.97,1.84,0.16,3.64,0,0.99,0,0.96,0
stored-night,5,smoke-screen+sluice-jam,w0h-l0,greedy,100,94,0.94,8.8,0.7163,12.5,0,1.39,1.36,37.22,2.22,3.53,0.81,0.23,0.53,0.02,1.48,1.23,0.24,1.79,0,1,0,0.39,0
stored-night,5,smoke-screen+sluice-jam,w0h-l0,planner,100,95,0.95,9.29,0.7623,28.6,0,1.6,1.66,49.5,1.88,4.11,0.84,0.2,0.58,0.05,1.69,1.38,0.29,2.69,0,1,0,0.6,0
stored-night,5,smoke-screen+sluice-jam,w0h-l0,forecast-aware,100,75,0.75,10.5,0.8333,18.64,0,1.64,2.04,55.76,1.22,4.25,2.68,0,0.79,1.19,1.8,1.64,0.39,2.81,0,1,0.09,0.55,0
stored-night,5,smoke-screen+sluice-jam,w0h-l0,planner-one-mistake,100,91,0.91,9.3,0.7527,28.222,0,1.54,1.7,48.44,2.09,4.15,0.84,0.2,0.46,0.14,1.72,1.42,0.31,2.57,0,1,0.01,0.53,0
stored-night,5,smoke-screen+sluice-jam,w0h+l0,random,100,5,0.05,11.94,0.9,71.611,0,0.76,3.64,80.03,2.53,17.82,0.69,2.22,0.28,0.34,0.98,0.81,0.24,1.33,0,0.43,0,0.33,0
stored-night,5,smoke-screen+sluice-jam,w0h+l0,single-water,100,0,0,12,,68.32,0,0.32,4,85.53,2.99,14.92,0,0,0,0,1,1,0,0,0,0.2,0,0.12,0
stored-night,5,smoke-screen+sluice-jam,w0h+l0,legacy-cycle,100,8,0.08,11.87,0.8646,46.5,0,1.91,4,106.93,2.63,29.42,0,0,0,0,1.97,1.8,0.18,3.58,0,1,0,0.91,0
stored-night,5,smoke-screen+sluice-jam,w0h+l0,greedy,100,98,0.98,8.82,0.7296,13,0,1.5,1.48,42.66,1.7,2.3,0.9,0.21,0.57,0.03,1.43,1.26,0.17,1.37,0,1,0,0.5,0
stored-night,5,smoke-screen+sluice-jam,w0h+l0,planner,100,98,0.98,8.87,0.7338,28.5,0,1.6,1.73,50.66,1.44,2.9,0.72,0.27,0.44,0.05,1.6,1.31,0.29,2.22,0,1,0,0.6,0
stored-night,5,smoke-screen+sluice-jam,w0h+l0,forecast-aware,100,86,0.86,10.03,0.8091,11.714,0,1.63,1.88,51.98,1.06,3.98,2.58,0,0.75,1.11,1.68,1.54,0.36,2.63,0,1,0.09,0.54,0
stored-night,5,smoke-screen+sluice-jam,w0h+l0,planner-one-mistake,100,99,0.99,8.59,0.713,25,0,1.49,1.62,44.8,1.41,1.71,0.82,0.22,0.33,0.16,1.47,1.23,0.25,2.52,0,1,0.01,0.48,0
stored-night,5,smoke-screen+sluice-jam,w0h0l-,random,100,2,0.02,11.97,0.875,74.224,0,0.65,3.67,78.45,2.56,17.4,0.67,2.25,0.28,0.33,0.98,0.83,0.23,1.33,0,0.36,0,0.29,0
stored-night,5,smoke-screen+sluice-jam,w0h0l-,single-water,100,0,0,12,,68.32,0,0.32,4,85.53,2.99,14.92,0,0,0,0,1,1,0,0,0,0.2,0,0.12,0
stored-night,5,smoke-screen+sluice-jam,w0h0l-,legacy-cycle,100,2,0.02,11.98,0.9167,50.837,0,1.96,4.05,108.85,2.43,25.85,0,0,0,0,1.97,1.84,0.14,3.64,0,0.99,0,0.97,0
stored-night,5,smoke-screen+sluice-jam,w0h0l-,greedy,100,96,0.96,8.56,0.7014,8.75,0,1.35,1.18,32.42,2.09,3.17,0.88,0.29,0.59,0.07,1.52,1.29,0.23,1.45,0,1,0,0.35,0
stored-night,5,smoke-screen+sluice-jam,w0h0l-,planner,100,98,0.98,8.59,0.71,22,0,1.43,1.49,40.7,1.89,2.67,0.6,0.3,0.37,0.05,1.57,1.3,0.27,2.44,0,1,0,0.43,0
stored-night,5,smoke-screen+sluice-jam,w0h0l-,forecast-aware,100,77,0.77,10.32,0.8182,20.174,0,1.61,2.01,54.06,1.21,4.14,2.6,0,0.76,1.17,1.79,1.6,0.43,2.73,0,1,0.1,0.51,0
stored-night,5,smoke-screen+sluice-jam,w0h0l-,planner-one-mistake,100,94,0.94,8.68,0.7057,30,0,1.39,1.48,39.38,1.98,3,0.73,0.22,0.33,0.17,1.58,1.32,0.28,2.22,0,1,0.01,0.38,0
stored-night,5,smoke-screen+sluice-jam,w0h0l+,random,100,3,0.03,11.96,0.8889,71.619,0,0.83,3.66,81.48,2.53,17.97,0.67,2.24,0.28,0.33,0.98,0.83,0.22,1.33,0,0.46,0,0.37,0
stored-night,5,smoke-screen+sluice-jam,w0h0l+,single-water,100,0,0,12,,68.32,0,0.32,4,85.53,2.99,14.92,0,0,0,0,1,1,0,0,0,0.2,0,0.12,0
stored-night,5,smoke-screen+sluice-jam,w0h0l+,legacy-cycle,100,5,0.05,11.92,0.8667,46.474,0,1.94,4.03,108.37,2.63,29.27,0,0,0,0,1.97,1.81,0.17,3.6,0,1,0,0.94,0
stored-night,5,smoke-screen+sluice-jam,w0h0l+,greedy,100,99,0.99,8.28,0.6869,5,0,1.36,1.24,33.72,1.74,2.33,0.82,0.19,0.51,0.02,1.43,1.15,0.28,1.68,0,1,0,0.36,0
stored-night,5,smoke-screen+sluice-jam,w0h0l+,planner,100,100,1,8.64,0.72,,0,1.55,1.72,48.7,1.49,1.86,0.65,0.25,0.34,0.07,1.59,1.19,0.4,2.79,0,1,0,0.55,0
stored-night,5,smoke-screen+sluice-jam,w0h0l+,forecast-aware,100,83,0.83,10.08,0.8072,13.059,0,1.63,1.94,53.58,1.1,4.18,2.57,0,0.74,1.13,1.72,1.55,0.38,2.63,0,1,0.08,0.55,0
stored-night,5,smoke-screen+sluice-jam,w0h0l+,planner-one-mistake,100,100,1,8.88,0.74,,0,1.56,1.76,49.7,1.56,2.16,0.78,0.24,0.35,0.15,1.65,1.39,0.27,2.41,0,1,0.01,0.55,0
