level,sequence,deck,scenario,strategy,games,wins,win_rate,avg_end_turn,avg_winning_turn_budget_used,avg_core_remaining_on_loss,illegal_choices,avg_phase_changes,city_repairs,city_repair_amount,shields_raised,shield_absorbed,interrupts,interrupts_failed,repairs_interrupted,shields_interrupted,breaches_opened,breaches_used,breaches_wasted,combos,pulse_refunds,overhaul_started,overhaul_stopped,overhaul_completed,missed_actions,planner_baseline_wins,mistakes_injected,eligible_mistake_games,recoveries_after_mistake,no_eligible_mistake_games,window_not_reached_games,legacy_second_same_semantics,legacy_second_tied,recovery_rate,avg_finite_score_delta,min_finite_score_delta,mistakes_skipping_a_winning_move,avg_level_phase_changes,act_1_id,act_1_reach_rate,act_1_avg_entry_turn,act_2_id,act_2_reach_rate,act_2_avg_entry_turn,act_3_id,act_3_reach_rate,act_3_avg_entry_turn
empty-cup,1,starter,w-h-l-,random,300,1,0.0033,8,1,53.104,0,0,1.87,35.297,0,0,0.13,1.207,0.13,0,0.727,0.517,0.21,0.89,0,0,0,0,0,,,,,,,,,,,,,2,trial-cup,1,1,cut-supply,1,3,empty-cup-quiz,1,5
empty-cup,1,starter,w-h-l-,single-water,300,0,0,8,,58.597,0,0,2,38.967,0,0,0,0,0,0,0.997,0.97,0.027,0,0,0,0,0,0,,,,,,,,,,,,,2,trial-cup,1,1,cut-supply,1,3,empty-cup-quiz,1,5
empty-cup,1,starter,w-h-l-,legacy-cycle,300,0,0,8,,16.037,0,0,2,39,0,0,0,0,0,0,0.257,0.003,0.253,2.87,0,0,0,0,0,,,,,,,,,,,,,2,trial-cup,1,1,cut-supply,1,3,empty-cup-quiz,1,5
empty-cup,1,starter,w-h-l-,greedy,300,257,0.8567,7.373,0.9086,5.767,0,0,1.287,24.947,0,0,0.49,0.107,0.49,0,1.717,1.587,0.13,1.263,0,0,0,0,0,,,,,,,,,,,,,2,trial-cup,1,1,cut-supply,1,3,empty-cup-quiz,1,5
empty-cup,1,starter,w-h-l-,planner,300,265,0.8833,7.123,0.8759,21,0,0,1.15,22.297,0,0,0.487,0.037,0.487,0,1.68,1.577,0.103,1.603,0,0,0,0,0,,,,,,,,,,,,,2,trial-cup,1,1,cut-supply,1,3,empty-cup-quiz,1,5
empty-cup,1,starter,w-h-l-,forecast-aware,300,239,0.7967,7.403,0.9064,4.984,0,0,1.323,25.743,0,0,0.483,0,0.483,0,1.68,1.537,0.143,2.287,0,0,0,0,0,,,,,,,,,,,,,2,trial-cup,1,1,cut-supply,1,3,empty-cup-quiz,1,5
empty-cup,1,starter,w-h-l-,planner-one-mistake,300,242,0.8067,7.583,0.9354,20.397,0,0,1.573,30.48,0,0,0.28,0.047,0.28,0,1.63,1.567,0.063,1.54,0,0,0,0,0,265,300,265,222,0,0,7,11,0.8377,5.3833,0.25,0,2,trial-cup,1,1,cut-supply,1,3,empty-cup-quiz,1,5
empty-cup,1,starter,w-h-l0,random,300,1,0.0033,8,1,53.104,0,0,1.87,35.297,0,0,0.13,1.207,0.13,0,0.727,0.517,0.21,0.89,0,0,0,0,0,,,,,,,,,,,,,2,trial-cup,1,1,cut-supply,1,3,empty-cup-quiz,1,5
empty-cup,1,starter,w-h-l0,single-water,300,0,0,8,,58.597,0,0,2,38.967,0,0,0,0,0,0,0.997,0.97,0.027,0,0,0,0,0,0,,,,,,,,,,,,,2,trial-cup,1,1,cut-supply,1,3,empty-cup-quiz,1,5
empty-cup,1,starter,w-h-l0,legacy-cycle,300,0,0,8,,16.037,0,0,2,39,0,0,0,0,0,0,0.257,0.003,0.253,2.87,0,0,0,0,0,,,,,,,,,,,,,2,trial-cup,1,1,cut-supply,1,3,empty-cup-quiz,1,5
empty-cup,1,starter,w-h-l0,greedy,300,257,0.8567,7.373,0.9086,5.767,0,0,1.287,24.947,0,0,0.49,0.107,0.49,0,1.717,1.587,0.13,1.263,0,0,0,0,0,,,,,,,,,,,,,2,trial-cup,1,1,cut-supply,1,3,empty-cup-quiz,1,5
empty-cup,1,starter,w-h-l0,planner,300,265,0.8833,7.123,0.8759,21,0,0,1.15,22.297,0,0,0.487,0.037,0.487,0,1.68,1.577,0.103,1.603,0,0,0,0,0,,,,,,,,,,,,,2,trial-cup,1,1,cut-supply,1,3,empty-cup-quiz,1,5
empty-cup,1,starter,w-h-l0,forecast-aware,300,239,0.7967,7.403,0.9064,4.984,0,0,1.323,25.743,0,0,0.483,0,0.483,0,1.68,1.537,0.143,2.287,0,0,0,0,0,,,,,,,,,,,,,2,trial-cup,1,1,cut-supply,1,3,empty-cup-quiz,1,5
empty-cup,1,starter,w-h-l0,planner-one-mistake,300,242,0.8067,7.583,0.9354,20.397,0,0,1.573,30.48,0,0,0.28,0.047,0.28,0,1.63,1.567,0.063,1.54,0,0,0,0,0,265,300,265,222,0,0,7,11,0.8377,5.3833,0.25,0,2,trial-cup,1,1,cut-supply,1,3,empty-cup-quiz,1,5
empty-cup,1,starter,w-h-l+,random,300,1,0.0033,8,1,53.104,0,0,1.87,35.297,0,0,0.13,1.207,0.13,0,0.727,0.517,0.21,0.89,0,0,0,0,0,,,,,,,,,,,,,2,trial-cup,1,1,cut-supply,1,3,empty-cup-quiz,1,5
empty-cup,1,starter,w-h-l+,single-water,300,0,0,8,,58.597,0,0,2,38.967,0,0,0,0,0,0,0.997,0.97,0.027,0,0,0,0,0,0,,,,,,,,,,,,,2,trial-cup,1,1,cut-supply,1,3,empty-cup-quiz,1,5
empty-cup,1,starter,w-h-l+,legacy-cycle,300,0,0,8,,16.037,0,0,2,39,0,0,0,0,0,0,0.257,0.003,0.253,2.87,0,0,0,0,0,,,,,,,,,,,,,2,trial-cup,1,1,cut-supply,1,3,empty-cup-quiz,1,5
empty-cup,1,starter,w-h-l+,greedy,300,257,0.8567,7.373,0.9086,5.767,0,0,1.287,24.947,0,0,0.49,0.107,0.49,0,1.717,1.587,0.13,1.263,0,0,0,0,0,,,,,,,,,,,,,2,trial-cup,1,1,cut-supply,1,3,empty-cup-quiz,1,5
empty-cup,1,starter,w-h-l+,planner,300,265,0.8833,7.123,0.8759,21,0,0,1.15,22.297,0,0,0.487,0.037,0.487,0,1.68,1.577,0.103,1.603,0,0,0,0,0,,,,,,,,,,,,,2,trial-cup,1,1,cut-supply,1,3,empty-cup-quiz,1,5
empty-cup,1,starter,w-h-l+,forecast-aware,300,239,0.7967,7.403,0.9064,4.984,0,0,1.323,25.743,0,0,0.483,0,0.483,0,1.68,1.537,0.143,2.287,0,0,0,0,0,,,,,,,,,,,,,2,trial-cup,1,1,cut-supply,1,3,empty-cup-quiz,1,5
empty-cup,1,starter,w-h-l+,planner-one-mistake,300,242,0.8067,7.583,0.9354,20.397,0,0,1.573,30.48,0,0,0.28,0.047,0.28,0,1.63,1.567,0.063,1.54,0,0,0,0,0,265,300,265,222,0,0,7,11,0.8377,5.3833,0.25,0,2,trial-cup,1,1,cut-supply,1,3,empty-cup-quiz,1,5
empty-cup,1,starter,w-h0l-,random,300,1,0.0033,8,1,53.104,0,0,1.87,35.297,0,0,0.13,1.207,0.13,0,0.727,0.517,0.21,0.89,0,0,0,0,0,,,,,,,,,,,,,2,trial-cup,1,1,cut-supply,1,3,empty-cup-quiz,1,5
empty-cup,1,starter,w-h0l-,single-water,300,0,0,8,,58.597,0,0,2,38.967,0,0,0,0,0,0,0.997,0.97,0.027,0,0,0,0,0,0,,,,,,,,,,,,,2,trial-cup,1,1,cut-supply,1,3,empty-cup-quiz,1,5
empty-cup,1,starter,w-h0l-,legacy-cycle,300,0,0,8,,16.037,0,0,2,39,0,0,0,0,0,0,0.257,0.003,0.253,2.87,0,0,0,0,0,,,,,,,,,,,,,2,trial-cup,1,1,cut-supply,1,3,empty-cup-quiz,1,5
empty-cup,1,starter,w-h0l-,greedy,300,257,0.8567,7.373,0.9086,5.767,0,0,1.287,24.947,0,0,0.49,0.107,0.49,0,1.717,1.587,0.13,1.263,0,0,0,0,0,,,,,,,,,,,,,2,trial-cup,1,1,cut-supply,1,3,empty-cup-quiz,1,5
empty-cup,1,starter,w-h0l-,planner,300,265,0.8833,7.123,0.8759,21,0,0,1.15,22.297,0,0,0.487,0.037,0.487,0,1.68,1.577,0.103,1.603,0,0,0,0,0,,,,,,,,,,,,,2,trial-cup,1,1,cut-supply,1,3,empty-cup-quiz,1,5
empty-cup,1,starter,w-h0l-,forecast-aware,300,239,0.7967,7.403,0.9064,4.984,0,0,1.323,25.743,0,0,0.483,0,0.483,0,1.68,1.537,0.143,2.287,0,0,0,0,0,,,,,,,,,,,,,2,trial-cup,1,1,cut-supply,1,3,empty-cup-quiz,1,5
empty-cup,1,starter,w-h0l-,planner-one-mistake,300,242,0.8067,7.583,0.9354,20.397,0,0,1.573,30.48,0,0,0.28,0.047,0.28,0,1.63,1.567,0.063,1.54,0,0,0,0,0,265,300,265,222,0,0,7,11,0.8377,5.3833,0.25,0,2,trial-cup,1,1,cut-supply,1,3,empty-cup-quiz,1,5
empty-cup,1,starter,w-h0l0,random,300,1,0.0033,8,1,53.104,0,0,1.87,35.297,0,0,0.13,1.207,0.13,0,0.727,0.517,0.21,0.89,0,0,0,0,0,,,,,,,,,,,,,2,trial-cup,1,1,cut-supply,1,3,empty-cup-quiz,1,5
empty-cup,1,starter,w-h0l0,single-water,300,0,0,8,,58.597,0,0,2,38.967,0,0,0,0,0,0,0.997,0.97,0.027,0,0,0,0,0,0,,,,,,,,,,,,,2,trial-cup,1,1,cut-supply,1,3,empty-cup-quiz,1,5
empty-cup,1,starter,w-h0l0,legacy-cycle,300,0,0,8,,16.037,0,0,2,39,0,0,0,0,0,0,0.257,0.003,0.253,2.87,0,0,0,0,0,,,,,,,,,,,,,2,trial-cup,1,1,cut-supply,1,3,empty-cup-quiz,1,5
empty-cup,1,starter,w-h0l0,greedy,300,257,0.8567,7.373,0.9086,5.767,0,0,1.287,24.947,0,0,0.49,0.107,0.49,0,1.717,1.587,0.13,1.263,0,0,0,0,0,,,,,,,,,,,,,2,trial-cup,1,1,cut-supply,1,3,empty-cup-quiz,1,5
empty-cup,1,starter,w-h0l0,planner,300,265,0.8833,7.123,0.8759,21,0,0,1.15,22.297,0,0,0.487,0.037,0.487,0,1.68,1.577,0.103,1.603,0,0,0,0,0,,,,,,,,,,,,,2,trial-cup,1,1,cut-supply,1,3,empty-cup-quiz,1,5
empty-cup,1,starter,w-h0l0,forecast-aware,300,239,0.7967,7.403,0.9064,4.984,0,0,1.323,25.743,0,0,0.483,0,0.483,0,1.68,1.537,0.143,2.287,0,0,0,0,0,,,,,,,,,,,,,2,trial-cup,1,1,cut-supply,1,3,empty-cup-quiz,1,5
empty-cup,1,starter,w-h0l0,planner-one-mistake,300,242,0.8067,7.583,0.9354,20.397,0,0,1.573,30.48,0,0,0.28,0.047,0.28,0,1.63,1.567,0.063,1.54,0,0,0,0,0,265,300,265,222,0,0,7,11,0.8377,5.3833,0.25,0,2,trial-cup,1,1,cut-supply,1,3,empty-cup-quiz,1,5
empty-cup,1,starter,w-h0l+,random,300,1,0.0033,8,1,53.104,0,0,1.87,35.297,0,0,0.13,1.207,0.13,0,0.727,0.517,0.21,0.89,0,0,0,0,0,,,,,,,,,,,,,2,trial-cup,1,1,cut-supply,1,3,empty-cup-quiz,1,5
empty-cup,1,starter,w-h0l+,single-water,300,0,0,8,,58.597,0,0,2,38.967,0,0,0,0,0,0,0.997,0.97,0.027,0,0,0,0,0,0,,,,,,,,,,,,,2,trial-cup,1,1,cut-supply,1,3,empty-cup-quiz,1,5
empty-cup,1,starter,w-h0l+,legacy-cycle,300,0,0,8,,16.037,0,0,2,39,0,0,0,0,0,0,0.257,0.003,0.253,2.87,0,0,0,0,0,,,,,,,,,,,,,2,trial-cup,1,1,cut-supply,1,3,empty-cup-quiz,1,5
empty-cup,1,starter,w-h0l+,greedy,300,257,0.8567,7.373,0.9086,5.767,0,0,1.287,24.947,0,0,0.49,0.107,0.49,0,1.717,1.587,0.13,1.263,0,0,0,0,0,,,,,,,,,,,,,2,trial-cup,1,1,cut-supply,1,3,empty-cup-quiz,1,5
empty-cup,1,starter,w-h0l+,planner,300,265,0.8833,7.123,0.8759,21,0,0,1.15,22.297,0,0,0.487,0.037,0.487,0,1.68,1.577,0.103,1.603,0,0,0,0,0,,,,,,,,,,,,,2,trial-cup,1,1,cut-supply,1,3,empty-cup-quiz,1,5
empty-cup,1,starter,w-h0l+,forecast-aware,300,239,0.7967,7.403,0.9064,4.984,0,0,1.323,25.743,0,0,0.483,0,0.483,0,1.68,1.537,0.143,2.287,0,0,0,0,0,,,,,,,,,,,,,2,trial-cup,1,1,cut-supply,1,3,empty-cup-quiz,1,5
empty-cup,1,starter,w-h0l+,planner-one-mistake,300,242,0.8067,7.583,0.9354,20.397,0,0,1.573,30.48,0,0,0.28,0.047,0.28,0,1.63,1.567,0.063,1.54,0,0,0,0,0,265,300,265,222,0,0,7,11,0.8377,5.3833,0.25,0,2,trial-cup,1,1,cut-supply,1,3,empty-cup-quiz,1,5
empty-cup,1,starter,w-h+l-,random,300,1,0.0033,8,1,53.104,0,0,1.87,35.297,0,0,0.13,1.207,0.13,0,0.727,0.517,0.21,0.89,0,0,0,0,0,,,,,,,,,,,,,2,trial-cup,1,1,cut-supply,1,3,empty-cup-quiz,1,5
empty-cup,1,starter,w-h+l-,single-water,300,0,0,8,,58.597,0,0,2,38.967,0,0,0,0,0,0,0.997,0.97,0.027,0,0,0,0,0,0,,,,,,,,,,,,,2,trial-cup,1,1,cut-supply,1,3,empty-cup-quiz,1,5
empty-cup,1,starter,w-h+l-,legacy-cycle,300,0,0,8,,16.037,0,0,2,39,0,0,0,0,0,0,0.257,0.003,0.253,2.87,0,0,0,0,0,,,,,,,,,,,,,2,trial-cup,1,1,cut-supply,1,3,empty-cup-quiz,1,5
empty-cup,1,starter,w-h+l-,greedy,300,257,0.8567,7.373,0.9086,5.767,0,0,1.287,24.947,0,0,0.49,0.107,0.49,0,1.717,1.587,0.13,1.263,0,0,0,0,0,,,,,,,,,,,,,2,trial-cup,1,1,cut-supply,1,3,empty-cup-quiz,1,5
empty-cup,1,starter,w-h+l-,planner,300,265,0.8833,7.123,0.8759,21,0,0,1.15,22.297,0,0,0.487,0.037,0.487,0,1.68,1.577,0.103,1.603,0,0,0,0,0,,,,,,,,,,,,,2,trial-cup,1,1,cut-supply,1,3,empty-cup-quiz,1,5
empty-cup,1,starter,w-h+l-,forecast-aware,300,239,0.7967,7.403,0.9064,4.984,0,0,1.323,25.743,0,0,0.483,0,0.483,0,1.68,1.537,0.143,2.287,0,0,0,0,0,,,,,,,,,,,,,2,trial-cup,1,1,cut-supply,1,3,empty-cup-quiz,1,5
empty-cup,1,starter,w-h+l-,planner-one-mistake,300,242,0.8067,7.583,0.9354,20.397,0,0,1.573,30.48,0,0,0.28,0.047,0.28,0,1.63,1.567,0.063,1.54,0,0,0,0,0,265,300,265,222,0,0,7,11,0.8377,5.3833,0.25,0,2,trial-cup,1,1,cut-supply,1,3,empty-cup-quiz,1,5
empty-cup,1,starter,w-h+l0,random,300,1,0.0033,8,1,53.104,0,0,1.87,35.297,0,0,0.13,1.207,0.13,0,0.727,0.517,0.21,0.89,0,0,0,0,0,,,,,,,,,,,,,2,trial-cup,1,1,cut-supply,1,3,empty-cup-quiz,1,5
empty-cup,1,starter,w-h+l0,single-water,300,0,0,8,,58.597,0,0,2,38.967,0,0,0,0,0,0,0.997,0.97,0.027,0,0,0,0,0,0,,,,,,,,,,,,,2,trial-cup,1,1,cut-supply,1,3,empty-cup-quiz,1,5
empty-cup,1,starter,w-h+l0,legacy-cycle,300,0,0,8,,16.037,0,0,2,39,0,0,0,0,0,0,0.257,0.003,0.253,2.87,0,0,0,0,0,,,,,,,,,,,,,2,trial-cup,1,1,cut-supply,1,3,empty-cup-quiz,1,5
empty-cup,1,starter,w-h+l0,greedy,300,257,0.8567,7.373,0.9086,5.767,0,0,1.287,24.947,0,0,0.49,0.107,0.49,0,1.717,1.587,0.13,1.263,0,0,0,0,0,,,,,,,,,,,,,2,trial-cup,1,1,cut-supply,1,3,empty-cup-quiz,1,5
empty-cup,1,starter,w-h+l0,planner,300,265,0.8833,7.123,0.8759,21,0,0,1.15,22.297,0,0,0.487,0.037,0.487,0,1.68,1.577,0.103,1.603,0,0,0,0,0,,,,,,,,,,,,,2,trial-cup,1,1,cut-supply,1,3,empty-cup-quiz,1,5
empty-cup,1,starter,w-h+l0,forecast-aware,300,239,0.7967,7.403,0.9064,4.984,0,0,1.323,25.743,0,0,0.483,0,0.483,0,1.68,1.537,0.143,2.287,0,0,0,0,0,,,,,,,,,,,,,2,trial-cup,1,1,cut-supply,1,3,empty-cup-quiz,1,5
empty-cup,1,starter,w-h+l0,planner-one-mistake,300,242,0.8067,7.583,0.9354,20.397,0,0,1.573,30.48,0,0,0.28,0.047,0.28,0,1.63,1.567,0.063,1.54,0,0,0,0,0,265,300,265,222,0,0,7,11,0.8377,5.3833,0.25,0,2,trial-cup,1,1,cut-supply,1,3,empty-cup-quiz,1,5
empty-cup,1,starter,w-h+l+,random,300,1,0.0033,8,1,53.104,0,0,1.87,35.297,0,0,0.13,1.207,0.13,0,0.727,0.517,0.21,0.89,0,0,0,0,0,,,,,,,,,,,,,2,trial-cup,1,1,cut-supply,1,3,empty-cup-quiz,1,5
empty-cup,1,starter,w-h+l+,single-water,300,0,0,8,,58.597,0,0,2,38.967,0,0,0,0,0,0,0.997,0.97,0.027,0,0,0,0,0,0,,,,,,,,,,,,,2,trial-cup,1,1,cut-supply,1,3,empty-cup-quiz,1,5
empty-cup,1,starter,w-h+l+,legacy-cycle,300,0,0,8,,16.037,0,0,2,39,0,0,0,0,0,0,0.257,0.003,0.253,2.87,0,0,0,0,0,,,,,,,,,,,,,2,trial-cup,1,1,cut-supply,1,3,empty-cup-quiz,1,5
empty-cup,1,starter,w-h+l+,greedy,300,257,0.8567,7.373,0.9086,5.767,0,0,1.287,24.947,0,0,0.49,0.107,0.49,0,1.717,1.587,0.13,1.263,0,0,0,0,0,,,,,,,,,,,,,2,trial-cup,1,1,cut-supply,1,3,empty-cup-quiz,1,5
empty-cup,1,starter,w-h+l+,planner,300,265,0.8833,7.123,0.8759,21,0,0,1.15,22.297,0,0,0.487,0.037,0.487,0,1.68,1.577,0.103,1.603,0,0,0,0,0,,,,,,,,,,,,,2,trial-cup,1,1,cut-supply,1,3,empty-cup-quiz,1,5
empty-cup,1,starter,w-h+l+,forecast-aware,300,239,0.7967,7.403,0.9064,4.984,0,0,1.323,25.743,0,0,0.483,0,0.483,0,1.68,1.537,0.143,2.287,0,0,0,0,0,,,,,,,,,,,,,2,trial-cup,1,1,cut-supply,1,3,empty-cup-quiz,1,5
empty-cup,1,starter,w-h+l+,planner-one-mistake,300,242,0.8067,7.583,0.9354,20.397,0,0,1.573,30.48,0,0,0.28,0.047,0.28,0,1.63,1.567,0.063,1.54,0,0,0,0,0,265,300,265,222,0,0,7,11,0.8377,5.3833,0.25,0,2,trial-cup,1,1,cut-supply,1,3,empty-cup-quiz,1,5
empty-cup,1,starter,w0h-l-,random,300,2,0.0067,8,1,49.336,0,0,1.87,35.497,0,0,0.13,1.207,0.13,0,0.727,0.517,0.21,0.89,0,0,0,0,0,,,,,,,,,,,,,2,trial-cup,1,1,cut-supply,1,3,empty-cup-quiz,1,5
empty-cup,1,starter,w0h-l-,single-water,300,0,0,8,,43.143,0,0,2,39,0,0,0,0,0,0,0.997,0.97,0.027,0,0,0,0,0,0,,,,,,,,,,,,,2,trial-cup,1,1,cut-supply,1,3,empty-cup-quiz,1,5
empty-cup,1,starter,w0h-l-,legacy-cycle,300,19,0.0633,8,1,8.534,0,0,2,39,0,0,0,0,0,0,0.257,0.003,0.253,2.87,0,0,0,0,0,,,,,,,,,,,,,2,trial-cup,1,1,cut-supply,1,3,empty-cup-quiz,1,5
empty-cup,1,starter,w0h-l-,greedy,300,275,0.9167,7.24,0.8964,3.52,0,0,1.15,22.263,0,0,0.55,0.083,0.55,0,1.577,1.393,0.183,1.48,0,0,0,0,0,,,,,,,,,,,,,2,trial-cup,1,1,cut-supply,1,3,empty-cup-quiz,1,5
empty-cup,1,starter,w0h-l-,planner,300,297,0.99,6.957,0.8683,18.667,0,0,1.09,21.107,0,0,0.487,0.033,0.487,0,1.6,1.493,0.107,1.623,0,0,0,0,0,,,,,,,,,,,,,2,trial-cup,1,1,cut-supply,1,3,empty-cup-quiz,1,5
empty-cup,1,starter,w0h-l-,forecast-aware,300,290,0.9667,7.207,0.8974,3,0,0,1.237,24.01,0,0,0.483,0,0.483,0,1.63,1.463,0.167,2.197,0,0,0,0,0,,,,,,,,,,,,,2,trial-cup,1,1,cut-supply,1,3,empty-cup-quiz,1,5
empty-cup,1,starter,w0h-l-,planner-one-mistake,300,294,0.98,7.51,0.9375,19.167,0,0,1.587,30.733,0,0,0.247,0.063,0.247,0,1.68,1.6,0.08,1.72,0,0,0,0,0,297,300,297,291,0,0,3,38,0.9798,5.8042,0.25,0,2,trial-cup,1,1,cut-supply,1,3,empty-cup-quiz,1,5
empty-cup,1,starter,w0h-l0,random,300,2,0.0067,8,1,49.336,0,0,1.87,35.497,0,0,0.13,1.207,0.13,0,0.727,0.517,0.21,0.89,0,0,0,0,0,,,,,,,,,,,,,2,trial-cup,1,1,cut-supply,1,3,empty-cup-quiz,1,5
empty-cup,1,starter,w0h-l0,single-water,300,0,0,8,,43.143,0,0,2,39,0,0,0,0,0,0,0.997,0.97,0.027,0,0,0,0,0,0,,,,,,,,,,,,,2,trial-cup,1,1,cut-supply,1,3,empty-cup-quiz,1,5
empty-cup,1,starter,w0h-l0,legacy-cycle,300,19,0.0633,8,1,8.534,0,0,2,39,0,0,0,0,0,0,0.257,0.003,0.253,2.87,0,0,0,0,0,,,,,,,,,,,,,2,trial-cup,1,1,cut-supply,1,3,empty-cup-quiz,1,5
empty-cup,1,starter,w0h-l0,greedy,300,275,0.9167,7.24,0.8964,3.52,0,0,1.15,22.263,0,0,0.55,0.083,0.55,0,1.577,1.393,0.183,1.48,0,0,0,0,0,,,,,,,,,,,,,2,trial-cup,1,1,cut-supply,1,3,empty-cup-quiz,1,5
empty-cup,1,starter,w0h-l0,planner,300,297,0.99,6.957,0.8683,18.667,0,0,1.09,21.107,0,0,0.487,0.033,0.487,0,1.6,1.493,0.107,1.623,0,0,0,0,0,,,,,,,,,,,,,2,trial-cup,1,1,cut-supply,1,3,empty-cup-quiz,1,5
empty-cup,1,starter,w0h-l0,forecast-aware,300,290,0.9667,7.207,0.8974,3,0,0,1.237,24.01,0,0,0.483,0,0.483,0,1.63,1.463,0.167,2.197,0,0,0,0,0,,,,,,,,,,,,,2,trial-cup,1,1,cut-supply,1,3,empty-cup-quiz,1,5
empty-cup,1,starter,w0h-l0,planner-one-mistake,300,294,0.98,7.51,0.9375,19.167,0,0,1.587,30.733,0,0,0.247,0.063,0.247,0,1.68,1.6,0.08,1.72,0,0,0,0,0,297,300,297,291,0,0,3,38,0.9798,5.8042,0.25,0,2,trial-cup,1,1,cut-supply,1,3,empty-cup-quiz,1,5
empty-cup,1,starter,w0h-l+,random,300,2,0.0067,8,1,49.336,0,0,1.87,35.497,0,0,0.13,1.207,0.13,0,0.727,0.517,0.21,0.89,0,0,0,0,0,,,,,,,,,,,,,2,trial-cup,1,1,cut-supply,1,3,empty-cup-quiz,1,5
empty-cup,1,starter,w0h-l+,single-water,300,0,0,8,,43.143,0,0,2,39,0,0,0,0,0,0,0.997,0.97,0.027,0,0,0,0,0,0,,,,,,,,,,,,,2,trial-cup,1,1,cut-supply,1,3,empty-cup-quiz,1,5
empty-cup,1,starter,w0h-l+,legacy-cycle,300,19,0.0633,8,1,8.534,0,0,2,39,0,0,0,0,0,0,0.257,0.003,0.253,2.87,0,0,0,0,0,,,,,,,,,,,,,2,trial-cup,1,1,cut-supply,1,3,empty-cup-quiz,1,5
empty-cup,1,starter,w0h-l+,greedy,300,275,0.9167,7.24,0.8964,3.52,0,0,1.15,22.263,0,0,0.55,0.083,0.55,0,1.577,1.393,0.183,1.48,0,0,0,0,0,,,,,,,,,,,,,2,trial-cup,1,1,cut-supply,1,3,empty-cup-quiz,1,5
empty-cup,1,starter,w0h-l+,planner,300,297,0.99,6.957,0.8683,18.667,0,0,1.09,21.107,0,0,0.487,0.033,0.487,0,1.6,1.493,0.107,1.623,0,0,0,0,0,,,,,,,,,,,,,2,trial-cup,1,1,cut-supply,1,3,empty-cup-quiz,1,5
empty-cup,1,starter,w0h-l+,forecast-aware,300,290,0.9667,7.207,0.8974,3,0,0,1.237,24.01,0,0,0.483,0,0.483,0,1.63,1.463,0.167,2.197,0,0,0,0,0,,,,,,,,,,,,,2,trial-cup,1,1,cut-supply,1,3,empty-cup-quiz,1,5
empty-cup,1,starter,w0h-l+,planner-one-mistake,300,294,0.98,7.51,0.9375,19.167,0,0,1.587,30.733,0,0,0.247,0.063,0.247,0,1.68,1.6,0.08,1.72,0,0,0,0,0,297,300,297,291,0,0,3,38,0.9798,5.8042,0.25,0,2,trial-cup,1,1,cut-supply,1,3,empty-cup-quiz,1,5
empty-cup,1,starter,w0h0l-,random,300,2,0.0067,8,1,49.336,0,0,1.87,35.497,0,0,0.13,1.207,0.13,0,0.727,0.517,0.21,0.89,0,0,0,0,0,,,,,,,,,,,,,2,trial-cup,1,1,cut-supply,1,3,empty-cup-quiz,1,5
empty-cup,1,starter,w0h0l-,single-water,300,0,0,8,,43.143,0,0,2,39,0,0,0,0,0,0,0.997,0.97,0.027,0,0,0,0,0,0,,,,,,,,,,,,,2,trial-cup,1,1,cut-supply,1,3,empty-cup-quiz,1,5
empty-cup,1,starter,w0h0l-,legacy-cycle,300,19,0.0633,8,1,8.534,0,0,2,39,0,0,0,0,0,0,0.257,0.003,0.253,2.87,0,0,0,0,0,,,,,,,,,,,,,2,trial-cup,1,1,cut-supply,1,3,empty-cup-quiz,1,5
empty-cup,1,starter,w0h0l-,greedy,300,275,0.9167,7.24,0.8964,3.52,0,0,1.15,22.263,0,0,0.55,0.083,0.55,0,1.577,1.393,0.183,1.48,0,0,0,0,0,,,,,,,,,,,,,2,trial-cup,1,1,cut-supply,1,3,empty-cup-quiz,1,5
empty-cup,1,starter,w0h0l-,planner,300,297,0.99,6.957,0.8683,18.667,0,0,1.09,21.107,0,0,0.487,0.033,0.487,0,1.6,1.493,0.107,1.623,0,0,0,0,0,,,,,,,,,,,,,2,trial-cup,1,1,cut-supply,1,3,empty-cup-quiz,1,5
empty-cup,1,starter,w0h0l-,forecast-aware,300,290,0.9667,7.207,0.8974,3,0,0,1.237,24.01,0,0,0.483,0,0.483,0,1.63,1.463,0.167,2.197,0,0,0,0,0,,,,,,,,,,,,,2,trial-cup,1,1,cut-supply,1,3,empty-cup-quiz,1,5
empty-cup,1,starter,w0h0l-,planner-one-mistake,300,294,0.98,7.51,0.9375,19.167,0,0,1.587,30.733,0,0,0.247,0.063,0.247,0,1.68,1.6,0.08,1.72,0,0,0,0,0,297,300,297,291,0,0,3,38,0.9798,5.8042,0.25,0,2,trial-cup,1,1,cut-supply,1,3,empty-cup-quiz,1,5
empty-cup,1,starter,w0h0l0,random,300,2,0.0067,8,1,49.336,0,0,1.87,35.497,0,0,0.13,1.207,0.13,0,0.727,0.517,0.21,0.89,0,0,0,0,0,,,,,,,,,,,,,2,trial-cup,1,1,cut-supply,1,3,empty-cup-quiz,1,5
empty-cup,1,starter,w0h0l0,single-water,300,0,0,8,,43.143,0,0,2,39,0,0,0,0,0,0,0.997,0.97,0.027,0,0,0,0,0,0,,,,,,,,,,,,,2,trial-cup,1,1,cut-supply,1,3,empty-cup-quiz,1,5
empty-cup,1,starter,w0h0l0,legacy-cycle,300,19,0.0633,8,1,8.534,0,0,2,39,0,0,0,0,0,0,0.257,0.003,0.253,2.87,0,0,0,0,0,,,,,,,,,,,,,2,trial-cup,1,1,cut-supply,1,3,empty-cup-quiz,1,5
empty-cup,1,starter,w0h0l0,greedy,300,275,0.9167,7.24,0.8964,3.52,0,0,1.15,22.263,0,0,0.55,0.083,0.55,0,1.577,1.393,0.183,1.48,0,0,0,0,0,,,,,,,,,,,,,2,trial-cup,1,1,cut-supply,1,3,empty-cup-quiz,1,5
empty-cup,1,starter,w0h0l0,planner,300,297,0.99,6.957,0.8683,18.667,0,0,1.09,21.107,0,0,0.487,0.033,0.487,0,1.6,1.493,0.107,1.623,0,0,0,0,0,,,,,,,,,,,,,2,trial-cup,1,1,cut-supply,1,3,empty-cup-quiz,1,5
empty-cup,1,starter,w0h0l0,forecast-aware,300,290,0.9667,7.207,0.8974,3,0,0,1.237,24.01,0,0,0.483,0,0.483,0,1.63,1.463,0.167,2.197,0,0,0,0,0,,,,,,,,,,,,,2,trial-cup,1,1,cut-supply,1,3,empty-cup-quiz,1,5
empty-cup,1,starter,w0h0l0,planner-one-mistake,300,294,0.98,7.51,0.9375,19.167,0,0,1.587,30.733,0,0,0.247,0.063,0.247,0,1.68,1.6,0.08,1.72,0,0,0,0,0,297,300,297,291,0,0,3,38,0.9798,5.8042,0.25,0,2,trial-cup,1,1,cut-supply,1,3,empty-cup-quiz,1,5
empty-cup,1,starter,w0h0l+,random,300,2,0.0067,8,1,49.336,0,0,1.87,35.497,0,0,0.13,1.207,0.13,0,0.727,0.517,0.21,0.89,0,0,0,0,0,,,,,,,,,,,,,2,trial-cup,1,1,cut-supply,1,3,empty-cup-quiz,1,5
empty-cup,1,starter,w0h0l+,single-water,300,0,0,8,,43.143,0,0,2,39,0,0,0,0,0,0,0.997,0.97,0.027,0,0,0,0,0,0,,,,,,,,,,,,,2,trial-cup,1,1,cut-supply,1,3,empty-cup-quiz,1,5
empty-cup,1,starter,w0h0l+,legacy-cycle,300,19,0.0633,8,1,8.534,0,0,2,39,0,0,0,0,0,0,0.257,0.003,0.253,2.87,0,0,0,0,0,,,,,,,,,,,,,2,trial-cup,1,1,cut-supply,1,3,empty-cup-quiz,1,5
empty-cup,1,starter,w0h0l+,greedy,300,275,0.9167,7.24,0.8964,3.52,0,0,1.15,22.263,0,0,0.55,0.083,0.55,0,1.577,1.393,0.183,1.48,0,0,0,0,0,,,,,,,,,,,,,2,trial-cup,1,1,cut-supply,1,3,empty-cup-quiz,1,5
empty-cup,1,starter,w0h0l+,planner,300,297,0.99,6.957,0.8683,18.667,0,0,1.09,21.107,0,0,0.487,0.033,0.487,0,1.6,1.493,0.107,1.623,0,0,0,0,0,,,,,,,,,,,,,2,trial-cup,1,1,cut-supply,1,3,empty-cup-quiz,1,5
empty-cup,1,starter,w0h0l+,forecast-aware,300,290,0.9667,7.207,0.8974,3,0,0,1.237,24.01,0,0,0.483,0,0.483,0,1.63,1.463,0.167,2.197,0,0,0,0,0,,,,,,,,,,,,,2,trial-cup,1,1,cut-supply,1,3,empty-cup-quiz,1,5
empty-cup,1,starter,w0h0l+,planner-one-mistake,300,294,0.98,7.51,0.9375,19.167,0,0,1.587,30.733,0,0,0.247,0.063,0.247,0,1.68,1.6,0.08,1.72,0,0,0,0,0,297,300,297,291,0,0,3,38,0.9798,5.8042,0.25,0,2,trial-cup,1,1,cut-supply,1,3,empty-cup-quiz,1,5
empty-cup,1,starter,w0h+l-,random,300,2,0.0067,8,1,49.336,0,0,1.87,35.497,0,0,0.13,1.207,0.13,0,0.727,0.517,0.21,0.89,0,0,0,0,0,,,,,,,,,,,,,2,trial-cup,1,1,cut-supply,1,3,empty-cup-quiz,1,5
empty-cup,1,starter,w0h+l-,single-water,300,0,0,8,,43.143,0,0,2,39,0,0,0,0,0,0,0.997,0.97,0.027,0,0,0,0,0,0,,,,,,,,,,,,,2,trial-cup,1,1,cut-supply,1,3,empty-cup-quiz,1,5
empty-cup,1,starter,w0h+l-,legacy-cycle,300,19,0.0633,8,1,8.534,0,0,2,39,0,0,0,0,0,0,0.257,0.003,0.253,2.87,0,0,0,0,0,,,,,,,,,,,,,2,trial-cup,1,1,cut-supply,1,3,empty-cup-quiz,1,5
empty-cup,1,starter,w0h+l-,greedy,300,275,0.9167,7.24,0.8964,3.52,0,0,1.15,22.263,0,0,0.55,0.083,0.55,0,1.577,1.393,0.183,1.48,0,0,0,0,0,,,,,,,,,,,,,2,trial-cup,1,1,cut-supply,1,3,empty-cup-quiz,1,5
empty-cup,1,starter,w0h+l-,planner,300,297,0.99,6.957,0.8683,18.667,0,0,1.09,21.107,0,0,0.487,0.033,0.487,0,1.6,1.493,0.107,1.623,0,0,0,0,0,,,,,,,,,,,,,2,trial-cup,1,1,cut-supply,1,3,empty-cup-quiz,1,5
empty-cup,1,starter,w0h+l-,forecast-aware,300,290,0.9667,7.207,0.8974,3,0,0,1.237,24.01,0,0,0.483,0,0.483,0,1.63,1.463,0.167,2.197,0,0,0,0,0,,,,,,,,,,,,,2,trial-cup,1,1,cut-supply,1,3,empty-cup-quiz,1,5
empty-cup,1,starter,w0h+l-,planner-one-mistake,300,294,0.98,7.51,0.9375,19.167,0,0,1.587,30.733,0,0,0.247,0.063,0.247,0,1.68,1.6,0.08,1.72,0,0,0,0,0,297,300,297,291,0,0,3,38,0.9798,5.8042,0.25,0,2,trial-cup,1,1,cut-supply,1,3,empty-cup-quiz,1,5
empty-cup,1,starter,w0h+l0,random,300,2,0.0067,8,1,49.336,0,0,1.87,35.497,0,0,0.13,1.207,0.13,0,0.727,0.517,0.21,0.89,0,0,0,0,0,,,,,,,,,,,,,2,trial-cup,1,1,cut-supply,1,3,empty-cup-quiz,1,5
empty-cup,1,starter,w0h+l0,single-water,300,0,0,8,,43.143,0,0,2,39,0,0,0,0,0,0,0.997,0.97,0.027,0,0,0,0,0,0,,,,,,,,,,,,,2,trial-cup,1,1,cut-supply,1,3,empty-cup-quiz,1,5
empty-cup,1,starter,w0h+l0,legacy-cycle,300,19,0.0633,8,1,8.534,0,0,2,39,0,0,0,0,0,0,0.257,0.003,0.253,2.87,0,0,0,0,0,,,,,,,,,,,,,2,trial-cup,1,1,cut-supply,1,3,empty-cup-quiz,1,5
empty-cup,1,starter,w0h+l0,greedy,300,275,0.9167,7.24,0.8964,3.52,0,0,1.15,22.263,0,0,0.55,0.083,0.55,0,1.577,1.393,0.183,1.48,0,0,0,0,0,,,,,,,,,,,,,2,trial-cup,1,1,cut-supply,1,3,empty-cup-quiz,1,5
empty-cup,1,starter,w0h+l0,planner,300,297,0.99,6.957,0.8683,18.667,0,0,1.09,21.107,0,0,0.487,0.033,0.487,0,1.6,1.493,0.107,1.623,0,0,0,0,0,,,,,,,,,,,,,2,trial-cup,1,1,cut-supply,1,3,empty-cup-quiz,1,5
empty-cup,1,starter,w0h+l0,forecast-aware,300,290,0.9667,7.207,0.8974,3,0,0,1.237,24.01,0,0,0.483,0,0.483,0,1.63,1.463,0.167,2.197,0,0,0,0,0,,,,,,,,,,,,,2,trial-cup,1,1,cut-supply,1,3,empty-cup-quiz,1,5
empty-cup,1,starter,w0h+l0,planner-one-mistake,300,294,0.98,7.51,0.9375,19.167,0,0,1.587,30.733,0,0,0.247,0.063,0.247,0,1.68,1.6,0.08,1.72,0,0,0,0,0,297,300,297,291,0,0,3,38,0.9798,5.8042,0.25,0,2,trial-cup,1,1,cut-supply,1,3,empty-cup-quiz,1,5
empty-cup,1,starter,w0h+l+,random,300,2,0.0067,8,1,49.336,0,0,1.87,35.497,0,0,0.13,1.207,0.13,0,0.727,0.517,0.21,0.89,0,0,0,0,0,,,,,,,,,,,,,2,trial-cup,1,1,cut-supply,1,3,empty-cup-quiz,1,5
empty-cup,1,starter,w0h+l+,single-water,300,0,0,8,,43.143,0,0,2,39,0,0,0,0,0,0,0.997,0.97,0.027,0,0,0,0,0,0,,,,,,,,,,,,,2,trial-cup,1,1,cut-supply,1,3,empty-cup-quiz,1,5
empty-cup,1,starter,w0h+l+,legacy-cycle,300,19,0.0633,8,1,8.534,0,0,2,39,0,0,0,0,0,0,0.257,0.003,0.253,2.87,0,0,0,0,0,,,,,,,,,,,,,2,trial-cup,1,1,cut-supply,1,3,empty-cup-quiz,1,5
empty-cup,1,starter,w0h+l+,greedy,300,275,0.9167,7.24,0.8964,3.52,0,0,1.15,22.263,0,0,0.55,0.083,0.55,0,1.577,1.393,0.183,1.48,0,0,0,0,0,,,,,,,,,,,,,2,trial-cup,1,1,cut-supply,1,3,empty-cup-quiz,1,5
empty-cup,1,starter,w0h+l+,planner,300,297,0.99,6.957,0.8683,18.667,0,0,1.09,21.107,0,0,0.487,0.033,0.487,0,1.6,1.493,0.107,1.623,0,0,0,0,0,,,,,,,,,,,,,2,trial-cup,1,1,cut-supply,1,3,empty-cup-quiz,1,5
empty-cup,1,starter,w0h+l+,forecast-aware,300,290,0.9667,7.207,0.8974,3,0,0,1.237,24.01,0,0,0.483,0,0.483,0,1.63,1.463,0.167,2.197,0,0,0,0,0,,,,,,,,,,,,,2,trial-cup,1,1,cut-supply,1,3,empty-cup-quiz,1,5
empty-cup,1,starter,w0h+l+,planner-one-mistake,300,294,0.98,7.51,0.9375,19.167,0,0,1.587,30.733,0,0,0.247,0.063,0.247,0,1.68,1.6,0.08,1.72,0,0,0,0,0,297,300,297,291,0,0,3,38,0.9798,5.8042,0.25,0,2,trial-cup,1,1,cut-supply,1,3,empty-cup-quiz,1,5
empty-cup,1,starter,w+h-l-,random,300,5,0.0167,8,1,46.132,0,0,1.87,35.59,0,0,0.13,1.207,0.13,0,0.727,0.517,0.21,0.89,0,0,0,0,0,,,,,,,,,,,,,2,trial-cup,1,1,cut-supply,1,3,empty-cup-quiz,1,5
empty-cup,1,starter,w+h-l-,single-water,300,0,0,8,,29.073,0,0,2,39,0,0,0,0,0,0,0.997,0.97,0.027,0,0,0,0,0,0,,,,,,,,,,,,,2,trial-cup,1,1,cut-supply,1,3,empty-cup-quiz,1,5
empty-cup,1,starter,w+h-l-,legacy-cycle,300,195,0.65,8,1,11.848,0,0,2,39,0,0,0,0,0,0,0.257,0.003,0.253,2.87,0,0,0,0,0,,,,,,,,,,,,,2,trial-cup,1,1,cut-supply,1,3,empty-cup-quiz,1,5
empty-cup,1,starter,w+h-l-,greedy,300,295,0.9833,6.777,0.8445,3.2,0,0,0.983,18.973,0,0,0.497,0.09,0.497,0,1.31,1.07,0.24,1.293,0,0,0,0,0,,,,,,,,,,,,,2,trial-cup,1,1,cut-supply,1,3,empty-cup-quiz,1,5
empty-cup,1,starter,w+h-l-,planner,300,299,0.9967,6.567,0.8202,19,0,0,0.96,18.503,0,0,0.433,0.027,0.433,0,1.523,1.21,0.313,1.38,0,0,0,0,0,,,,,,,,,,,,,2,trial-cup,1,1,cut-supply,1,3,empty-cup-quiz,1,5
empty-cup,1,starter,w+h-l-,forecast-aware,300,298,0.9933,6.883,0.8595,3.5,0,0,1.103,21.343,0,0,0.483,0,0.483,0,1.6,1.357,0.243,2.087,0,0,0,0,0,,,,,,,,,,,,,2,trial-cup,1,1,cut-supply,1,3,empty-cup-quiz,1,5
empty-cup,1,starter,w+h-l-,planner-one-mistake,300,300,1,6.87,0.8588,,0,0,1.373,26.467,0,0,0.163,0.033,0.163,0,1.507,1.18,0.327,1.63,0,0,0,0,0,299,300,299,299,0,0,1,79,1,6.8533,1,0,2,trial-cup,1,1,cut-supply,1,3,empty-cup-quiz,1,5
empty-cup,1,starter,w+h-l0,random,300,5,0.0167,8,1,46.132,0,0,1.87,35.59,0,0,0.13,1.207,0.13,0,0.727,0.517,0.21,0.89,0,0,0,0,0,,,,,,,,,,,,,2,trial-cup,1,1,cut-supply,1,3,empty-cup-quiz,1,5
empty-cup,1,starter,w+h-l0,single-water,300,0,0,8,,29.073,0,0,2,39,0,0,0,0,0,0,0.997,0.97,0.027,0,0,0,0,0,0,,,,,,,,,,,,,2,trial-cup,1,1,cut-supply,1,3,empty-cup-quiz,1,5
empty-cup,1,starter,w+h-l0,legacy-cycle,300,195,0.65,8,1,11.848,0,0,2,39,0,0,0,0,0,0,0.257,0.003,0.253,2.87,0,0,0,0,0,,,,,,,,,,,,,2,trial-cup,1,1,cut-supply,1,3,empty-cup-quiz,1,5
empty-cup,1,starter,w+h-l0,greedy,300,295,0.9833,6.777,0.8445,3.2,0,0,0.983,18.973,0,0,0.497,0.09,0.497,0,1.31,1.07,0.24,1.293,0,0,0,0,0,,,,,,,,,,,,,2,trial-cup,1,1,cut-supply,1,3,empty-cup-quiz,1,5
empty-cup,1,starter,w+h-l0,planner,300,299,0.9967,6.567,0.8202,19,0,0,0.96,18.503,0,0,0.433,0.027,0.433,0,1.523,1.21,0.313,1.38,0,0,0,0,0,,,,,,,,,,,,,2,trial-cup,1,1,cut-supply,1,3,empty-cup-quiz,1,5
empty-cup,1,starter,w+h-l0,forecast-aware,300,298,0.9933,6.883,0.8595,3.5,0,0,1.103,21.343,0,0,0.483,0,0.483,0,1.6,1.357,0.243,2.087,0,0,0,0,0,,,,,,,,,,,,,2,trial-cup,1,1,cut-supply,1,3,empty-cup-quiz,1,5
empty-cup,1,starter,w+h-l0,planner-one-mistake,300,300,1,6.87,0.8588,,0,0,1.373,26.467,0,0,0.163,0.033,0.163,0,1.507,1.18,0.327,1.63,0,0,0,0,0,299,300,299,299,0,0,1,79,1,6.8533,1,0,2,trial-cup,1,1,cut-supply,1,3,empty-cup-quiz,1,5
empty-cup,1,starter,w+h-l+,random,300,5,0.0167,8,1,46.132,0,0,1.87,35.59,0,0,0.13,1.207,0.13,0,0.727,0.517,0.21,0.89,0,0,0,0,0,,,,,,,,,,,,,2,trial-cup,1,1,cut-supply,1,3,empty-cup-quiz,1,5
empty-cup,1,starter,w+h-l+,single-water,300,0,0,8,,29.073,0,0,2,39,0,0,0,0,0,0,0.997,0.97,0.027,0,0,0,0,0,0,,,,,,,,,,,,,2,trial-cup,1,1,cut-supply,1,3,empty-cup-quiz,1,5
empty-cup,1,starter,w+h-l+,legacy-cycle,300,195,0.65,8,1,11.848,0,0,2,39,0,0,0,0,0,0,0.257,0.003,0.253,2.87,0,0,0,0,0,,,,,,,,,,,,,2,trial-cup,1,1,cut-supply,1,3,empty-cup-quiz,1,5
empty-cup,1,starter,w+h-l+,greedy,300,295,0.9833,6.777,0.8445,3.2,0,0,0.983,18.973,0,0,0.497,0.09,0.497,0,1.31,1.07,0.24,1.293,0,0,0,0,0,,,,,,,,,,,,,2,trial-cup,1,1,cut-supply,1,3,empty-cup-quiz,1,5
empty-cup,1,starter,w+h-l+,planner,300,299,0.9967,6.567,0.8202,19,0,0,0.96,18.503,0,0,0.433,0.027,0.433,0,1.523,1.21,0.313,1.38,0,0,0,0,0,,,,,,,,,,,,,2,trial-cup,1,1,cut-supply,1,3,empty-cup-quiz,1,5
empty-cup,1,starter,w+h-l+,forecast-aware,300,298,0.9933,6.883,0.8595,3.5,0,0,1.103,21.343,0,0,0.483,0,0.483,0,1.6,1.357,0.243,2.087,0,0,0,0,0,,,,,,,,,,,,,2,trial-cup,1,1,cut-supply,1,3,empty-cup-quiz,1,5
empty-cup,1,starter,w+h-l+,planner-one-mistake,300,300,1,6.87,0.8588,,0,0,1.373,26.467,0,0,0.163,0.033,0.163,0,1.507,1.18,0.327,1.63,0,0,0,0,0,299,300,299,299,0,0,1,79,1,6.8533,1,0,2,trial-cup,1,1,cut-supply,1,3,empty-cup-quiz,1,5
empty-cup,1,starter,w+h0l-,random,300,5,0.0167,8,1,46.132,0,0,1.87,35.59,0,0,0.13,1.207,0.13,0,0.727,0.517,0.21,0.89,0,0,0,0,0,,,,,,,,,,,,,2,trial-cup,1,1,cut-supply,1,3,empty-cup-quiz,1,5
empty-cup,1,starter,w+h0l-,single-water,300,0,0,8,,29.073,0,0,2,39,0,0,0,0,0,0,0.997,0.97,0.027,0,0,0,0,0,0,,,,,,,,,,,,,2,trial-cup,1,1,cut-supply,1,3,empty-cup-quiz,1,5
empty-cup,1,starter,w+h0l-,legacy-cycle,300,195,0.65,8,1,11.848,0,0,2,39,0,0,0,0,0,0,0.257,0.003,0.253,2.87,0,0,0,0,0,,,,,,,,,,,,,2,trial-cup,1,1,cut-supply,1,3,empty-cup-quiz,1,5
empty-cup,1,starter,w+h0l-,greedy,300,295,0.9833,6.777,0.8445,3.2,0,0,0.983,18.973,0,0,0.497,0.09,0.497,0,1.31,1.07,0.24,1.293,0,0,0,0,0,,,,,,,,,,,,,2,trial-cup,1,1,cut-supply,1,3,empty-cup-quiz,1,5
empty-cup,1,starter,w+h0l-,planner,300,299,0.9967,6.567,0.8202,19,0,0,0.96,18.503,0,0,0.433,0.027,0.433,0,1.523,1.21,0.313,1.38,0,0,0,0,0,,,,,,,,,,,,,2,trial-cup,1,1,cut-supply,1,3,empty-cup-quiz,1,5
empty-cup,1,starter,w+h0l-,forecast-aware,300,298,0.9933,6.883,0.8595,3.5,0,0,1.103,21.343,0,0,0.483,0,0.483,0,1.6,1.357,0.243,2.087,0,0,0,0,0,,,,,,,,,,,,,2,trial-cup,1,1,cut-supply,1,3,empty-cup-quiz,1,5
empty-cup,1,starter,w+h0l-,planner-one-mistake,300,300,1,6.87,0.8588,,0,0,1.373,26.467,0,0,0.163,0.033,0.163,0,1.507,1.18,0.327,1.63,0,0,0,0,0,299,300,299,299,0,0,1,79,1,6.8533,1,0,2,trial-cup,1,1,cut-supply,1,3,empty-cup-quiz,1,5
empty-cup,1,starter,w+h0l0,random,300,5,0.0167,8,1,46.132,0,0,1.87,35.59,0,0,0.13,1.207,0.13,0,0.727,0.517,0.21,0.89,0,0,0,0,0,,,,,,,,,,,,,2,trial-cup,1,1,cut-supply,1,3,empty-cup-quiz,1,5
empty-cup,1,starter,w+h0l0,single-water,300,0,0,8,,29.073,0,0,2,39,0,0,0,0,0,0,0.997,0.97,0.027,0,0,0,0,0,0,,,,,,,,,,,,,2,trial-cup,1,1,cut-supply,1,3,empty-cup-quiz,1,5
empty-cup,1,starter,w+h0l0,legacy-cycle,300,195,0.65,8,1,11.848,0,0,2,39,0,0,0,0,0,0,0.257,0.003,0.253,2.87,0,0,0,0,0,,,,,,,,,,,,,2,trial-cup,1,1,cut-supply,1,3,empty-cup-quiz,1,5
empty-cup,1,starter,w+h0l0,greedy,300,295,0.9833,6.777,0.8445,3.2,0,0,0.983,18.973,0,0,0.497,0.09,0.497,0,1.31,1.07,0.24,1.293,0,0,0,0,0,,,,,,,,,,,,,2,trial-cup,1,1,cut-supply,1,3,empty-cup-quiz,1,5
empty-cup,1,starter,w+h0l0,planner,300,299,0.9967,6.567,0.8202,19,0,0,0.96,18.503,0,0,0.433,0.027,0.433,0,1.523,1.21,0.313,1.38,0,0,0,0,0,,,,,,,,,,,,,2,trial-cup,1,1,cut-supply,1,3,empty-cup-quiz,1,5
empty-cup,1,starter,w+h0l0,forecast-aware,300,298,0.9933,6.883,0.8595,3.5,0,0,1.103,21.343,0,0,0.483,0,0.483,0,1.6,1.357,0.243,2.087,0,0,0,0,0,,,,,,,,,,,,,2,trial-cup,1,1,cut-supply,1,3,empty-cup-quiz,1,5
empty-cup,1,starter,w+h0l0,planner-one-mistake,300,300,1,6.87,0.8588,,0,0,1.373,26.467,0,0,0.163,0.033,0.163,0,1.507,1.18,0.327,1.63,0,0,0,0,0,299,300,299,299,0,0,1,79,1,6.8533,1,0,2,trial-cup,1,1,cut-supply,1,3,empty-cup-quiz,1,5
empty-cup,1,starter,w+h0l+,random,300,5,0.0167,8,1,46.132,0,0,1.87,35.59,0,0,0.13,1.207,0.13,0,0.727,0.517,0.21,0.89,0,0,0,0,0,,,,,,,,,,,,,2,trial-cup,1,1,cut-supply,1,3,empty-cup-quiz,1,5
empty-cup,1,starter,w+h0l+,single-water,300,0,0,8,,29.073,0,0,2,39,0,0,0,0,0,0,0.997,0.97,0.027,0,0,0,0,0,0,,,,,,,,,,,,,2,trial-cup,1,1,cut-supply,1,3,empty-cup-quiz,1,5
empty-cup,1,starter,w+h0l+,legacy-cycle,300,195,0.65,8,1,11.848,0,0,2,39,0,0,0,0,0,0,0.257,0.003,0.253,2.87,0,0,0,0,0,,,,,,,,,,,,,2,trial-cup,1,1,cut-supply,1,3,empty-cup-quiz,1,5
empty-cup,1,starter,w+h0l+,greedy,300,295,0.9833,6.777,0.8445,3.2,0,0,0.983,18.973,0,0,0.497,0.09,0.497,0,1.31,1.07,0.24,1.293,0,0,0,0,0,,,,,,,,,,,,,2,trial-cup,1,1,cut-supply,1,3,empty-cup-quiz,1,5
empty-cup,1,starter,w+h0l+,planner,300,299,0.9967,6.567,0.8202,19,0,0,0.96,18.503,0,0,0.433,0.027,0.433,0,1.523,1.21,0.313,1.38,0,0,0,0,0,,,,,,,,,,,,,2,trial-cup,1,1,cut-supply,1,3,empty-cup-quiz,1,5
empty-cup,1,starter,w+h0l+,forecast-aware,300,298,0.9933,6.883,0.8595,3.5,0,0,1.103,21.343,0,0,0.483,0,0.483,0,1.6,1.357,0.243,2.087,0,0,0,0,0,,,,,,,,,,,,,2,trial-cup,1,1,cut-supply,1,3,empty-cup-quiz,1,5
empty-cup,1,starter,w+h0l+,planner-one-mistake,300,300,1,6.87,0.8588,,0,0,1.373,26.467,0,0,0.163,0.033,0.163,0,1.507,1.18,0.327,1.63,0,0,0,0,0,299,300,299,299,0,0,1,79,1,6.8533,1,0,2,trial-cup,1,1,cut-supply,1,3,empty-cup-quiz,1,5
empty-cup,1,starter,w+h+l-,random,300,5,0.0167,8,1,46.132,0,0,1.87,35.59,0,0,0.13,1.207,0.13,0,0.727,0.517,0.21,0.89,0,0,0,0,0,,,,,,,,,,,,,2,trial-cup,1,1,cut-supply,1,3,empty-cup-quiz,1,5
empty-cup,1,starter,w+h+l-,single-water,300,0,0,8,,29.073,0,0,2,39,0,0,0,0,0,0,0.997,0.97,0.027,0,0,0,0,0,0,,,,,,,,,,,,,2,trial-cup,1,1,cut-supply,1,3,empty-cup-quiz,1,5
empty-cup,1,starter,w+h+l-,legacy-cycle,300,195,0.65,8,1,11.848,0,0,2,39,0,0,0,0,0,0,0.257,0.003,0.253,2.87,0,0,0,0,0,,,,,,,,,,,,,2,trial-cup,1,1,cut-supply,1,3,empty-cup-quiz,1,5
empty-cup,1,starter,w+h+l-,greedy,300,295,0.9833,6.777,0.8445,3.2,0,0,0.983,18.973,0,0,0.497,0.09,0.497,0,1.31,1.07,0.24,1.293,0,0,0,0,0,,,,,,,,,,,,,2,trial-cup,1,1,cut-supply,1,3,empty-cup-quiz,1,5
empty-cup,1,starter,w+h+l-,planner,300,299,0.9967,6.567,0.8202,19,0,0,0.96,18.503,0,0,0.433,0.027,0.433,0,1.523,1.21,0.313,1.38,0,0,0,0,0,,,,,,,,,,,,,2,trial-cup,1,1,cut-supply,1,3,empty-cup-quiz,1,5
empty-cup,1,starter,w+h+l-,forecast-aware,300,298,0.9933,6.883,0.8595,3.5,0,0,1.103,21.343,0,0,0.483,0,0.483,0,1.6,1.357,0.243,2.087,0,0,0,0,0,,,,,,,,,,,,,2,trial-cup,1,1,cut-supply,1,3,empty-cup-quiz,1,5
empty-cup,1,starter,w+h+l-,planner-one-mistake,300,300,1,6.87,0.8588,,0,0,1.373,26.467,0,0,0.163,0.033,0.163,0,1.507,1.18,0.327,1.63,0,0,0,0,0,299,300,299,299,0,0,1,79,1,6.8533,1,0,2,trial-cup,1,1,cut-supply,1,3,empty-cup-quiz,1,5
empty-cup,1,starter,w+h+l0,random,300,5,0.0167,8,1,46.132,0,0,1.87,35.59,0,0,0.13,1.207,0.13,0,0.727,0.517,0.21,0.89,0,0,0,0,0,,,,,,,,,,,,,2,trial-cup,1,1,cut-supply,1,3,empty-cup-quiz,1,5
empty-cup,1,starter,w+h+l0,single-water,300,0,0,8,,29.073,0,0,2,39,0,0,0,0,0,0,0.997,0.97,0.027,0,0,0,0,0,0,,,,,,,,,,,,,2,trial-cup,1,1,cut-supply,1,3,empty-cup-quiz,1,5
empty-cup,1,starter,w+h+l0,legacy-cycle,300,195,0.65,8,1,11.848,0,0,2,39,0,0,0,0,0,0,0.257,0.003,0.253,2.87,0,0,0,0,0,,,,,,,,,,,,,2,trial-cup,1,1,cut-supply,1,3,empty-cup-quiz,1,5
empty-cup,1,starter,w+h+l0,greedy,300,295,0.9833,6.777,0.8445,3.2,0,0,0.983,18.973,0,0,0.497,0.09,0.497,0,1.31,1.07,0.24,1.293,0,0,0,0,0,,,,,,,,,,,,,2,trial-cup,1,1,cut-supply,1,3,empty-cup-quiz,1,5
empty-cup,1,starter,w+h+l0,planner,300,299,0.9967,6.567,0.8202,19,0,0,0.96,18.503,0,0,0.433,0.027,0.433,0,1.523,1.21,0.313,1.38,0,0,0,0,0,,,,,,,,,,,,,2,trial-cup,1,1,cut-supply,1,3,empty-cup-quiz,1,5
empty-cup,1,starter,w+h+l0,forecast-aware,300,298,0.9933,6.883,0.8595,3.5,0,0,1.103,21.343,0,0,0.483,0,0.483,0,1.6,1.357,0.243,2.087,0,0,0,0,0,,,,,,,,,,,,,2,trial-cup,1,1,cut-supply,1,3,empty-cup-quiz,1,5
empty-cup,1,starter,w+h+l0,planner-one-mistake,300,300,1,6.87,0.8588,,0,0,1.373,26.467,0,0,0.163,0.033,0.163,0,1.507,1.18,0.327,1.63,0,0,0,0,0,299,300,299,299,0,0,1,79,1,6.8533,1,0,2,trial-cup,1,1,cut-supply,1,3,empty-cup-quiz,1,5
empty-cup,1,starter,w+h+l+,random,300,5,0.0167,8,1,46.132,0,0,1.87,35.59,0,0,0.13,1.207,0.13,0,0.727,0.517,0.21,0.89,0,0,0,0,0,,,,,,,,,,,,,2,trial-cup,1,1,cut-supply,1,3,empty-cup-quiz,1,5
empty-cup,1,starter,w+h+l+,single-water,300,0,0,8,,29.073,0,0,2,39,0,0,0,0,0,0,0.997,0.97,0.027,0,0,0,0,0,0,,,,,,,,,,,,,2,trial-cup,1,1,cut-supply,1,3,empty-cup-quiz,1,5
empty-cup,1,starter,w+h+l+,legacy-cycle,300,195,0.65,8,1,11.848,0,0,2,39,0,0,0,0,0,0,0.257,0.003,0.253,2.87,0,0,0,0,0,,,,,,,,,,,,,2,trial-cup,1,1,cut-supply,1,3,empty-cup-quiz,1,5
empty-cup,1,starter,w+h+l+,greedy,300,295,0.9833,6.777,0.8445,3.2,0,0,0.983,18.973,0,0,0.497,0.09,0.497,0,1.31,1.07,0.24,1.293,0,0,0,0,0,,,,,,,,,,,,,2,trial-cup,1,1,cut-supply,1,3,empty-cup-quiz,1,5
empty-cup,1,starter,w+h+l+,planner,300,299,0.9967,6.567,0.8202,19,0,0,0.96,18.503,0,0,0.433,0.027,0.433,0,1.523,1.21,0.313,1.38,0,0,0,0,0,,,,,,,,,,,,,2,trial-cup,1,1,cut-supply,1,3,empty-cup-quiz,1,5
empty-cup,1,starter,w+h+l+,forecast-aware,300,298,0.9933,6.883,0.8595,3.5,0,0,1.103,21.343,0,0,0.483,0,0.483,0,1.6,1.357,0.243,2.087,0,0,0,0,0,,,,,,,,,,,,,2,trial-cup,1,1,cut-supply,1,3,empty-cup-quiz,1,5
empty-cup,1,starter,w+h+l+,planner-one-mistake,300,300,1,6.87,0.8588,,0,0,1.373,26.467,0,0,0.163,0.033,0.163,0,1.507,1.18,0.327,1.63,0,0,0,0,0,299,300,299,299,0,0,1,79,1,6.8533,1,0,2,trial-cup,1,1,cut-supply,1,3,empty-cup-quiz,1,5
noon-fold,2,starter,w-h-l-,random,300,0,0,9,,72.24,0,0,1.907,40.41,4.817,21.73,0.277,1.197,0.093,0.183,0.567,0.42,0.273,1.043,0,0,0,0,0,,,,,,,,,,,,,2,single-shield,1,1,shift-guard,1,3,crossed-windows,1,5
noon-fold,2,starter,w-h-l-,single-water,300,0,0,9,,60.027,0,0,2,47.98,5,21.927,0,0,0,0,1,1,0.487,0,0,0,0,0,0,,,,,,,,,,,,,2,single-shield,1,1,shift-guard,1,3,crossed-windows,1,5
noon-fold,2,starter,w-h-l-,legacy-cycle,300,0,0,9,,58.75,0,0,2,47.663,5,43.653,0,0,0,0,0.127,0,0.127,2.873,0,0,0,0,0,,,,,,,,,,,,,2,single-shield,1,1,shift-guard,1,3,crossed-windows,1,5
noon-fold,2,starter,w-h-l-,greedy,300,238,0.7933,8.08,0.8711,7.919,0,0,1.11,26.087,4.41,1.58,0.583,0.073,0.533,0.05,1.43,1.093,0.333,1.497,0,0,0,0,0,,,,,,,,,,,,,2,single-shield,1,1,shift-guard,1,3,crossed-windows,1,5
noon-fold,2,starter,w-h-l-,planner,300,248,0.8267,7.983,0.8634,22.538,0,0,1.143,26.807,4.37,1.98,0.493,0.053,0.453,0.04,1.523,1.16,0.363,1.707,0,0,0,0,0,,,,,,,,,,,,,2,single-shield,1,1,shift-guard,1,3,crossed-windows,1,5
noon-fold,2,starter,w-h-l-,forecast-aware,300,189,0.63,8.693,0.9459,13.766,0,0,1.443,34.433,3.773,0.66,1.49,0,0.46,1.03,1.43,0.94,0.467,2.897,0,0,0,0,0,,,,,,,,,,,,,2,single-shield,1,1,shift-guard,1,3,crossed-windows,1,5
noon-fold,2,starter,w-h-l-,planner-one-mistake,300,229,0.7633,8.343,0.9044,25.831,0,0,1.317,31.233,4.487,2.843,0.553,0.053,0.453,0.1,1.553,1.193,0.373,1.8,0,0,0,0,0,248,300,248,202,0,0,13,16,0.8145,7.0967,0.5,0,2,single-shield,1,1,shift-guard,1,3,crossed-windows,1,5
noon-fold,2,starter,w-h-l0,random,300,0,0,9,,72.24,0,0,1.907,40.41,4.817,21.73,0.277,1.197,0.093,0.183,0.567,0.42,0.273,1.043,0,0,0,0,0,,,,,,,,,,,,,2,single-shield,1,1,shift-guard,1,3,crossed-windows,1,5
noon-fold,2,starter,w-h-l0,single-water,300,0,0,9,,60.027,0,0,2,47.98,5,21.927,0,0,0,0,1,1,0.487,0,0,0,0,0,0,,,,,,,,,,,,,2,single-shield,1,1,shift-guard,1,3,crossed-windows,1,5
noon-fold,2,starter,w-h-l0,legacy-cycle,300,0,0,9,,58.75,0,0,2,47.663,5,43.653,0,0,0,0,0.127,0,0.127,2.873,0,0,0,0,0,,,,,,,,,,,,,2,single-shield,1,1,shift-guard,1,3,crossed-windows,1,5
noon-fold,2,starter,w-h-l0,greedy,300,238,0.7933,8.08,0.8711,7.919,0,0,1.11,26.087,4.41,1.58,0.583,0.073,0.533,0.05,1.43,1.093,0.333,1.497,0,0,0,0,0,,,,,,,,,,,,,2,single-shield,1,1,shift-guard,1,3,crossed-windows,1,5
noon-fold,2,starter,w-h-l0,planner,300,248,0.8267,7.983,0.8634,22.538,0,0,1.143,26.807,4.37,1.98,0.493,0.053,0.453,0.04,1.523,1.16,0.363,1.707,0,0,0,0,0,,,,,,,,,,,,,2,single-shield,1,1,shift-guard,1,3,crossed-windows,1,5
noon-fold,2,starter,w-h-l0,forecast-aware,300,189,0.63,8.693,0.9459,13.766,0,0,1.443,34.433,3.773,0.66,1.49,0,0.46,1.03,1.43,0.94,0.467,2.897,0,0,0,0,0,,,,,,,,,,,,,2,single-shield,1,1,shift-guard,1,3,crossed-windows,1,5
noon-fold,2,starter,w-h-l0,planner-one-mistake,300,229,0.7633,8.343,0.9044,25.831,0,0,1.317,31.233,4.487,2.843,0.553,0.053,0.453,0.1,1.553,1.193,0.373,1.8,0,0,0,0,0,248,300,248,202,0,0,13,16,0.8145,7.0967,0.5,0,2,single-shield,1,1,shift-guard,1,3,crossed-windows,1,5
noon-fold,2,starter,w-h-l+,random,300,0,0,9,,72.24,0,0,1.907,40.41,4.817,21.73,0.277,1.197,0.093,0.183,0.567,0.42,0.273,1.043,0,0,0,0,0,,,,,,,,,,,,,2,single-shield,1,1,shift-guard,1,3,crossed-windows,1,5
noon-fold,2,starter,w-h-l+,single-water,300,0,0,9,,60.027,0,0,2,47.98,5,21.927,0,0,0,0,1,1,0.487,0,0,0,0,0,0,,,,,,,,,,,,,2,single-shield,1,1,shift-guard,1,3,crossed-windows,1,5
noon-fold,2,starter,w-h-l+,legacy-cycle,300,0,0,9,,58.75,0,0,2,47.663,5,43.653,0,0,0,0,0.127,0,0.127,2.873,0,0,0,0,0,,,,,,,,,,,,,2,single-shield,1,1,shift-guard,1,3,crossed-windows,1,5
noon-fold,2,starter,w-h-l+,greedy,300,238,0.7933,8.08,0.8711,7.919,0,0,1.11,26.087,4.41,1.58,0.583,0.073,0.533,0.05,1.43,1.093,0.333,1.497,0,0,0,0,0,,,,,,,,,,,,,2,single-shield,1,1,shift-guard,1,3,crossed-windows,1,5
noon-fold,2,starter,w-h-l+,planner,300,248,0.8267,7.983,0.8634,22.538,0,0,1.143,26.807,4.37,1.98,0.493,0.053,0.453,0.04,1.523,1.16,0.363,1.707,0,0,0,0,0,,,,,,,,,,,,,2,single-shield,1,1,shift-guard,1,3,crossed-windows,1,5
noon-fold,2,starter,w-h-l+,forecast-aware,300,189,0.63,8.693,0.9459,13.766,0,0,1.443,34.433,3.773,0.66,1.49,0,0.46,1.03,1.43,0.94,0.467,2.897,0,0,0,0,0,,,,,,,,,,,,,2,single-shield,1,1,shift-guard,1,3,crossed-windows,1,5
noon-fold,2,starter,w-h-l+,planner-one-mistake,300,229,0.7633,8.343,0.9044,25.831,0,0,1.317,31.233,4.487,2.843,0.553,0.053,0.453,0.1,1.553,1.193,0.373,1.8,0,0,0,0,0,248,300,248,202,0,0,13,16,0.8145,7.0967,0.5,0,2,single-shield,1,1,shift-guard,1,3,crossed-windows,1,5
noon-fold,2,starter,w-h0l-,random,300,0,0,9,,69.33,0,0,1.907,41.277,4.817,22.84,0.277,1.197,0.093,0.183,0.567,0.42,0.27,1.043,0,0,0,0,0,,,,,,,,,,,,,2,single-shield,1,1,shift-guard,1,3,crossed-windows,1,5
noon-fold,2,starter,w-h0l-,single-water,300,0,0,9,,60.027,0,0,2,47.98,5,21.927,0,0,0,0,1,1,0.487,0,0,0,0,0,0,,,,,,,,,,,,,2,single-shield,1,1,shift-guard,1,3,crossed-windows,1,5
noon-fold,2,starter,w-h0l-,legacy-cycle,300,0,0,9,,51.873,0,0,2,47.757,5,44.387,0,0,0,0,0.127,0,0.127,2.873,0,0,0,0,0,,,,,,,,,,,,,2,single-shield,1,1,shift-guard,1,3,crossed-windows,1,5
noon-fold,2,starter,w-h0l-,greedy,300,269,0.8967,7.797,0.8509,5.742,0,0,1.017,23.66,4.26,0.747,0.55,0.067,0.507,0.043,1.297,0.95,0.357,1.467,0,0,0,0,0,,,,,,,,,,,,,2,single-shield,1,1,shift-guard,1,3,crossed-windows,1,5
noon-fold,2,starter,w-h0l-,planner,300,279,0.93,7.67,0.8411,22.286,0,0,1.047,24.293,4.227,2.22,0.42,0.053,0.38,0.04,1.39,1,0.387,2.087,0,0,0,0,0,,,,,,,,,,,,,2,single-shield,1,1,shift-guard,1,3,crossed-windows,1,5
noon-fold,2,starter,w-h0l-,forecast-aware,300,222,0.74,8.47,0.9204,11.295,0,0,1.363,32.353,3.653,0.66,1.467,0,0.447,1.02,1.38,0.863,0.493,2.813,0,0,0,0,0,,,,,,,,,,,,,2,single-shield,1,1,shift-guard,1,3,crossed-windows,1,5
noon-fold,2,starter,w-h0l-,planner-one-mistake,300,261,0.87,7.92,0.8621,25.897,0,0,1.163,27.26,4.317,3.05,0.46,0.047,0.377,0.083,1.427,1.107,0.323,1.883,0,0,0,0,0,279,300,279,247,0,0,13,17,0.8853,7.0792,0.5,0,2,single-shield,1,1,shift-guard,1,3,crossed-windows,1,5
noon-fold,2,starter,w-h0l0,random,300,0,0,9,,69.33,0,0,1.907,41.277,4.817,22.84,0.277,1.197,0.093,0.183,0.567,0.42,0.27,1.043,0,0,0,0,0,,,,,,,,,,,,,2,single-shield,1,1,shift-guard,1,3,crossed-windows,1,5
noon-fold,2,starter,w-h0l0,single-water,300,0,0,9,,60.027,0,0,2,47.98,5,21.927,0,0,0,0,1,1,0.487,0,0,0,0,0,0,,,,,,,,,,,,,2,single-shield,1,1,shift-guard,1,3,crossed-windows,1,5
noon-fold,2,starter,w-h0l0,legacy-cycle,300,0,0,9,,51.873,0,0,2,47.757,5,44.387,0,0,0,0,0.127,0,0.127,2.873,0,0,0,0,0,,,,,,,,,,,,,2,single-shield,1,1,shift-guard,1,3,crossed-windows,1,5
noon-fold,2,starter,w-h0l0,greedy,300,269,0.8967,7.797,0.8509,5.742,0,0,1.017,23.66,4.26,0.747,0.55,0.067,0.507,0.043,1.297,0.95,0.357,1.467,0,0,0,0,0,,,,,,,,,,,,,2,single-shield,1,1,shift-guard,1,3,crossed-windows,1,5
noon-fold,2,starter,w-h0l0,planner,300,279,0.93,7.67,0.8411,22.286,0,0,1.047,24.293,4.227,2.22,0.42,0.053,0.38,0.04,1.39,1,0.387,2.087,0,0,0,0,0,,,,,,,,,,,,,2,single-shield,1,1,shift-guard,1,3,crossed-windows,1,5
noon-fold,2,starter,w-h0l0,forecast-aware,300,222,0.74,8.47,0.9204,11.295,0,0,1.363,32.353,3.653,0.66,1.467,0,0.447,1.02,1.38,0.863,0.493,2.813,0,0,0,0,0,,,,,,,,,,,,,2,single-shield,1,1,shift-guard,1,3,crossed-windows,1,5
noon-fold,2,starter,w-h0l0,planner-one-mistake,300,261,0.87,7.92,0.8621,25.897,0,0,1.163,27.26,4.317,3.05,0.46,0.047,0.377,0.083,1.427,1.107,0.323,1.883,0,0,0,0,0,279,300,279,247,0,0,13,17,0.8853,7.0792,0.5,0,2,single-shield,1,1,shift-guard,1,3,crossed-windows,1,5
noon-fold,2,starter,w-h0l+,random,300,0,0,9,,69.33,0,0,1.907,41.277,4.817,22.84,0.277,1.197,0.093,0.183,0.567,0.42,0.27,1.043,0,0,0,0,0,,,,,,,,,,,,,2,single-shield,1,1,shift-guard,1,3,crossed-windows,1,5
noon-fold,2,starter,w-h0l+,single-water,300,0,0,9,,60.027,0,0,2,47.98,5,21.927,0,0,0,0,1,1,0.487,0,0,0,0,0,0,,,,,,,,,,,,,2,single-shield,1,1,shift-guard,1,3,crossed-windows,1,5
noon-fold,2,starter,w-h0l+,legacy-cycle,300,0,0,9,,51.873,0,0,2,47.757,5,44.387,0,0,0,0,0.127,0,0.127,2.873,0,0,0,0,0,,,,,,,,,,,,,2,single-shield,1,1,shift-guard,1,3,crossed-windows,1,5
noon-fold,2,starter,w-h0l+,greedy,300,269,0.8967,7.797,0.8509,5.742,0,0,1.017,23.66,4.26,0.747,0.55,0.067,0.507,0.043,1.297,0.95,0.357,1.467,0,0,0,0,0,,,,,,,,,,,,,2,single-shield,1,1,shift-guard,1,3,crossed-windows,1,5
noon-fold,2,starter,w-h0l+,planner,300,279,0.93,7.67,0.8411,22.286,0,0,1.047,24.293,4.227,2.22,0.42,0.053,0.38,0.04,1.39,1,0.387,2.087,0,0,0,0,0,,,,,,,,,,,,,2,single-shield,1,1,shift-guard,1,3,crossed-windows,1,5
noon-fold,2,starter,w-h0l+,forecast-aware,300,222,0.74,8.47,0.9204,11.295,0,0,1.363,32.353,3.653,0.66,1.467,0,0.447,1.02,1.38,0.863,0.493,2.813,0,0,0,0,0,,,,,,,,,,,,,2,single-shield,1,1,shift-guard,1,3,crossed-windows,1,5
noon-fold,2,starter,w-h0l+,planner-one-mistake,300,261,0.87,7.92,0.8621,25.897,0,0,1.163,27.26,4.317,3.05,0.46,0.047,0.377,0.083,1.427,1.107,0.323,1.883,0,0,0,0,0,279,300,279,247,0,0,13,17,0.8853,7.0792,0.5,0,2,single-shield,1,1,shift-guard,1,3,crossed-windows,1,5
noon-fold,2,starter,w-h+l-,random,300,3,0.01,9,1,67.013,0,0,1.907,41.93,4.817,23.73,0.277,1.197,0.093,0.183,0.567,0.42,0.257,1.043,0,0,0,0,0,,,,,,,,,,,,,2,single-shield,1,1,shift-guard,1,3,crossed-windows,1,5
noon-fold,2,starter,w-h+l-,single-water,300,0,0,9,,60.027,0,0,2,47.98,5,21.927,0,0,0,0,1,1,0.487,0,0,0,0,0,0,,,,,,,,,,,,,2,single-shield,1,1,shift-guard,1,3,crossed-windows,1,5
noon-fold,2,starter,w-h+l-,legacy-cycle,300,0,0,9,,45.657,0,0,2,47.81,5,45.02,0,0,0,0,0.127,0,0.127,2.873,0,0,0,0,0,,,,,,,,,,,,,2,single-shield,1,1,shift-guard,1,3,crossed-windows,1,5
noon-fold,2,starter,w-h+l-,greedy,300,291,0.97,7.32,0.8076,7.333,0,0,0.87,19.847,4.02,1.443,0.457,0.087,0.437,0.02,1.117,0.767,0.34,1.437,0,0,0,0,0,,,,,,,,,,,,,2,single-shield,1,1,shift-guard,1,3,crossed-windows,1,5
noon-fold,2,starter,w-h+l-,planner,300,296,0.9867,7.177,0.7947,24.5,0,0,0.877,19.887,3.943,1.843,0.373,0.037,0.34,0.033,1.183,0.747,0.423,1.89,0,0,0,0,0,,,,,,,,,,,,,2,single-shield,1,1,shift-guard,1,3,crossed-windows,1,5
noon-fold,2,starter,w-h+l-,forecast-aware,300,248,0.8267,8.153,0.8862,9.731,0,0,1.247,29.32,3.54,0.66,1.41,0,0.447,0.963,1.26,0.75,0.493,2.687,0,0,0,0,0,,,,,,,,,,,,,2,single-shield,1,1,shift-guard,1,3,crossed-windows,1,5
noon-fold,2,starter,w-h+l-,planner-one-mistake,300,289,0.9633,7.377,0.8128,25.455,0,0,0.97,22.233,4.013,2.093,0.407,0.05,0.327,0.08,1.203,0.793,0.403,1.593,0,0,0,0,0,296,300,296,285,0,0,11,14,0.9628,6.88,0.5,0,2,single-shield,1,1,shift-guard,1,3,crossed-windows,1,5
noon-fold,2,starter,w-h+l0,random,300,3,0.01,9,1,67.013,0,0,1.907,41.93,4.817,23.73,0.277,1.197,0.093,0.183,0.567,0.42,0.257,1.043,0,0,0,0,0,,,,,,,,,,,,,2,single-shield,1,1,shift-guard,1,3,crossed-windows,1,5
noon-fold,2,starter,w-h+l0,single-water,300,0,0,9,,60.027,0,0,2,47.98,5,21.927,0,0,0,0,1,1,0.487,0,0,0,0,0,0,,,,,,,,,,,,,2,single-shield,1,1,shift-guard,1,3,crossed-windows,1,5
noon-fold,2,starter,w-h+l0,legacy-cycle,300,0,0,9,,45.657,0,0,2,47.81,5,45.02,0,0,0,0,0.127,0,0.127,2.873,0,0,0,0,0,,,,,,,,,,,,,2,single-shield,1,1,shift-guard,1,3,crossed-windows,1,5
noon-fold,2,starter,w-h+l0,greedy,300,291,0.97,7.32,0.8076,7.333,0,0,0.87,19.847,4.02,1.443,0.457,0.087,0.437,0.02,1.117,0.767,0.34,1.437,0,0,0,0,0,,,,,,,,,,,,,2,single-shield,1,1,shift-guard,1,3,crossed-windows,1,5
noon-fold,2,starter,w-h+l0,planner,300,296,0.9867,7.177,0.7947,24.5,0,0,0.877,19.887,3.943,1.843,0.373,0.037,0.34,0.033,1.183,0.747,0.423,1.89,0,0,0,0,0,,,,,,,,,,,,,2,single-shield,1,1,shift-guard,1,3,crossed-windows,1,5
noon-fold,2,starter,w-h+l0,forecast-aware,300,248,0.8267,8.153,0.8862,9.731,0,0,1.247,29.32,3.54,0.66,1.41,0,0.447,0.963,1.26,0.75,0.493,2.687,0,0,0,0,0,,,,,,,,,,,,,2,single-shield,1,1,shift-guard,1,3,crossed-windows,1,5
noon-fold,2,starter,w-h+l0,planner-one-mistake,300,289,0.9633,7.377,0.8128,25.455,0,0,0.97,22.233,4.013,2.093,0.407,0.05,0.327,0.08,1.203,0.793,0.403,1.593,0,0,0,0,0,296,300,296,285,0,0,11,14,0.9628,6.88,0.5,0,2,single-shield,1,1,shift-guard,1,3,crossed-windows,1,5
noon-fold,2,starter,w-h+l+,random,300,3,0.01,9,1,67.013,0,0,1.907,41.93,4.817,23.73,0.277,1.197,0.093,0.183,0.567,0.42,0.257,1.043,0,0,0,0,0,,,,,,,,,,,,,2,single-shield,1,1,shift-guard,1,3,crossed-windows,1,5
noon-fold,2,starter,w-h+l+,single-water,300,0,0,9,,60.027,0,0,2,47.98,5,21.927,0,0,0,0,1,1,0.487,0,0,0,0,0,0,,,,,,,,,,,,,2,single-shield,1,1,shift-guard,1,3,crossed-windows,1,5
noon-fold,2,starter,w-h+l+,legacy-cycle,300,0,0,9,,45.657,0,0,2,47.81,5,45.02,0,0,0,0,0.127,0,0.127,2.873,0,0,0,0,0,,,,,,,,,,,,,2,single-shield,1,1,shift-guard,1,3,crossed-windows,1,5
noon-fold,2,starter,w-h+l+,greedy,300,291,0.97,7.32,0.8076,7.333,0,0,0.87,19.847,4.02,1.443,0.457,0.087,0.437,0.02,1.117,0.767,0.34,1.437,0,0,0,0,0,,,,,,,,,,,,,2,single-shield,1,1,shift-guard,1,3,crossed-windows,1,5
noon-fold,2,starter,w-h+l+,planner,300,296,0.9867,7.177,0.7947,24.5,0,0,0.877,19.887,3.943,1.843,0.373,0.037,0.34,0.033,1.183,0.747,0.423,1.89,0,0,0,0,0,,,,,,,,,,,,,2,single-shield,1,1,shift-guard,1,3,crossed-windows,1,5
noon-fold,2,starter,w-h+l+,forecast-aware,300,248,0.8267,8.153,0.8862,9.731,0,0,1.247,29.32,3.54,0.66,1.41,0,0.447,0.963,1.26,0.75,0.493,2.687,0,0,0,0,0,,,,,,,,,,,,,2,single-shield,1,1,shift-guard,1,3,crossed-windows,1,5
noon-fold,2,starter,w-h+l+,planner-one-mistake,300,289,0.9633,7.377,0.8128,25.455,0,0,0.97,22.233,4.013,2.093,0.407,0.05,0.327,0.08,1.203,0.793,0.403,1.593,0,0,0,0,0,296,300,296,285,0,0,11,14,0.9628,6.88,0.5,0,2,single-shield,1,1,shift-guard,1,3,crossed-windows,1,5
noon-fold,2,starter,w0h-l-,random,300,0,0,9,,72.24,0,0,1.907,40.41,4.817,21.73,0.277,1.197,0.093,0.183,0.567,0.42,0.273,1.043,0,0,0,0,0,,,,,,,,,,,,,2,single-shield,1,1,shift-guard,1,3,crossed-windows,1,5
noon-fold,2,starter,w0h-l-,single-water,300,0,0,9,,60.027,0,0,2,47.98,5,21.927,0,0,0,0,1,1,0.487,0,0,0,0,0,0,,,,,,,,,,,,,2,single-shield,1,1,shift-guard,1,3,crossed-windows,1,5
noon-fold,2,starter,w0h-l-,legacy-cycle,300,0,0,9,,58.75,0,0,2,47.663,5,43.653,0,0,0,0,0.127,0,0.127,2.873,0,0,0,0,0,,,,,,,,,,,,,2,single-shield,1,1,shift-guard,1,3,crossed-windows,1,5
noon-fold,2,starter,w0h-l-,greedy,300,238,0.7933,8.08,0.8711,7.919,0,0,1.11,26.087,4.41,1.58,0.583,0.073,0.533,0.05,1.43,1.093,0.333,1.497,0,0,0,0,0,,,,,,,,,,,,,2,single-shield,1,1,shift-guard,1,3,crossed-windows,1,5
noon-fold,2,starter,w0h-l-,planner,300,248,0.8267,7.983,0.8634,22.538,0,0,1.143,26.807,4.37,1.98,0.493,0.053,0.453,0.04,1.523,1.16,0.363,1.707,0,0,0,0,0,,,,,,,,,,,,,2,single-shield,1,1,shift-guard,1,3,crossed-windows,1,5
noon-fold,2,starter,w0h-l-,forecast-aware,300,189,0.63,8.693,0.9459,13.766,0,0,1.443,34.433,3.773,0.66,1.49,0,0.46,1.03,1.43,0.94,0.467,2.897,0,0,0,0,0,,,,,,,,,,,,,2,single-shield,1,1,shift-guard,1,3,crossed-windows,1,5
noon-fold,2,starter,w0h-l-,planner-one-mistake,300,229,0.7633,8.343,0.9044,25.831,0,0,1.317,31.233,4.487,2.843,0.553,0.053,0.453,0.1,1.553,1.193,0.373,1.8,0,0,0,0,0,248,300,248,202,0,0,13,16,0.8145,7.0967,0.5,0,2,single-shield,1,1,shift-guard,1,3,crossed-windows,1,5
noon-fold,2,starter,w0h-l0,random,300,0,0,9,,72.24,0,0,1.907,40.41,4.817,21.73,0.277,1.197,0.093,0.183,0.567,0.42,0.273,1.043,0,0,0,0,0,,,,,,,,,,,,,2,single-shield,1,1,shift-guard,1,3,crossed-windows,1,5
noon-fold,2,starter,w0h-l0,single-water,300,0,0,9,,60.027,0,0,2,47.98,5,21.927,0,0,0,0,1,1,0.487,0,0,0,0,0,0,,,,,,,,,,,,,2,single-shield,1,1,shift-guard,1,3,crossed-windows,1,5
noon-fold,2,starter,w0h-l0,legacy-cycle,300,0,0,9,,58.75,0,0,2,47.663,5,43.653,0,0,0,0,0.127,0,0.127,2.873,0,0,0,0,0,,,,,,,,,,,,,2,single-shield,1,1,shift-guard,1,3,crossed-windows,1,5
noon-fold,2,starter,w0h-l0,greedy,300,238,0.7933,8.08,0.8711,7.919,0,0,1.11,26.087,4.41,1.58,0.583,0.073,0.533,0.05,1.43,1.093,0.333,1.497,0,0,0,0,0,,,,,,,,,,,,,2,single-shield,1,1,shift-guard,1,3,crossed-windows,1,5
noon-fold,2,starter,w0h-l0,planner,300,248,0.8267,7.983,0.8634,22.538,0,0,1.143,26.807,4.37,1.98,0.493,0.053,0.453,0.04,1.523,1.16,0.363,1.707,0,0,0,0,0,,,,,,,,,,,,,2,single-shield,1,1,shift-guard,1,3,crossed-windows,1,5
noon-fold,2,starter,w0h-l0,forecast-aware,300,189,0.63,8.693,0.9459,13.766,0,0,1.443,34.433,3.773,0.66,1.49,0,0.46,1.03,1.43,0.94,0.467,2.897,0,0,0,0,0,,,,,,,,,,,,,2,single-shield,1,1,shift-guard,1,3,crossed-windows,1,5
noon-fold,2,starter,w0h-l0,planner-one-mistake,300,229,0.7633,8.343,0.9044,25.831,0,0,1.317,31.233,4.487,2.843,0.553,0.053,0.453,0.1,1.553,1.193,0.373,1.8,0,0,0,0,0,248,300,248,202,0,0,13,16,0.8145,7.0967,0.5,0,2,single-shield,1,1,shift-guard,1,3,crossed-windows,1,5
noon-fold,2,starter,w0h-l+,random,300,0,0,9,,72.24,0,0,1.907,40.41,4.817,21.73,0.277,1.197,0.093,0.183,0.567,0.42,0.273,1.043,0,0,0,0,0,,,,,,,,,,,,,2,single-shield,1,1,shift-guard,1,3,crossed-windows,1,5
noon-fold,2,starter,w0h-l+,single-water,300,0,0,9,,60.027,0,0,2,47.98,5,21.927,0,0,0,0,1,1,0.487,0,0,0,0,0,0,,,,,,,,,,,,,2,single-shield,1,1,shift-guard,1,3,crossed-windows,1,5
noon-fold,2,starter,w0h-l+,legacy-cycle,300,0,0,9,,58.75,0,0,2,47.663,5,43.653,0,0,0,0,0.127,0,0.127,2.873,0,0,0,0,0,,,,,,,,,,,,,2,single-shield,1,1,shift-guard,1,3,crossed-windows,1,5
noon-fold,2,starter,w0h-l+,greedy,300,238,0.7933,8.08,0.8711,7.919,0,0,1.11,26.087,4.41,1.58,0.583,0.073,0.533,0.05,1.43,1.093,0.333,1.497,0,0,0,0,0,,,,,,,,,,,,,2,single-shield,1,1,shift-guard,1,3,crossed-windows,1,5
noon-fold,2,starter,w0h-l+,planner,300,248,0.8267,7.983,0.8634,22.538,0,0,1.143,26.807,4.37,1.98,0.493,0.053,0.453,0.04,1.523,1.16,0.363,1.707,0,0,0,0,0,,,,,,,,,,,,,2,single-shield,1,1,shift-guard,1,3,crossed-windows,1,5
noon-fold,2,starter,w0h-l+,forecast-aware,300,189,0.63,8.693,0.9459,13.766,0,0,1.443,34.433,3.773,0.66,1.49,0,0.46,1.03,1.43,0.94,0.467,2.897,0,0,0,0,0,,,,,,,,,,,,,2,single-shield,1,1,shift-guard,1,3,crossed-windows,1,5
noon-fold,2,starter,w0h-l+,planner-one-mistake,300,229,0.7633,8.343,0.9044,25.831,0,0,1.317,31.233,4.487,2.843,0.553,0.053,0.453,0.1,1.553,1.193,0.373,1.8,0,0,0,0,0,248,300,248,202,0,0,13,16,0.8145,7.0967,0.5,0,2,single-shield,1,1,shift-guard,1,3,crossed-windows,1,5
noon-fold,2,starter,w0h0l-,random,300,0,0,9,,69.33,0,0,1.907,41.277,4.817,22.84,0.277,1.197,0.093,0.183,0.567,0.42,0.27,1.043,0,0,0,0,0,,,,,,,,,,,,,2,single-shield,1,1,shift-guard,1,3,crossed-windows,1,5
noon-fold,2,starter,w0h0l-,single-water,300,0,0,9,,60.027,0,0,2,47.98,5,21.927,0,0,0,0,1,1,0.487,0,0,0,0,0,0,,,,,,,,,,,,,2,single-shield,1,1,shift-guard,1,3,crossed-windows,1,5
noon-fold,2,starter,w0h0l-,legacy-cycle,300,0,0,9,,51.873,0,0,2,47.757,5,44.387,0,0,0,0,0.127,0,0.127,2.873,0,0,0,0,0,,,,,,,,,,,,,2,single-shield,1,1,shift-guard,1,3,crossed-windows,1,5
noon-fold,2,starter,w0h0l-,greedy,300,269,0.8967,7.797,0.8509,5.742,0,0,1.017,23.66,4.26,0.747,0.55,0.067,0.507,0.043,1.297,0.95,0.357,1.467,0,0,0,0,0,,,,,,,,,,,,,2,single-shield,1,1,shift-guard,1,3,crossed-windows,1,5
noon-fold,2,starter,w0h0l-,planner,300,279,0.93,7.67,0.8411,22.286,0,0,1.047,24.293,4.227,2.22,0.42,0.053,0.38,0.04,1.39,1,0.387,2.087,0,0,0,0,0,,,,,,,,,,,,,2,single-shield,1,1,shift-guard,1,3,crossed-windows,1,5
noon-fold,2,starter,w0h0l-,forecast-aware,300,222,0.74,8.47,0.9204,11.295,0,0,1.363,32.353,3.653,0.66,1.467,0,0.447,1.02,1.38,0.863,0.493,2.813,0,0,0,0,0,,,,,,,,,,,,,2,single-shield,1,1,shift-guard,1,3,crossed-windows,1,5
noon-fold,2,starter,w0h0l-,planner-one-mistake,300,261,0.87,7.92,0.8621,25.897,0,0,1.163,27.26,4.317,3.05,0.46,0.047,0.377,0.083,1.427,1.107,0.323,1.883,0,0,0,0,0,279,300,279,247,0,0,13,17,0.8853,7.0792,0.5,0,2,single-shield,1,1,shift-guard,1,3,crossed-windows,1,5
noon-fold,2,starter,w0h0l0,random,300,0,0,9,,69.33,0,0,1.907,41.277,4.817,22.84,0.277,1.197,0.093,0.183,0.567,0.42,0.27,1.043,0,0,0,0,0,,,,,,,,,,,,,2,single-shield,1,1,shift-guard,1,3,crossed-windows,1,5
noon-fold,2,starter,w0h0l0,single-water,300,0,0,9,,60.027,0,0,2,47.98,5,21.927,0,0,0,0,1,1,0.487,0,0,0,0,0,0,,,,,,,,,,,,,2,single-shield,1,1,shift-guard,1,3,crossed-windows,1,5
noon-fold,2,starter,w0h0l0,legacy-cycle,300,0,0,9,,51.873,0,0,2,47.757,5,44.387,0,0,0,0,0.127,0,0.127,2.873,0,0,0,0,0,,,,,,,,,,,,,2,single-shield,1,1,shift-guard,1,3,crossed-windows,1,5
noon-fold,2,starter,w0h0l0,greedy,300,269,0.8967,7.797,0.8509,5.742,0,0,1.017,23.66,4.26,0.747,0.55,0.067,0.507,0.043,1.297,0.95,0.357,1.467,0,0,0,0,0,,,,,,,,,,,,,2,single-shield,1,1,shift-guard,1,3,crossed-windows,1,5
noon-fold,2,starter,w0h0l0,planner,300,279,0.93,7.67,0.8411,22.286,0,0,1.047,24.293,4.227,2.22,0.42,0.053,0.38,0.04,1.39,1,0.387,2.087,0,0,0,0,0,,,,,,,,,,,,,2,single-shield,1,1,shift-guard,1,3,crossed-windows,1,5
noon-fold,2,starter,w0h0l0,forecast-aware,300,222,0.74,8.47,0.9204,11.295,0,0,1.363,32.353,3.653,0.66,1.467,0,0.447,1.02,1.38,0.863,0.493,2.813,0,0,0,0,0,,,,,,,,,,,,,2,single-shield,1,1,shift-guard,1,3,crossed-windows,1,5
noon-fold,2,starter,w0h0l0,planner-one-mistake,300,261,0.87,7.92,0.8621,25.897,0,0,1.163,27.26,4.317,3.05,0.46,0.047,0.377,0.083,1.427,1.107,0.323,1.883,0,0,0,0,0,279,300,279,247,0,0,13,17,0.8853,7.0792,0.5,0,2,single-shield,1,1,shift-guard,1,3,crossed-windows,1,5
noon-fold,2,starter,w0h0l+,random,300,0,0,9,,69.33,0,0,1.907,41.277,4.817,22.84,0.277,1.197,0.093,0.183,0.567,0.42,0.27,1.043,0,0,0,0,0,,,,,,,,,,,,,2,single-shield,1,1,shift-guard,1,3,crossed-windows,1,5
noon-fold,2,starter,w0h0l+,single-water,300,0,0,9,,60.027,0,0,2,47.98,5,21.927,0,0,0,0,1,1,0.487,0,0,0,0,0,0,,,,,,,,,,,,,2,single-shield,1,1,shift-guard,1,3,crossed-windows,1,5
noon-fold,2,starter,w0h0l+,legacy-cycle,300,0,0,9,,51.873,0,0,2,47.757,5,44.387,0,0,0,0,0.127,0,0.127,2.873,0,0,0,0,0,,,,,,,,,,,,,2,single-shield,1,1,shift-guard,1,3,crossed-windows,1,5
noon-fold,2,starter,w0h0l+,greedy,300,269,0.8967,7.797,0.8509,5.742,0,0,1.017,23.66,4.26,0.747,0.55,0.067,0.507,0.043,1.297,0.95,0.357,1.467,0,0,0,0,0,,,,,,,,,,,,,2,single-shield,1,1,shift-guard,1,3,crossed-windows,1,5
noon-fold,2,starter,w0h0l+,planner,300,279,0.93,7.67,0.8411,22.286,0,0,1.047,24.293,4.227,2.22,0.42,0.053,0.38,0.04,1.39,1,0.387,2.087,0,0,0,0,0,,,,,,,,,,,,,2,single-shield,1,1,shift-guard,1,3,crossed-windows,1,5
noon-fold,2,starter,w0h0l+,forecast-aware,300,222,0.74,8.47,0.9204,11.295,0,0,1.363,32.353,3.653,0.66,1.467,0,0.447,1.02,1.38,0.863,0.493,2.813,0,0,0,0,0,,,,,,,,,,,,,2,single-shield,1,1,shift-guard,1,3,crossed-windows,1,5
noon-fold,2,starter,w0h0l+,planner-one-mistake,300,261,0.87,7.92,0.8621,25.897,0,0,1.163,27.26,4.317,3.05,0.46,0.047,0.377,0.083,1.427,1.107,0.323,1.883,0,0,0,0,0,279,300,279,247,0,0,13,17,0.8853,7.0792,0.5,0,2,single-shield,1,1,shift-guard,1,3,crossed-windows,1,5
noon-fold,2,starter,w0h+l-,random,300,3,0.01,9,1,67.013,0,0,1.907,41.93,4.817,23.73,0.277,1.197,0.093,0.183,0.567,0.42,0.257,1.043,0,0,0,0,0,,,,,,,,,,,,,2,single-shield,1,1,shift-guard,1,3,crossed-windows,1,5
noon-fold,2,starter,w0h+l-,single-water,300,0,0,9,,60.027,0,0,2,47.98,5,21.927,0,0,0,0,1,1,0.487,0,0,0,0,0,0,,,,,,,,,,,,,2,single-shield,1,1,shift-guard,1,3,crossed-windows,1,5
noon-fold,2,starter,w0h+l-,legacy-cycle,300,0,0,9,,45.657,0,0,2,47.81,5,45.02,0,0,0,0,0.127,0,0.127,2.873,0,0,0,0,0,,,,,,,,,,,,,2,single-shield,1,1,shift-guard,1,3,crossed-windows,1,5
noon-fold,2,starter,w0h+l-,greedy,300,291,0.97,7.32,0.8076,7.333,0,0,0.87,19.847,4.02,1.443,0.457,0.087,0.437,0.02,1.117,0.767,0.34,1.437,0,0,0,0,0,,,,,,,,,,,,,2,single-shield,1,1,shift-guard,1,3,crossed-windows,1,5
noon-fold,2,starter,w0h+l-,planner,300,296,0.9867,7.177,0.7947,24.5,0,0,0.877,19.887,3.943,1.843,0.373,0.037,0.34,0.033,1.183,0.747,0.423,1.89,0,0,0,0,0,,,,,,,,,,,,,2,single-shield,1,1,shift-guard,1,3,crossed-windows,1,5
noon-fold,2,starter,w0h+l-,forecast-aware,300,248,0.8267,8.153,0.8862,9.731,0,0,1.247,29.32,3.54,0.66,1.41,0,0.447,0.963,1.26,0.75,0.493,2.687,0,0,0,0,0,,,,,,,,,,,,,2,single-shield,1,1,shift-guard,1,3,crossed-windows,1,5
noon-fold,2,starter,w0h+l-,planner-one-mistake,300,289,0.9633,7.377,0.8128,25.455,0,0,0.97,22.233,4.013,2.093,0.407,0.05,0.327,0.08,1.203,0.793,0.403,1.593,0,0,0,0,0,296,300,296,285,0,0,11,14,0.9628,6.88,0.5,0,2,single-shield,1,1,shift-guard,1,3,crossed-windows,1,5
noon-fold,2,starter,w0h+l0,random,300,3,0.01,9,1,67.013,0,0,1.907,41.93,4.817,23.73,0.277,1.197,0.093,0.183,0.567,0.42,0.257,1.043,0,0,0,0,0,,,,,,,,,,,,,2,single-shield,1,1,shift-guard,1,3,crossed-windows,1,5
noon-fold,2,starter,w0h+l0,single-water,300,0,0,9,,60.027,0,0,2,47.98,5,21.927,0,0,0,0,1,1,0.487,0,0,0,0,0,0,,,,,,,,,,,,,2,single-shield,1,1,shift-guard,1,3,crossed-windows,1,5
noon-fold,2,starter,w0h+l0,legacy-cycle,300,0,0,9,,45.657,0,0,2,47.81,5,45.02,0,0,0,0,0.127,0,0.127,2.873,0,0,0,0,0,,,,,,,,,,,,,2,single-shield,1,1,shift-guard,1,3,crossed-windows,1,5
noon-fold,2,starter,w0h+l0,greedy,300,291,0.97,7.32,0.8076,7.333,0,0,0.87,19.847,4.02,1.443,0.457,0.087,0.437,0.02,1.117,0.767,0.34,1.437,0,0,0,0,0,,,,,,,,,,,,,2,single-shield,1,1,shift-guard,1,3,crossed-windows,1,5
noon-fold,2,starter,w0h+l0,planner,300,296,0.9867,7.177,0.7947,24.5,0,0,0.877,19.887,3.943,1.843,0.373,0.037,0.34,0.033,1.183,0.747,0.423,1.89,0,0,0,0,0,,,,,,,,,,,,,2,single-shield,1,1,shift-guard,1,3,crossed-windows,1,5
noon-fold,2,starter,w0h+l0,forecast-aware,300,248,0.8267,8.153,0.8862,9.731,0,0,1.247,29.32,3.54,0.66,1.41,0,0.447,0.963,1.26,0.75,0.493,2.687,0,0,0,0,0,,,,,,,,,,,,,2,single-shield,1,1,shift-guard,1,3,crossed-windows,1,5
noon-fold,2,starter,w0h+l0,planner-one-mistake,300,289,0.9633,7.377,0.8128,25.455,0,0,0.97,22.233,4.013,2.093,0.407,0.05,0.327,0.08,1.203,0.793,0.403,1.593,0,0,0,0,0,296,300,296,285,0,0,11,14,0.9628,6.88,0.5,0,2,single-shield,1,1,shift-guard,1,3,crossed-windows,1,5
noon-fold,2,starter,w0h+l+,random,300,3,0.01,9,1,67.013,0,0,1.907,41.93,4.817,23.73,0.277,1.197,0.093,0.183,0.567,0.42,0.257,1.043,0,0,0,0,0,,,,,,,,,,,,,2,single-shield,1,1,shift-guard,1,3,crossed-windows,1,5
noon-fold,2,starter,w0h+l+,single-water,300,0,0,9,,60.027,0,0,2,47.98,5,21.927,0,0,0,0,1,1,0.487,0,0,0,0,0,0,,,,,,,,,,,,,2,single-shield,1,1,shift-guard,1,3,crossed-windows,1,5
noon-fold,2,starter,w0h+l+,legacy-cycle,300,0,0,9,,45.657,0,0,2,47.81,5,45.02,0,0,0,0,0.127,0,0.127,2.873,0,0,0,0,0,,,,,,,,,,,,,2,single-shield,1,1,shift-guard,1,3,crossed-windows,1,5
noon-fold,2,starter,w0h+l+,greedy,300,291,0.97,7.32,0.8076,7.333,0,0,0.87,19.847,4.02,1.443,0.457,0.087,0.437,0.02,1.117,0.767,0.34,1.437,0,0,0,0,0,,,,,,,,,,,,,2,single-shield,1,1,shift-guard,1,3,crossed-windows,1,5
noon-fold,2,starter,w0h+l+,planner,300,296,0.9867,7.177,0.7947,24.5,0,0,0.877,19.887,3.943,1.843,0.373,0.037,0.34,0.033,1.183,0.747,0.423,1.89,0,0,0,0,0,,,,,,,,,,,,,2,single-shield,1,1,shift-guard,1,3,crossed-windows,1,5
noon-fold,2,starter,w0h+l+,forecast-aware,300,248,0.8267,8.153,0.8862,9.731,0,0,1.247,29.32,3.54,0.66,1.41,0,0.447,0.963,1.26,0.75,0.493,2.687,0,0,0,0,0,,,,,,,,,,,,,2,single-shield,1,1,shift-guard,1,3,crossed-windows,1,5
noon-fold,2,starter,w0h+l+,planner-one-mistake,300,289,0.9633,7.377,0.8128,25.455,0,0,0.97,22.233,4.013,2.093,0.407,0.05,0.327,0.08,1.203,0.793,0.403,1.593,0,0,0,0,0,296,300,296,285,0,0,11,14,0.9628,6.88,0.5,0,2,single-shield,1,1,shift-guard,1,3,crossed-windows,1,5
noon-fold,2,starter,w+h-l-,random,300,0,0,9,,72.24,0,0,1.907,40.41,4.817,21.73,0.277,1.197,0.093,0.183,0.567,0.42,0.273,1.043,0,0,0,0,0,,,,,,,,,,,,,2,single-shield,1,1,shift-guard,1,3,crossed-windows,1,5
noon-fold,2,starter,w+h-l-,single-water,300,0,0,9,,60.027,0,0,2,47.98,5,21.927,0,0,0,0,1,1,0.487,0,0,0,0,0,0,,,,,,,,,,,,,2,single-shield,1,1,shift-guard,1,3,crossed-windows,1,5
noon-fold,2,starter,w+h-l-,legacy-cycle,300,0,0,9,,58.75,0,0,2,47.663,5,43.653,0,0,0,0,0.127,0,0.127,2.873,0,0,0,0,0,,,,,,,,,,,,,2,single-shield,1,1,shift-guard,1,3,crossed-windows,1,5
noon-fold,2,starter,w+h-l-,greedy,300,238,0.7933,8.08,0.8711,7.919,0,0,1.11,26.087,4.41,1.58,0.583,0.073,0.533,0.05,1.43,1.093,0.333,1.497,0,0,0,0,0,,,,,,,,,,,,,2,single-shield,1,1,shift-guard,1,3,crossed-windows,1,5
noon-fold,2,starter,w+h-l-,planner,300,248,0.8267,7.983,0.8634,22.538,0,0,1.143,26.807,4.37,1.98,0.493,0.053,0.453,0.04,1.523,1.16,0.363,1.707,0,0,0,0,0,,,,,,,,,,,,,2,single-shield,1,1,shift-guard,1,3,crossed-windows,1,5
noon-fold,2,starter,w+h-l-,forecast-aware,300,189,0.63,8.693,0.9459,13.766,0,0,1.443,34.433,3.773,0.66,1.49,0,0.46,1.03,1.43,0.94,0.467,2.897,0,0,0,0,0,,,,,,,,,,,,,2,single-shield,1,1,shift-guard,1,3,crossed-windows,1,5
noon-fold,2,starter,w+h-l-,planner-one-mistake,300,229,0.7633,8.343,0.9044,25.831,0,0,1.317,31.233,4.487,2.843,0.553,0.053,0.453,0.1,1.553,1.193,0.373,1.8,0,0,0,0,0,248,300,248,202,0,0,13,16,0.8145,7.0967,0.5,0,2,single-shield,1,1,shift-guard,1,3,crossed-windows,1,5
noon-fold,2,starter,w+h-l0,random,300,0,0,9,,72.24,0,0,1.907,40.41,4.817,21.73,0.277,1.197,0.093,0.183,0.567,0.42,0.273,1.043,0,0,0,0,0,,,,,,,,,,,,,2,single-shield,1,1,shift-guard,1,3,crossed-windows,1,5
noon-fold,2,starter,w+h-l0,single-water,300,0,0,9,,60.027,0,0,2,47.98,5,21.927,0,0,0,0,1,1,0.487,0,0,0,0,0,0,,,,,,,,,,,,,2,single-shield,1,1,shift-guard,1,3,crossed-windows,1,5
noon-fold,2,starter,w+h-l0,legacy-cycle,300,0,0,9,,58.75,0,0,2,47.663,5,43.653,0,0,0,0,0.127,0,0.127,2.873,0,0,0,0,0,,,,,,,,,,,,,2,single-shield,1,1,shift-guard,1,3,crossed-windows,1,5
noon-fold,2,starter,w+h-l0,greedy,300,238,0.7933,8.08,0.8711,7.919,0,0,1.11,26.087,4.41,1.58,0.583,0.073,0.533,0.05,1.43,1.093,0.333,1.497,0,0,0,0,0,,,,,,,,,,,,,2,single-shield,1,1,shift-guard,1,3,crossed-windows,1,5
noon-fold,2,starter,w+h-l0,planner,300,248,0.8267,7.983,0.8634,22.538,0,0,1.143,26.807,4.37,1.98,0.493,0.053,0.453,0.04,1.523,1.16,0.363,1.707,0,0,0,0,0,,,,,,,,,,,,,2,single-shield,1,1,shift-guard,1,3,crossed-windows,1,5
noon-fold,2,starter,w+h-l0,forecast-aware,300,189,0.63,8.693,0.9459,13.766,0,0,1.443,34.433,3.773,0.66,1.49,0,0.46,1.03,1.43,0.94,0.467,2.897,0,0,0,0,0,,,,,,,,,,,,,2,single-shield,1,1,shift-guard,1,3,crossed-windows,1,5
noon-fold,2,starter,w+h-l0,planner-one-mistake,300,229,0.7633,8.343,0.9044,25.831,0,0,1.317,31.233,4.487,2.843,0.553,0.053,0.453,0.1,1.553,1.193,0.373,1.8,0,0,0,0,0,248,300,248,202,0,0,13,16,0.8145,7.0967,0.5,0,2,single-shield,1,1,shift-guard,1,3,crossed-windows,1,5
noon-fold,2,starter,w+h-l+,random,300,0,0,9,,72.24,0,0,1.907,40.41,4.817,21.73,0.277,1.197,0.093,0.183,0.567,0.42,0.273,1.043,0,0,0,0,0,,,,,,,,,,,,,2,single-shield,1,1,shift-guard,1,3,crossed-windows,1,5
noon-fold,2,starter,w+h-l+,single-water,300,0,0,9,,60.027,0,0,2,47.98,5,21.927,0,0,0,0,1,1,0.487,0,0,0,0,0,0,,,,,,,,,,,,,2,single-shield,1,1,shift-guard,1,3,crossed-windows,1,5
noon-fold,2,starter,w+h-l+,legacy-cycle,300,0,0,9,,58.75,0,0,2,47.663,5,43.653,0,0,0,0,0.127,0,0.127,2.873,0,0,0,0,0,,,,,,,,,,,,,2,single-shield,1,1,shift-guard,1,3,crossed-windows,1,5
noon-fold,2,starter,w+h-l+,greedy,300,238,0.7933,8.08,0.8711,7.919,0,0,1.11,26.087,4.41,1.58,0.583,0.073,0.533,0.05,1.43,1.093,0.333,1.497,0,0,0,0,0,,,,,,,,,,,,,2,single-shield,1,1,shift-guard,1,3,crossed-windows,1,5
noon-fold,2,starter,w+h-l+,planner,300,248,0.8267,7.983,0.8634,22.538,0,0,1.143,26.807,4.37,1.98,0.493,0.053,0.453,0.04,1.523,1.16,0.363,1.707,0,0,0,0,0,,,,,,,,,,,,,2,single-shield,1,1,shift-guard,1,3,crossed-windows,1,5
noon-fold,2,starter,w+h-l+,forecast-aware,300,189,0.63,8.693,0.9459,13.766,0,0,1.443,34.433,3.773,0.66,1.49,0,0.46,1.03,1.43,0.94,0.467,2.897,0,0,0,0,0,,,,,,,,,,,,,2,single-shield,1,1,shift-guard,1,3,crossed-windows,1,5
noon-fold,2,starter,w+h-l+,planner-one-mistake,300,229,0.7633,8.343,0.9044,25.831,0,0,1.317,31.233,4.487,2.843,0.553,0.053,0.453,0.1,1.553,1.193,0.373,1.8,0,0,0,0,0,248,300,248,202,0,0,13,16,0.8145,7.0967,0.5,0,2,single-shield,1,1,shift-guard,1,3,crossed-windows,1,5
noon-fold,2,starter,w+h0l-,random,300,0,0,9,,69.33,0,0,1.907,41.277,4.817,22.84,0.277,1.197,0.093,0.183,0.567,0.42,0.27,1.043,0,0,0,0,0,,,,,,,,,,,,,2,single-shield,1,1,shift-guard,1,3,crossed-windows,1,5
noon-fold,2,starter,w+h0l-,single-water,300,0,0,9,,60.027,0,0,2,47.98,5,21.927,0,0,0,0,1,1,0.487,0,0,0,0,0,0,,,,,,,,,,,,,2,single-shield,1,1,shift-guard,1,3,crossed-windows,1,5
noon-fold,2,starter,w+h0l-,legacy-cycle,300,0,0,9,,51.873,0,0,2,47.757,5,44.387,0,0,0,0,0.127,0,0.127,2.873,0,0,0,0,0,,,,,,,,,,,,,2,single-shield,1,1,shift-guard,1,3,crossed-windows,1,5
noon-fold,2,starter,w+h0l-,greedy,300,269,0.8967,7.797,0.8509,5.742,0,0,1.017,23.66,4.26,0.747,0.55,0.067,0.507,0.043,1.297,0.95,0.357,1.467,0,0,0,0,0,,,,,,,,,,,,,2,single-shield,1,1,shift-guard,1,3,crossed-windows,1,5
noon-fold,2,starter,w+h0l-,planner,300,279,0.93,7.67,0.8411,22.286,0,0,1.047,24.293,4.227,2.22,0.42,0.053,0.38,0.04,1.39,1,0.387,2.087,0,0,0,0,0,,,,,,,,,,,,,2,single-shield,1,1,shift-guard,1,3,crossed-windows,1,5
noon-fold,2,starter,w+h0l-,forecast-aware,300,222,0.74,8.47,0.9204,11.295,0,0,1.363,32.353,3.653,0.66,1.467,0,0.447,1.02,1.38,0.863,0.493,2.813,0,0,0,0,0,,,,,,,,,,,,,2,single-shield,1,1,shift-guard,1,3,crossed-windows,1,5
noon-fold,2,starter,w+h0l-,planner-one-mistake,300,261,0.87,7.92,0.8621,25.897,0,0,1.163,27.26,4.317,3.05,0.46,0.047,0.377,0.083,1.427,1.107,0.323,1.883,0,0,0,0,0,279,300,279,247,0,0,13,17,0.8853,7.0792,0.5,0,2,single-shield,1,1,shift-guard,1,3,crossed-windows,1,5
noon-fold,2,starter,w+h0l0,random,300,0,0,9,,69.33,0,0,1.907,41.277,4.817,22.84,0.277,1.197,0.093,0.183,0.567,0.42,0.27,1.043,0,0,0,0,0,,,,,,,,,,,,,2,single-shield,1,1,shift-guard,1,3,crossed-windows,1,5
noon-fold,2,starter,w+h0l0,single-water,300,0,0,9,,60.027,0,0,2,47.98,5,21.927,0,0,0,0,1,1,0.487,0,0,0,0,0,0,,,,,,,,,,,,,2,single-shield,1,1,shift-guard,1,3,crossed-windows,1,5
noon-fold,2,starter,w+h0l0,legacy-cycle,300,0,0,9,,51.873,0,0,2,47.757,5,44.387,0,0,0,0,0.127,0,0.127,2.873,0,0,0,0,0,,,,,,,,,,,,,2,single-shield,1,1,shift-guard,1,3,crossed-windows,1,5
noon-fold,2,starter,w+h0l0,greedy,300,269,0.8967,7.797,0.8509,5.742,0,0,1.017,23.66,4.26,0.747,0.55,0.067,0.507,0.043,1.297,0.95,0.357,1.467,0,0,0,0,0,,,,,,,,,,,,,2,single-shield,1,1,shift-guard,1,3,crossed-windows,1,5
noon-fold,2,starter,w+h0l0,planner,300,279,0.93,7.67,0.8411,22.286,0,0,1.047,24.293,4.227,2.22,0.42,0.053,0.38,0.04,1.39,1,0.387,2.087,0,0,0,0,0,,,,,,,,,,,,,2,single-shield,1,1,shift-guard,1,3,crossed-windows,1,5
noon-fold,2,starter,w+h0l0,forecast-aware,300,222,0.74,8.47,0.9204,11.295,0,0,1.363,32.353,3.653,0.66,1.467,0,0.447,1.02,1.38,0.863,0.493,2.813,0,0,0,0,0,,,,,,,,,,,,,2,single-shield,1,1,shift-guard,1,3,crossed-windows,1,5
noon-fold,2,starter,w+h0l0,planner-one-mistake,300,261,0.87,7.92,0.8621,25.897,0,0,1.163,27.26,4.317,3.05,0.46,0.047,0.377,0.083,1.427,1.107,0.323,1.883,0,0,0,0,0,279,300,279,247,0,0,13,17,0.8853,7.0792,0.5,0,2,single-shield,1,1,shift-guard,1,3,crossed-windows,1,5
noon-fold,2,starter,w+h0l+,random,300,0,0,9,,69.33,0,0,1.907,41.277,4.817,22.84,0.277,1.197,0.093,0.183,0.567,0.42,0.27,1.043,0,0,0,0,0,,,,,,,,,,,,,2,single-shield,1,1,shift-guard,1,3,crossed-windows,1,5
noon-fold,2,starter,w+h0l+,single-water,300,0,0,9,,60.027,0,0,2,47.98,5,21.927,0,0,0,0,1,1,0.487,0,0,0,0,0,0,,,,,,,,,,,,,2,single-shield,1,1,shift-guard,1,3,crossed-windows,1,5
noon-fold,2,starter,w+h0l+,legacy-cycle,300,0,0,9,,51.873,0,0,2,47.757,5,44.387,0,0,0,0,0.127,0,0.127,2.873,0,0,0,0,0,,,,,,,,,,,,,2,single-shield,1,1,shift-guard,1,3,crossed-windows,1,5
noon-fold,2,starter,w+h0l+,greedy,300,269,0.8967,7.797,0.8509,5.742,0,0,1.017,23.66,4.26,0.747,0.55,0.067,0.507,0.043,1.297,0.95,0.357,1.467,0,0,0,0,0,,,,,,,,,,,,,2,single-shield,1,1,shift-guard,1,3,crossed-windows,1,5
noon-fold,2,starter,w+h0l+,planner,300,279,0.93,7.67,0.8411,22.286,0,0,1.047,24.293,4.227,2.22,0.42,0.053,0.38,0.04,1.39,1,0.387,2.087,0,0,0,0,0,,,,,,,,,,,,,2,single-shield,1,1,shift-guard,1,3,crossed-windows,1,5
noon-fold,2,starter,w+h0l+,forecast-aware,300,222,0.74,8.47,0.9204,11.295,0,0,1.363,32.353,3.653,0.66,1.467,0,0.447,1.02,1.38,0.863,0.493,2.813,0,0,0,0,0,,,,,,,,,,,,,2,single-shield,1,1,shift-guard,1,3,crossed-windows,1,5
noon-fold,2,starter,w+h0l+,planner-one-mistake,300,261,0.87,7.92,0.8621,25.897,0,0,1.163,27.26,4.317,3.05,0.46,0.047,0.377,0.083,1.427,1.107,0.323,1.883,0,0,0,0,0,279,300,279,247,0,0,13,17,0.8853,7.0792,0.5,0,2,single-shield,1,1,shift-guard,1,3,crossed-windows,1,5
noon-fold,2,starter,w+h+l-,random,300,3,0.01,9,1,67.013,0,0,1.907,41.93,4.817,23.73,0.277,1.197,0.093,0.183,0.567,0.42,0.257,1.043,0,0,0,0,0,,,,,,,,,,,,,2,single-shield,1,1,shift-guard,1,3,crossed-windows,1,5
noon-fold,2,starter,w+h+l-,single-water,300,0,0,9,,60.027,0,0,2,47.98,5,21.927,0,0,0,0,1,1,0.487,0,0,0,0,0,0,,,,,,,,,,,,,2,single-shield,1,1,shift-guard,1,3,crossed-windows,1,5
noon-fold,2,starter,w+h+l-,legacy-cycle,300,0,0,9,,45.657,0,0,2,47.81,5,45.02,0,0,0,0,0.127,0,0.127,2.873,0,0,0,0,0,,,,,,,,,,,,,2,single-shield,1,1,shift-guard,1,3,crossed-windows,1,5
noon-fold,2,starter,w+h+l-,greedy,300,291,0.97,7.32,0.8076,7.333,0,0,0.87,19.847,4.02,1.443,0.457,0.087,0.437,0.02,1.117,0.767,0.34,1.437,0,0,0,0,0,,,,,,,,,,,,,2,single-shield,1,1,shift-guard,1,3,crossed-windows,1,5
noon-fold,2,starter,w+h+l-,planner,300,296,0.9867,7.177,0.7947,24.5,0,0,0.877,19.887,3.943,1.843,0.373,0.037,0.34,0.033,1.183,0.747,0.423,1.89,0,0,0,0,0,,,,,,,,,,,,,2,single-shield,1,1,shift-guard,1,3,crossed-windows,1,5
noon-fold,2,starter,w+h+l-,forecast-aware,300,248,0.8267,8.153,0.8862,9.731,0,0,1.247,29.32,3.54,0.66,1.41,0,0.447,0.963,1.26,0.75,0.493,2.687,0,0,0,0,0,,,,,,,,,,,,,2,single-shield,1,1,shift-guard,1,3,crossed-windows,1,5
noon-fold,2,starter,w+h+l-,planner-one-mistake,300,289,0.9633,7.377,0.8128,25.455,0,0,0.97,22.233,4.013,2.093,0.407,0.05,0.327,0.08,1.203,0.793,0.403,1.593,0,0,0,0,0,296,300,296,285,0,0,11,14,0.9628,6.88,0.5,0,2,single-shield,1,1,shift-guard,1,3,crossed-windows,1,5
noon-fold,2,starter,w+h+l0,random,300,3,0.01,9,1,67.013,0,0,1.907,41.93,4.817,23.73,0.277,1.197,0.093,0.183,0.567,0.42,0.257,1.043,0,0,0,0,0,,,,,,,,,,,,,2,single-shield,1,1,shift-guard,1,3,crossed-windows,1,5
noon-fold,2,starter,w+h+l0,single-water,300,0,0,9,,60.027,0,0,2,47.98,5,21.927,0,0,0,0,1,1,0.487,0,0,0,0,0,0,,,,,,,,,,,,,2,single-shield,1,1,shift-guard,1,3,crossed-windows,1,5
noon-fold,2,starter,w+h+l0,legacy-cycle,300,0,0,9,,45.657,0,0,2,47.81,5,45.02,0,0,0,0,0.127,0,0.127,2.873,0,0,0,0,0,,,,,,,,,,,,,2,single-shield,1,1,shift-guard,1,3,crossed-windows,1,5
noon-fold,2,starter,w+h+l0,greedy,300,291,0.97,7.32,0.8076,7.333,0,0,0.87,19.847,4.02,1.443,0.457,0.087,0.437,0.02,1.117,0.767,0.34,1.437,0,0,0,0,0,,,,,,,,,,,,,2,single-shield,1,1,shift-guard,1,3,crossed-windows,1,5
noon-fold,2,starter,w+h+l0,planner,300,296,0.9867,7.177,0.7947,24.5,0,0,0.877,19.887,3.943,1.843,0.373,0.037,0.34,0.033,1.183,0.747,0.423,1.89,0,0,0,0,0,,,,,,,,,,,,,2,single-shield,1,1,shift-guard,1,3,crossed-windows,1,5
noon-fold,2,starter,w+h+l0,forecast-aware,300,248,0.8267,8.153,0.8862,9.731,0,0,1.247,29.32,3.54,0.66,1.41,0,0.447,0.963,1.26,0.75,0.493,2.687,0,0,0,0,0,,,,,,,,,,,,,2,single-shield,1,1,shift-guard,1,3,crossed-windows,1,5
noon-fold,2,starter,w+h+l0,planner-one-mistake,300,289,0.9633,7.377,0.8128,25.455,0,0,0.97,22.233,4.013,2.093,0.407,0.05,0.327,0.08,1.203,0.793,0.403,1.593,0,0,0,0,0,296,300,296,285,0,0,11,14,0.9628,6.88,0.5,0,2,single-shield,1,1,shift-guard,1,3,crossed-windows,1,5
noon-fold,2,starter,w+h+l+,random,300,3,0.01,9,1,67.013,0,0,1.907,41.93,4.817,23.73,0.277,1.197,0.093,0.183,0.567,0.42,0.257,1.043,0,0,0,0,0,,,,,,,,,,,,,2,single-shield,1,1,shift-guard,1,3,crossed-windows,1,5
noon-fold,2,starter,w+h+l+,single-water,300,0,0,9,,60.027,0,0,2,47.98,5,21.927,0,0,0,0,1,1,0.487,0,0,0,0,0,0,,,,,,,,,,,,,2,single-shield,1,1,shift-guard,1,3,crossed-windows,1,5
noon-fold,2,starter,w+h+l+,legacy-cycle,300,0,0,9,,45.657,0,0,2,47.81,5,45.02,0,0,0,0,0.127,0,0.127,2.873,0,0,0,0,0,,,,,,,,,,,,,2,single-shield,1,1,shift-guard,1,3,crossed-windows,1,5
noon-fold,2,starter,w+h+l+,greedy,300,291,0.97,7.32,0.8076,7.333,0,0,0.87,19.847,4.02,1.443,0.457,0.087,0.437,0.02,1.117,0.767,0.34,1.437,0,0,0,0,0,,,,,,,,,,,,,2,single-shield,1,1,shift-guard,1,3,crossed-windows,1,5
noon-fold,2,starter,w+h+l+,planner,300,296,0.9867,7.177,0.7947,24.5,0,0,0.877,19.887,3.943,1.843,0.373,0.037,0.34,0.033,1.183,0.747,0.423,1.89,0,0,0,0,0,,,,,,,,,,,,,2,single-shield,1,1,shift-guard,1,3,crossed-windows,1,5
noon-fold,2,starter,w+h+l+,forecast-aware,300,248,0.8267,8.153,0.8862,9.731,0,0,1.247,29.32,3.54,0.66,1.41,0,0.447,0.963,1.26,0.75,0.493,2.687,0,0,0,0,0,,,,,,,,,,,,,2,single-shield,1,1,shift-guard,1,3,crossed-windows,1,5
noon-fold,2,starter,w+h+l+,planner-one-mistake,300,289,0.9633,7.377,0.8128,25.455,0,0,0.97,22.233,4.013,2.093,0.407,0.05,0.327,0.08,1.203,0.793,0.403,1.593,0,0,0,0,0,296,300,296,285,0,0,11,14,0.9628,6.88,0.5,0,2,single-shield,1,1,shift-guard,1,3,crossed-windows,1,5
