level,sequence,deck,scenario,strategy,games,wins,win_rate,avg_end_turn,avg_winning_turn_budget_used,avg_core_remaining_on_loss,illegal_choices,avg_phase_changes,city_repairs,city_repair_amount,shields_raised,shield_absorbed,interrupts,interrupts_failed,repairs_interrupted,shields_interrupted,breaches_opened,breaches_used,breaches_wasted,combos,pulse_refunds,overhaul_started,overhaul_stopped,overhaul_completed,missed_actions,planner_baseline_wins,mistakes_injected,eligible_mistake_games,recoveries_after_mistake,no_eligible_mistake_games,missed_interrupt_mistakes,walked_into_shield_mistakes,recovery_rate,eligible_mistake_coverage,avg_finite_score_delta,min_finite_score_delta,mistakes_skipping_a_winning_move,avg_level_phase_changes,act_1_id,act_1_reach_rate,act_1_avg_entry_turn,act_2_id,act_2_reach_rate,act_2_avg_entry_turn,act_3_id,act_3_reach_rate,act_3_avg_entry_turn
empty-cup,1,starter,w-h-l-,random,300,1,0.0033,8,1,53.104,0,0,1.87,35.297,0,0,0.13,1.207,0.13,0,0.727,0.517,0.21,0.89,0,0,0,0,0,,,,,,,,,,,,,2,trial-cup,1,1,cut-supply,1,3,empty-cup-quiz,1,5
empty-cup,1,starter,w-h-l-,single-water,300,0,0,8,,58.597,0,0,2,38.967,0,0,0,0,0,0,0.997,0.97,0.027,0,0,0,0,0,0,,,,,,,,,,,,,2,trial-cup,1,1,cut-supply,1,3,empty-cup-quiz,1,5
empty-cup,1,starter,w-h-l-,legacy-cycle,300,0,0,8,,16.037,0,0,2,39,0,0,0,0,0,0,0.257,0.003,0.253,2.87,0,0,0,0,0,,,,,,,,,,,,,2,trial-cup,1,1,cut-supply,1,3,empty-cup-quiz,1,5
empty-cup,1,starter,w-h-l-,greedy,300,257,0.8567,7.373,0.9086,5.767,0,0,1.287,24.947,0,0,0.49,0.107,0.49,0,1.717,1.587,0.13,1.263,0,0,0,0,0,,,,,,,,,,,,,2,trial-cup,1,1,cut-supply,1,3,empty-cup-quiz,1,5
empty-cup,1,starter,w-h-l-,planner,300,265,0.8833,7.123,0.8759,21,0,0,1.15,22.297,0,0,0.487,0.037,0.487,0,1.68,1.577,0.103,1.603,0,0,0,0,0,,,,,,,,,,,,,2,trial-cup,1,1,cut-supply,1,3,empty-cup-quiz,1,5
empty-cup,1,starter,w-h-l-,forecast-aware,300,239,0.7967,7.403,0.9064,4.984,0,0,1.323,25.743,0,0,0.483,0,0.483,0,1.68,1.537,0.143,2.287,0,0,0,0,0,,,,,,,,,,,,,2,trial-cup,1,1,cut-supply,1,3,empty-cup-quiz,1,5
empty-cup,1,starter,w-h-l-,planner-one-mistake,300,231,0.77,7.497,0.9183,20.159,0,0,1.707,33.133,0,0,0.07,0.04,0.07,0,1.767,1.713,0.053,1.257,0,0,0,0,0,265,146,146,112,154,146,0,0.7671,0.5509,6.6866,0.5,0,2,trial-cup,1,1,cut-supply,1,3,empty-cup-quiz,1,5
empty-cup,1,starter,w-h-l0,random,300,1,0.0033,8,1,53.104,0,0,1.87,35.297,0,0,0.13,1.207,0.13,0,0.727,0.517,0.21,0.89,0,0,0,0,0,,,,,,,,,,,,,2,trial-cup,1,1,cut-supply,1,3,empty-cup-quiz,1,5
empty-cup,1,starter,w-h-l0,single-water,300,0,0,8,,58.597,0,0,2,38.967,0,0,0,0,0,0,0.997,0.97,0.027,0,0,0,0,0,0,,,,,,,,,,,,,2,trial-cup,1,1,cut-supply,1,3,empty-cup-quiz,1,5
empty-cup,1,starter,w-h-l0,legacy-cycle,300,0,0,8,,16.037,0,0,2,39,0,0,0,0,0,0,0.257,0.003,0.253,2.87,0,0,0,0,0,,,,,,,,,,,,,2,trial-cup,1,1,cut-supply,1,3,empty-cup-quiz,1,5
empty-cup,1,starter,w-h-l0,greedy,300,257,0.8567,7.373,0.9086,5.767,0,0,1.287,24.947,0,0,0.49,0.107,0.49,0,1.717,1.587,0.13,1.263,0,0,0,0,0,,,,,,,,,,,,,2,trial-cup,1,1,cut-supply,1,3,empty-cup-quiz,1,5
empty-cup,1,starter,w-h-l0,planner,300,265,0.8833,7.123,0.8759,21,0,0,1.15,22.297,0,0,0.487,0.037,0.487,0,1.68,1.577,0.103,1.603,0,0,0,0,0,,,,,,,,,,,,,2,trial-cup,1,1,cut-supply,1,3,empty-cup-quiz,1,5
empty-cup,1,starter,w-h-l0,forecast-aware,300,239,0.7967,7.403,0.9064,4.984,0,0,1.323,25.743,0,0,0.483,0,0.483,0,1.68,1.537,0.143,2.287,0,0,0,0,0,,,,,,,,,,,,,2,trial-cup,1,1,cut-supply,1,3,empty-cup-quiz,1,5
empty-cup,1,starter,w-h-l0,planner-one-mistake,300,231,0.77,7.497,0.9183,20.159,0,0,1.707,33.133,0,0,0.07,0.04,0.07,0,1.767,1.713,0.053,1.257,0,0,0,0,0,265,146,146,112,154,146,0,0.7671,0.5509,6.6866,0.5,0,2,trial-cup,1,1,cut-supply,1,3,empty-cup-quiz,1,5
empty-cup,1,starter,w-h-l+,random,300,1,0.0033,8,1,53.104,0,0,1.87,35.297,0,0,0.13,1.207,0.13,0,0.727,0.517,0.21,0.89,0,0,0,0,0,,,,,,,,,,,,,2,trial-cup,1,1,cut-supply,1,3,empty-cup-quiz,1,5
empty-cup,1,starter,w-h-l+,single-water,300,0,0,8,,58.597,0,0,2,38.967,0,0,0,0,0,0,0.997,0.97,0.027,0,0,0,0,0,0,,,,,,,,,,,,,2,trial-cup,1,1,cut-supply,1,3,empty-cup-quiz,1,5
empty-cup,1,starter,w-h-l+,legacy-cycle,300,0,0,8,,16.037,0,0,2,39,0,0,0,0,0,0,0.257,0.003,0.253,2.87,0,0,0,0,0,,,,,,,,,,,,,2,trial-cup,1,1,cut-supply,1,3,empty-cup-quiz,1,5
empty-cup,1,starter,w-h-l+,greedy,300,257,0.8567,7.373,0.9086,5.767,0,0,1.287,24.947,0,0,0.49,0.107,0.49,0,1.717,1.587,0.13,1.263,0,0,0,0,0,,,,,,,,,,,,,2,trial-cup,1,1,cut-supply,1,3,empty-cup-quiz,1,5
empty-cup,1,starter,w-h-l+,planner,300,265,0.8833,7.123,0.8759,21,0,0,1.15,22.297,0,0,0.487,0.037,0.487,0,1.68,1.577,0.103,1.603,0,0,0,0,0,,,,,,,,,,,,,2,trial-cup,1,1,cut-supply,1,3,empty-cup-quiz,1,5
empty-cup,1,starter,w-h-l+,forecast-aware,300,239,0.7967,7.403,0.9064,4.984,0,0,1.323,25.743,0,0,0.483,0,0.483,0,1.68,1.537,0.143,2.287,0,0,0,0,0,,,,,,,,,,,,,2,trial-cup,1,1,cut-supply,1,3,empty-cup-quiz,1,5
empty-cup,1,starter,w-h-l+,planner-one-mistake,300,231,0.77,7.497,0.9183,20.159,0,0,1.707,33.133,0,0,0.07,0.04,0.07,0,1.767,1.713,0.053,1.257,0,0,0,0,0,265,146,146,112,154,146,0,0.7671,0.5509,6.6866,0.5,0,2,trial-cup,1,1,cut-supply,1,3,empty-cup-quiz,1,5
empty-cup,1,starter,w-h0l-,random,300,1,0.0033,8,1,53.104,0,0,1.87,35.297,0,0,0.13,1.207,0.13,0,0.727,0.517,0.21,0.89,0,0,0,0,0,,,,,,,,,,,,,2,trial-cup,1,1,cut-supply,1,3,empty-cup-quiz,1,5
empty-cup,1,starter,w-h0l-,single-water,300,0,0,8,,58.597,0,0,2,38.967,0,0,0,0,0,0,0.997,0.97,0.027,0,0,0,0,0,0,,,,,,,,,,,,,2,trial-cup,1,1,cut-supply,1,3,empty-cup-quiz,1,5
empty-cup,1,starter,w-h0l-,legacy-cycle,300,0,0,8,,16.037,0,0,2,39,0,0,0,0,0,0,0.257,0.003,0.253,2.87,0,0,0,0,0,,,,,,,,,,,,,2,trial-cup,1,1,cut-supply,1,3,empty-cup-quiz,1,5
empty-cup,1,starter,w-h0l-,greedy,300,257,0.8567,7.373,0.9086,5.767,0,0,1.287,24.947,0,0,0.49,0.107,0.49,0,1.717,1.587,0.13,1.263,0,0,0,0,0,,,,,,,,,,,,,2,trial-cup,1,1,cut-supply,1,3,empty-cup-quiz,1,5
empty-cup,1,starter,w-h0l-,planner,300,265,0.8833,7.123,0.8759,21,0,0,1.15,22.297,0,0,0.487,0.037,0.487,0,1.68,1.577,0.103,1.603,0,0,0,0,0,,,,,,,,,,,,,2,trial-cup,1,1,cut-supply,1,3,empty-cup-quiz,1,5
empty-cup,1,starter,w-h0l-,forecast-aware,300,239,0.7967,7.403,0.9064,4.984,0,0,1.323,25.743,0,0,0.483,0,0.483,0,1.68,1.537,0.143,2.287,0,0,0,0,0,,,,,,,,,,,,,2,trial-cup,1,1,cut-supply,1,3,empty-cup-quiz,1,5
empty-cup,1,starter,w-h0l-,planner-one-mistake,300,231,0.77,7.497,0.9183,20.159,0,0,1.707,33.133,0,0,0.07,0.04,0.07,0,1.767,1.713,0.053,1.257,0,0,0,0,0,265,146,146,112,154,146,0,0.7671,0.5509,6.6866,0.5,0,2,trial-cup,1,1,cut-supply,1,3,empty-cup-quiz,1,5
empty-cup,1,starter,w-h0l0,random,300,1,0.0033,8,1,53.104,0,0,1.87,35.297,0,0,0.13,1.207,0.13,0,0.727,0.517,0.21,0.89,0,0,0,0,0,,,,,,,,,,,,,2,trial-cup,1,1,cut-supply,1,3,empty-cup-quiz,1,5
empty-cup,1,starter,w-h0l0,single-water,300,0,0,8,,58.597,0,0,2,38.967,0,0,0,0,0,0,0.997,0.97,0.027,0,0,0,0,0,0,,,,,,,,,,,,,2,trial-cup,1,1,cut-supply,1,3,empty-cup-quiz,1,5
empty-cup,1,starter,w-h0l0,legacy-cycle,300,0,0,8,,16.037,0,0,2,39,0,0,0,0,0,0,0.257,0.003,0.253,2.87,0,0,0,0,0,,,,,,,,,,,,,2,trial-cup,1,1,cut-supply,1,3,empty-cup-quiz,1,5
empty-cup,1,starter,w-h0l0,greedy,300,257,0.8567,7.373,0.9086,5.767,0,0,1.287,24.947,0,0,0.49,0.107,0.49,0,1.717,1.587,0.13,1.263,0,0,0,0,0,,,,,,,,,,,,,2,trial-cup,1,1,cut-supply,1,3,empty-cup-quiz,1,5
empty-cup,1,starter,w-h0l0,planner,300,265,0.8833,7.123,0.8759,21,0,0,1.15,22.297,0,0,0.487,0.037,0.487,0,1.68,1.577,0.103,1.603,0,0,0,0,0,,,,,,,,,,,,,2,trial-cup,1,1,cut-supply,1,3,empty-cup-quiz,1,5
empty-cup,1,starter,w-h0l0,forecast-aware,300,239,0.7967,7.403,0.9064,4.984,0,0,1.323,25.743,0,0,0.483,0,0.483,0,1.68,1.537,0.143,2.287,0,0,0,0,0,,,,,,,,,,,,,2,trial-cup,1,1,cut-supply,1,3,empty-cup-quiz,1,5
empty-cup,1,starter,w-h0l0,planner-one-mistake,300,231,0.77,7.497,0.9183,20.159,0,0,1.707,33.133,0,0,0.07,0.04,0.07,0,1.767,1.713,0.053,1.257,0,0,0,0,0,265,146,146,112,154,146,0,0.7671,0.5509,6.6866,0.5,0,2,trial-cup,1,1,cut-supply,1,3,empty-cup-quiz,1,5
empty-cup,1,starter,w-h0l+,random,300,1,0.0033,8,1,53.104,0,0,1.87,35.297,0,0,0.13,1.207,0.13,0,0.727,0.517,0.21,0.89,0,0,0,0,0,,,,,,,,,,,,,2,trial-cup,1,1,cut-supply,1,3,empty-cup-quiz,1,5
empty-cup,1,starter,w-h0l+,single-water,300,0,0,8,,58.597,0,0,2,38.967,0,0,0,0,0,0,0.997,0.97,0.027,0,0,0,0,0,0,,,,,,,,,,,,,2,trial-cup,1,1,cut-supply,1,3,empty-cup-quiz,1,5
empty-cup,1,starter,w-h0l+,legacy-cycle,300,0,0,8,,16.037,0,0,2,39,0,0,0,0,0,0,0.257,0.003,0.253,2.87,0,0,0,0,0,,,,,,,,,,,,,2,trial-cup,1,1,cut-supply,1,3,empty-cup-quiz,1,5
empty-cup,1,starter,w-h0l+,greedy,300,257,0.8567,7.373,0.9086,5.767,0,0,1.287,24.947,0,0,0.49,0.107,0.49,0,1.717,1.587,0.13,1.263,0,0,0,0,0,,,,,,,,,,,,,2,trial-cup,1,1,cut-supply,1,3,empty-cup-quiz,1,5
empty-cup,1,starter,w-h0l+,planner,300,265,0.8833,7.123,0.8759,21,0,0,1.15,22.297,0,0,0.487,0.037,0.487,0,1.68,1.577,0.103,1.603,0,0,0,0,0,,,,,,,,,,,,,2,trial-cup,1,1,cut-supply,1,3,empty-cup-quiz,1,5
empty-cup,1,starter,w-h0l+,forecast-aware,300,239,0.7967,7.403,0.9064,4.984,0,0,1.323,25.743,0,0,0.483,0,0.483,0,1.68,1.537,0.143,2.287,0,0,0,0,0,,,,,,,,,,,,,2,trial-cup,1,1,cut-supply,1,3,empty-cup-quiz,1,5
empty-cup,1,starter,w-h0l+,planner-one-mistake,300,231,0.77,7.497,0.9183,20.159,0,0,1.707,33.133,0,0,0.07,0.04,0.07,0,1.767,1.713,0.053,1.257,0,0,0,0,0,265,146,146,112,154,146,0,0.7671,0.5509,6.6866,0.5,0,2,trial-cup,1,1,cut-supply,1,3,empty-cup-quiz,1,5
empty-cup,1,starter,w-h+l-,random,300,1,0.0033,8,1,53.104,0,0,1.87,35.297,0,0,0.13,1.207,0.13,0,0.727,0.517,0.21,0.89,0,0,0,0,0,,,,,,,,,,,,,2,trial-cup,1,1,cut-supply,1,3,empty-cup-quiz,1,5
empty-cup,1,starter,w-h+l-,single-water,300,0,0,8,,58.597,0,0,2,38.967,0,0,0,0,0,0,0.997,0.97,0.027,0,0,0,0,0,0,,,,,,,,,,,,,2,trial-cup,1,1,cut-supply,1,3,empty-cup-quiz,1,5
empty-cup,1,starter,w-h+l-,legacy-cycle,300,0,0,8,,16.037,0,0,2,39,0,0,0,0,0,0,0.257,0.003,0.253,2.87,0,0,0,0,0,,,,,,,,,,,,,2,trial-cup,1,1,cut-supply,1,3,empty-cup-quiz,1,5
empty-cup,1,starter,w-h+l-,greedy,300,257,0.8567,7.373,0.9086,5.767,0,0,1.287,24.947,0,0,0.49,0.107,0.49,0,1.717,1.587,0.13,1.263,0,0,0,0,0,,,,,,,,,,,,,2,trial-cup,1,1,cut-supply,1,3,empty-cup-quiz,1,5
empty-cup,1,starter,w-h+l-,planner,300,265,0.8833,7.123,0.8759,21,0,0,1.15,22.297,0,0,0.487,0.037,0.487,0,1.68,1.577,0.103,1.603,0,0,0,0,0,,,,,,,,,,,,,2,trial-cup,1,1,cut-supply,1,3,empty-cup-quiz,1,5
empty-cup,1,starter,w-h+l-,forecast-aware,300,239,0.7967,7.403,0.9064,4.984,0,0,1.323,25.743,0,0,0.483,0,0.483,0,1.68,1.537,0.143,2.287,0,0,0,0,0,,,,,,,,,,,,,2,trial-cup,1,1,cut-supply,1,3,empty-cup-quiz,1,5
empty-cup,1,starter,w-h+l-,planner-one-mistake,300,231,0.77,7.497,0.9183,20.159,0,0,1.707,33.133,0,0,0.07,0.04,0.07,0,1.767,1.713,0.053,1.257,0,0,0,0,0,265,146,146,112,154,146,0,0.7671,0.5509,6.6866,0.5,0,2,trial-cup,1,1,cut-supply,1,3,empty-cup-quiz,1,5
empty-cup,1,starter,w-h+l0,random,300,1,0.0033,8,1,53.104,0,0,1.87,35.297,0,0,0.13,1.207,0.13,0,0.727,0.517,0.21,0.89,0,0,0,0,0,,,,,,,,,,,,,2,trial-cup,1,1,cut-supply,1,3,empty-cup-quiz,1,5
empty-cup,1,starter,w-h+l0,single-water,300,0,0,8,,58.597,0,0,2,38.967,0,0,0,0,0,0,0.997,0.97,0.027,0,0,0,0,0,0,,,,,,,,,,,,,2,trial-cup,1,1,cut-supply,1,3,empty-cup-quiz,1,5
empty-cup,1,starter,w-h+l0,legacy-cycle,300,0,0,8,,16.037,0,0,2,39,0,0,0,0,0,0,0.257,0.003,0.253,2.87,0,0,0,0,0,,,,,,,,,,,,,2,trial-cup,1,1,cut-supply,1,3,empty-cup-quiz,1,5
empty-cup,1,starter,w-h+l0,greedy,300,257,0.8567,7.373,0.9086,5.767,0,0,1.287,24.947,0,0,0.49,0.107,0.49,0,1.717,1.587,0.13,1.263,0,0,0,0,0,,,,,,,,,,,,,2,trial-cup,1,1,cut-supply,1,3,empty-cup-quiz,1,5
empty-cup,1,starter,w-h+l0,planner,300,265,0.8833,7.123,0.8759,21,0,0,1.15,22.297,0,0,0.487,0.037,0.487,0,1.68,1.577,0.103,1.603,0,0,0,0,0,,,,,,,,,,,,,2,trial-cup,1,1,cut-supply,1,3,empty-cup-quiz,1,5
empty-cup,1,starter,w-h+l0,forecast-aware,300,239,0.7967,7.403,0.9064,4.984,0,0,1.323,25.743,0,0,0.483,0,0.483,0,1.68,1.537,0.143,2.287,0,0,0,0,0,,,,,,,,,,,,,2,trial-cup,1,1,cut-supply,1,3,empty-cup-quiz,1,5
empty-cup,1,starter,w-h+l0,planner-one-mistake,300,231,0.77,7.497,0.9183,20.159,0,0,1.707,33.133,0,0,0.07,0.04,0.07,0,1.767,1.713,0.053,1.257,0,0,0,0,0,265,146,146,112,154,146,0,0.7671,0.5509,6.6866,0.5,0,2,trial-cup,1,1,cut-supply,1,3,empty-cup-quiz,1,5
empty-cup,1,starter,w-h+l+,random,300,1,0.0033,8,1,53.104,0,0,1.87,35.297,0,0,0.13,1.207,0.13,0,0.727,0.517,0.21,0.89,0,0,0,0,0,,,,,,,,,,,,,2,trial-cup,1,1,cut-supply,1,3,empty-cup-quiz,1,5
empty-cup,1,starter,w-h+l+,single-water,300,0,0,8,,58.597,0,0,2,38.967,0,0,0,0,0,0,0.997,0.97,0.027,0,0,0,0,0,0,,,,,,,,,,,,,2,trial-cup,1,1,cut-supply,1,3,empty-cup-quiz,1,5
empty-cup,1,starter,w-h+l+,legacy-cycle,300,0,0,8,,16.037,0,0,2,39,0,0,0,0,0,0,0.257,0.003,0.253,2.87,0,0,0,0,0,,,,,,,,,,,,,2,trial-cup,1,1,cut-supply,1,3,empty-cup-quiz,1,5
empty-cup,1,starter,w-h+l+,greedy,300,257,0.8567,7.373,0.9086,5.767,0,0,1.287,24.947,0,0,0.49,0.107,0.49,0,1.717,1.587,0.13,1.263,0,0,0,0,0,,,,,,,,,,,,,2,trial-cup,1,1,cut-supply,1,3,empty-cup-quiz,1,5
empty-cup,1,starter,w-h+l+,planner,300,265,0.8833,7.123,0.8759,21,0,0,1.15,22.297,0,0,0.487,0.037,0.487,0,1.68,1.577,0.103,1.603,0,0,0,0,0,,,,,,,,,,,,,2,trial-cup,1,1,cut-supply,1,3,empty-cup-quiz,1,5
empty-cup,1,starter,w-h+l+,forecast-aware,300,239,0.7967,7.403,0.9064,4.984,0,0,1.323,25.743,0,0,0.483,0,0.483,0,1.68,1.537,0.143,2.287,0,0,0,0,0,,,,,,,,,,,,,2,trial-cup,1,1,cut-supply,1,3,empty-cup-quiz,1,5
empty-cup,1,starter,w-h+l+,planner-one-mistake,300,231,0.77,7.497,0.9183,20.159,0,0,1.707,33.133,0,0,0.07,0.04,0.07,0,1.767,1.713,0.053,1.257,0,0,0,0,0,265,146,146,112,154,146,0,0.7671,0.5509,6.6866,0.5,0,2,trial-cup,1,1,cut-supply,1,3,empty-cup-quiz,1,5
empty-cup,1,starter,w0h-l-,random,300,2,0.0067,8,1,49.336,0,0,1.87,35.497,0,0,0.13,1.207,0.13,0,0.727,0.517,0.21,0.89,0,0,0,0,0,,,,,,,,,,,,,2,trial-cup,1,1,cut-supply,1,3,empty-cup-quiz,1,5
empty-cup,1,starter,w0h-l-,single-water,300,0,0,8,,43.143,0,0,2,39,0,0,0,0,0,0,0.997,0.97,0.027,0,0,0,0,0,0,,,,,,,,,,,,,2,trial-cup,1,1,cut-supply,1,3,empty-cup-quiz,1,5
empty-cup,1,starter,w0h-l-,legacy-cycle,300,19,0.0633,8,1,8.534,0,0,2,39,0,0,0,0,0,0,0.257,0.003,0.253,2.87,0,0,0,0,0,,,,,,,,,,,,,2,trial-cup,1,1,cut-supply,1,3,empty-cup-quiz,1,5
empty-cup,1,starter,w0h-l-,greedy,300,275,0.9167,7.24,0.8964,3.52,0,0,1.15,22.263,0,0,0.55,0.083,0.55,0,1.577,1.393,0.183,1.48,0,0,0,0,0,,,,,,,,,,,,,2,trial-cup,1,1,cut-supply,1,3,empty-cup-quiz,1,5
empty-cup,1,starter,w0h-l-,planner,300,297,0.99,6.957,0.8683,18.667,0,0,1.09,21.107,0,0,0.487,0.033,0.487,0,1.6,1.493,0.107,1.623,0,0,0,0,0,,,,,,,,,,,,,2,trial-cup,1,1,cut-supply,1,3,empty-cup-quiz,1,5
empty-cup,1,starter,w0h-l-,forecast-aware,300,290,0.9667,7.207,0.8974,3,0,0,1.237,24.01,0,0,0.483,0,0.483,0,1.63,1.463,0.167,2.197,0,0,0,0,0,,,,,,,,,,,,,2,trial-cup,1,1,cut-supply,1,3,empty-cup-quiz,1,5
empty-cup,1,starter,w0h-l-,planner-one-mistake,300,294,0.98,7.41,0.9247,19.5,0,0,1.687,32.733,0,0,0.067,0.06,0.067,0,1.8,1.77,0.03,1.64,0,0,0,0,0,297,146,146,143,154,146,0,0.9795,0.4916,6.7414,0.5,0,2,trial-cup,1,1,cut-supply,1,3,empty-cup-quiz,1,5
empty-cup,1,starter,w0h-l0,random,300,2,0.0067,8,1,49.336,0,0,1.87,35.497,0,0,0.13,1.207,0.13,0,0.727,0.517,0.21,0.89,0,0,0,0,0,,,,,,,,,,,,,2,trial-cup,1,1,cut-supply,1,3,empty-cup-quiz,1,5
empty-cup,1,starter,w0h-l0,single-water,300,0,0,8,,43.143,0,0,2,39,0,0,0,0,0,0,0.997,0.97,0.027,0,0,0,0,0,0,,,,,,,,,,,,,2,trial-cup,1,1,cut-supply,1,3,empty-cup-quiz,1,5
empty-cup,1,starter,w0h-l0,legacy-cycle,300,19,0.0633,8,1,8.534,0,0,2,39,0,0,0,0,0,0,0.257,0.003,0.253,2.87,0,0,0,0,0,,,,,,,,,,,,,2,trial-cup,1,1,cut-supply,1,3,empty-cup-quiz,1,5
empty-cup,1,starter,w0h-l0,greedy,300,275,0.9167,7.24,0.8964,3.52,0,0,1.15,22.263,0,0,0.55,0.083,0.55,0,1.577,1.393,0.183,1.48,0,0,0,0,0,,,,,,,,,,,,,2,trial-cup,1,1,cut-supply,1,3,empty-cup-quiz,1,5
empty-cup,1,starter,w0h-l0,planner,300,297,0.99,6.957,0.8683,18.667,0,0,1.09,21.107,0,0,0.487,0.033,0.487,0,1.6,1.493,0.107,1.623,0,0,0,0,0,,,,,,,,,,,,,2,trial-cup,1,1,cut-supply,1,3,empty-cup-quiz,1,5
empty-cup,1,starter,w0h-l0,forecast-aware,300,290,0.9667,7.207,0.8974,3,0,0,1.237,24.01,0,0,0.483,0,0.483,0,1.63,1.463,0.167,2.197,0,0,0,0,0,,,,,,,,,,,,,2,trial-cup,1,1,cut-supply,1,3,empty-cup-quiz,1,5
empty-cup,1,starter,w0h-l0,planner-one-mistake,300,294,0.98,7.41,0.9247,19.5,0,0,1.687,32.733,0,0,0.067,0.06,0.067,0,1.8,1.77,0.03,1.64,0,0,0,0,0,297,146,146,143,154,146,0,0.9795,0.4916,6.7414,0.5,0,2,trial-cup,1,1,cut-supply,1,3,empty-cup-quiz,1,5
empty-cup,1,starter,w0h-l+,random,300,2,0.0067,8,1,49.336,0,0,1.87,35.497,0,0,0.13,1.207,0.13,0,0.727,0.517,0.21,0.89,0,0,0,0,0,,,,,,,,,,,,,2,trial-cup,1,1,cut-supply,1,3,empty-cup-quiz,1,5
empty-cup,1,starter,w0h-l+,single-water,300,0,0,8,,43.143,0,0,2,39,0,0,0,0,0,0,0.997,0.97,0.027,0,0,0,0,0,0,,,,,,,,,,,,,2,trial-cup,1,1,cut-supply,1,3,empty-cup-quiz,1,5
empty-cup,1,starter,w0h-l+,legacy-cycle,300,19,0.0633,8,1,8.534,0,0,2,39,0,0,0,0,0,0,0.257,0.003,0.253,2.87,0,0,0,0,0,,,,,,,,,,,,,2,trial-cup,1,1,cut-supply,1,3,empty-cup-quiz,1,5
empty-cup,1,starter,w0h-l+,greedy,300,275,0.9167,7.24,0.8964,3.52,0,0,1.15,22.263,0,0,0.55,0.083,0.55,0,1.577,1.393,0.183,1.48,0,0,0,0,0,,,,,,,,,,,,,2,trial-cup,1,1,cut-supply,1,3,empty-cup-quiz,1,5
empty-cup,1,starter,w0h-l+,planner,300,297,0.99,6.957,0.8683,18.667,0,0,1.09,21.107,0,0,0.487,0.033,0.487,0,1.6,1.493,0.107,1.623,0,0,0,0,0,,,,,,,,,,,,,2,trial-cup,1,1,cut-supply,1,3,empty-cup-quiz,1,5
empty-cup,1,starter,w0h-l+,forecast-aware,300,290,0.9667,7.207,0.8974,3,0,0,1.237,24.01,0,0,0.483,0,0.483,0,1.63,1.463,0.167,2.197,0,0,0,0,0,,,,,,,,,,,,,2,trial-cup,1,1,cut-supply,1,3,empty-cup-quiz,1,5
empty-cup,1,starter,w0h-l+,planner-one-mistake,300,294,0.98,7.41,0.9247,19.5,0,0,1.687,32.733,0,0,0.067,0.06,0.067,0,1.8,1.77,0.03,1.64,0,0,0,0,0,297,146,146,143,154,146,0,0.9795,0.4916,6.7414,0.5,0,2,trial-cup,1,1,cut-supply,1,3,empty-cup-quiz,1,5
empty-cup,1,starter,w0h0l-,random,300,2,0.0067,8,1,49.336,0,0,1.87,35.497,0,0,0.13,1.207,0.13,0,0.727,0.517,0.21,0.89,0,0,0,0,0,,,,,,,,,,,,,2,trial-cup,1,1,cut-supply,1,3,empty-cup-quiz,1,5
empty-cup,1,starter,w0h0l-,single-water,300,0,0,8,,43.143,0,0,2,39,0,0,0,0,0,0,0.997,0.97,0.027,0,0,0,0,0,0,,,,,,,,,,,,,2,trial-cup,1,1,cut-supply,1,3,empty-cup-quiz,1,5
empty-cup,1,starter,w0h0l-,legacy-cycle,300,19,0.0633,8,1,8.534,0,0,2,39,0,0,0,0,0,0,0.257,0.003,0.253,2.87,0,0,0,0,0,,,,,,,,,,,,,2,trial-cup,1,1,cut-supply,1,3,empty-cup-quiz,1,5
empty-cup,1,starter,w0h0l-,greedy,300,275,0.9167,7.24,0.8964,3.52,0,0,1.15,22.263,0,0,0.55,0.083,0.55,0,1.577,1.393,0.183,1.48,0,0,0,0,0,,,,,,,,,,,,,2,trial-cup,1,1,cut-supply,1,3,empty-cup-quiz,1,5
empty-cup,1,starter,w0h0l-,planner,300,297,0.99,6.957,0.8683,18.667,0,0,1.09,21.107,0,0,0.487,0.033,0.487,0,1.6,1.493,0.107,1.623,0,0,0,0,0,,,,,,,,,,,,,2,trial-cup,1,1,cut-supply,1,3,empty-cup-quiz,1,5
empty-cup,1,starter,w0h0l-,forecast-aware,300,290,0.9667,7.207,0.8974,3,0,0,1.237,24.01,0,0,0.483,0,0.483,0,1.63,1.463,0.167,2.197,0,0,0,0,0,,,,,,,,,,,,,2,trial-cup,1,1,cut-supply,1,3,empty-cup-quiz,1,5
empty-cup,1,starter,w0h0l-,planner-one-mistake,300,294,0.98,7.41,0.9247,19.5,0,0,1.687,32.733,0,0,0.067,0.06,0.067,0,1.8,1.77,0.03,1.64,0,0,0,0,0,297,146,146,143,154,146,0,0.9795,0.4916,6.7414,0.5,0,2,trial-cup,1,1,cut-supply,1,3,empty-cup-quiz,1,5
empty-cup,1,starter,w0h0l0,random,300,2,0.0067,8,1,49.336,0,0,1.87,35.497,0,0,0.13,1.207,0.13,0,0.727,0.517,0.21,0.89,0,0,0,0,0,,,,,,,,,,,,,2,trial-cup,1,1,cut-supply,1,3,empty-cup-quiz,1,5
empty-cup,1,starter,w0h0l0,single-water,300,0,0,8,,43.143,0,0,2,39,0,0,0,0,0,0,0.997,0.97,0.027,0,0,0,0,0,0,,,,,,,,,,,,,2,trial-cup,1,1,cut-supply,1,3,empty-cup-quiz,1,5
empty-cup,1,starter,w0h0l0,legacy-cycle,300,19,0.0633,8,1,8.534,0,0,2,39,0,0,0,0,0,0,0.257,0.003,0.253,2.87,0,0,0,0,0,,,,,,,,,,,,,2,trial-cup,1,1,cut-supply,1,3,empty-cup-quiz,1,5
empty-cup,1,starter,w0h0l0,greedy,300,275,0.9167,7.24,0.8964,3.52,0,0,1.15,22.263,0,0,0.55,0.083,0.55,0,1.577,1.393,0.183,1.48,0,0,0,0,0,,,,,,,,,,,,,2,trial-cup,1,1,cut-supply,1,3,empty-cup-quiz,1,5
empty-cup,1,starter,w0h0l0,planner,300,297,0.99,6.957,0.8683,18.667,0,0,1.09,21.107,0,0,0.487,0.033,0.487,0,1.6,1.493,0.107,1.623,0,0,0,0,0,,,,,,,,,,,,,2,trial-cup,1,1,cut-supply,1,3,empty-cup-quiz,1,5
empty-cup,1,starter,w0h0l0,forecast-aware,300,290,0.9667,7.207,0.8974,3,0,0,1.237,24.01,0,0,0.483,0,0.483,0,1.63,1.463,0.167,2.197,0,0,0,0,0,,,,,,,,,,,,,2,trial-cup,1,1,cut-supply,1,3,empty-cup-quiz,1,5
empty-cup,1,starter,w0h0l0,planner-one-mistake,300,294,0.98,7.41,0.9247,19.5,0,0,1.687,32.733,0,0,0.067,0.06,0.067,0,1.8,1.77,0.03,1.64,0,0,0,0,0,297,146,146,143,154,146,0,0.9795,0.4916,6.7414,0.5,0,2,trial-cup,1,1,cut-supply,1,3,empty-cup-quiz,1,5
empty-cup,1,starter,w0h0l+,random,300,2,0.0067,8,1,49.336,0,0,1.87,35.497,0,0,0.13,1.207,0.13,0,0.727,0.517,0.21,0.89,0,0,0,0,0,,,,,,,,,,,,,2,trial-cup,1,1,cut-supply,1,3,empty-cup-quiz,1,5
empty-cup,1,starter,w0h0l+,single-water,300,0,0,8,,43.143,0,0,2,39,0,0,0,0,0,0,0.997,0.97,0.027,0,0,0,0,0,0,,,,,,,,,,,,,2,trial-cup,1,1,cut-supply,1,3,empty-cup-quiz,1,5
empty-cup,1,starter,w0h0l+,legacy-cycle,300,19,0.0633,8,1,8.534,0,0,2,39,0,0,0,0,0,0,0.257,0.003,0.253,2.87,0,0,0,0,0,,,,,,,,,,,,,2,trial-cup,1,1,cut-supply,1,3,empty-cup-quiz,1,5
empty-cup,1,starter,w0h0l+,greedy,300,275,0.9167,7.24,0.8964,3.52,0,0,1.15,22.263,0,0,0.55,0.083,0.55,0,1.577,1.393,0.183,1.48,0,0,0,0,0,,,,,,,,,,,,,2,trial-cup,1,1,cut-supply,1,3,empty-cup-quiz,1,5
empty-cup,1,starter,w0h0l+,planner,300,297,0.99,6.957,0.8683,18.667,0,0,1.09,21.107,0,0,0.487,0.033,0.487,0,1.6,1.493,0.107,1.623,0,0,0,0,0,,,,,,,,,,,,,2,trial-cup,1,1,cut-supply,1,3,empty-cup-quiz,1,5
empty-cup,1,starter,w0h0l+,forecast-aware,300,290,0.9667,7.207,0.8974,3,0,0,1.237,24.01,0,0,0.483,0,0.483,0,1.63,1.463,0.167,2.197,0,0,0,0,0,,,,,,,,,,,,,2,trial-cup,1,1,cut-supply,1,3,empty-cup-quiz,1,5
empty-cup,1,starter,w0h0l+,planner-one-mistake,300,294,0.98,7.41,0.9247,19.5,0,0,1.687,32.733,0,0,0.067,0.06,0.067,0,1.8,1.77,0.03,1.64,0,0,0,0,0,297,146,146,143,154,146,0,0.9795,0.4916,6.7414,0.5,0,2,trial-cup,1,1,cut-supply,1,3,empty-cup-quiz,1,5
empty-cup,1,starter,w0h+l-,random,300,2,0.0067,8,1,49.336,0,0,1.87,35.497,0,0,0.13,1.207,0.13,0,0.727,0.517,0.21,0.89,0,0,0,0,0,,,,,,,,,,,,,2,trial-cup,1,1,cut-supply,1,3,empty-cup-quiz,1,5
empty-cup,1,starter,w0h+l-,single-water,300,0,0,8,,43.143,0,0,2,39,0,0,0,0,0,0,0.997,0.97,0.027,0,0,0,0,0,0,,,,,,,,,,,,,2,trial-cup,1,1,cut-supply,1,3,empty-cup-quiz,1,5
empty-cup,1,starter,w0h+l-,legacy-cycle,300,19,0.0633,8,1,8.534,0,0,2,39,0,0,0,0,0,0,0.257,0.003,0.253,2.87,0,0,0,0,0,,,,,,,,,,,,,2,trial-cup,1,1,cut-supply,1,3,empty-cup-quiz,1,5
empty-cup,1,starter,w0h+l-,greedy,300,275,0.9167,7.24,0.8964,3.52,0,0,1.15,22.263,0,0,0.55,0.083,0.55,0,1.577,1.393,0.183,1.48,0,0,0,0,0,,,,,,,,,,,,,2,trial-cup,1,1,cut-supply,1,3,empty-cup-quiz,1,5
empty-cup,1,starter,w0h+l-,planner,300,297,0.99,6.957,0.8683,18.667,0,0,1.09,21.107,0,0,0.487,0.033,0.487,0,1.6,1.493,0.107,1.623,0,0,0,0,0,,,,,,,,,,,,,2,trial-cup,1,1,cut-supply,1,3,empty-cup-quiz,1,5
empty-cup,1,starter,w0h+l-,forecast-aware,300,290,0.9667,7.207,0.8974,3,0,0,1.237,24.01,0,0,0.483,0,0.483,0,1.63,1.463,0.167,2.197,0,0,0,0,0,,,,,,,,,,,,,2,trial-cup,1,1,cut-supply,1,3,empty-cup-quiz,1,5
empty-cup,1,starter,w0h+l-,planner-one-mistake,300,294,0.98,7.41,0.9247,19.5,0,0,1.687,32.733,0,0,0.067,0.06,0.067,0,1.8,1.77,0.03,1.64,0,0,0,0,0,297,146,146,143,154,146,0,0.9795,0.4916,6.7414,0.5,0,2,trial-cup,1,1,cut-supply,1,3,empty-cup-quiz,1,5
empty-cup,1,starter,w0h+l0,random,300,2,0.0067,8,1,49.336,0,0,1.87,35.497,0,0,0.13,1.207,0.13,0,0.727,0.517,0.21,0.89,0,0,0,0,0,,,,,,,,,,,,,2,trial-cup,1,1,cut-supply,1,3,empty-cup-quiz,1,5
empty-cup,1,starter,w0h+l0,single-water,300,0,0,8,,43.143,0,0,2,39,0,0,0,0,0,0,0.997,0.97,0.027,0,0,0,0,0,0,,,,,,,,,,,,,2,trial-cup,1,1,cut-supply,1,3,empty-cup-quiz,1,5
empty-cup,1,starter,w0h+l0,legacy-cycle,300,19,0.0633,8,1,8.534,0,0,2,39,0,0,0,0,0,0,0.257,0.003,0.253,2.87,0,0,0,0,0,,,,,,,,,,,,,2,trial-cup,1,1,cut-supply,1,3,empty-cup-quiz,1,5
empty-cup,1,starter,w0h+l0,greedy,300,275,0.9167,7.24,0.8964,3.52,0,0,1.15,22.263,0,0,0.55,0.083,0.55,0,1.577,1.393,0.183,1.48,0,0,0,0,0,,,,,,,,,,,,,2,trial-cup,1,1,cut-supply,1,3,empty-cup-quiz,1,5
empty-cup,1,starter,w0h+l0,planner,300,297,0.99,6.957,0.8683,18.667,0,0,1.09,21.107,0,0,0.487,0.033,0.487,0,1.6,1.493,0.107,1.623,0,0,0,0,0,,,,,,,,,,,,,2,trial-cup,1,1,cut-supply,1,3,empty-cup-quiz,1,5
empty-cup,1,starter,w0h+l0,forecast-aware,300,290,0.9667,7.207,0.8974,3,0,0,1.237,24.01,0,0,0.483,0,0.483,0,1.63,1.463,0.167,2.197,0,0,0,0,0,,,,,,,,,,,,,2,trial-cup,1,1,cut-supply,1,3,empty-cup-quiz,1,5
empty-cup,1,starter,w0h+l0,planner-one-mistake,300,294,0.98,7.41,0.9247,19.5,0,0,1.687,32.733,0,0,0.067,0.06,0.067,0,1.8,1.77,0.03,1.64,0,0,0,0,0,297,146,146,143,154,146,0,0.9795,0.4916,6.7414,0.5,0,2,trial-cup,1,1,cut-supply,1,3,empty-cup-quiz,1,5
empty-cup,1,starter,w0h+l+,random,300,2,0.0067,8,1,49.336,0,0,1.87,35.497,0,0,0.13,1.207,0.13,0,0.727,0.517,0.21,0.89,0,0,0,0,0,,,,,,,,,,,,,2,trial-cup,1,1,cut-supply,1,3,empty-cup-quiz,1,5
empty-cup,1,starter,w0h+l+,single-water,300,0,0,8,,43.143,0,0,2,39,0,0,0,0,0,0,0.997,0.97,0.027,0,0,0,0,0,0,,,,,,,,,,,,,2,trial-cup,1,1,cut-supply,1,3,empty-cup-quiz,1,5
empty-cup,1,starter,w0h+l+,legacy-cycle,300,19,0.0633,8,1,8.534,0,0,2,39,0,0,0,0,0,0,0.257,0.003,0.253,2.87,0,0,0,0,0,,,,,,,,,,,,,2,trial-cup,1,1,cut-supply,1,3,empty-cup-quiz,1,5
empty-cup,1,starter,w0h+l+,greedy,300,275,0.9167,7.24,0.8964,3.52,0,0,1.15,22.263,0,0,0.55,0.083,0.55,0,1.577,1.393,0.183,1.48,0,0,0,0,0,,,,,,,,,,,,,2,trial-cup,1,1,cut-supply,1,3,empty-cup-quiz,1,5
empty-cup,1,starter,w0h+l+,planner,300,297,0.99,6.957,0.8683,18.667,0,0,1.09,21.107,0,0,0.487,0.033,0.487,0,1.6,1.493,0.107,1.623,0,0,0,0,0,,,,,,,,,,,,,2,trial-cup,1,1,cut-supply,1,3,empty-cup-quiz,1,5
empty-cup,1,starter,w0h+l+,forecast-aware,300,290,0.9667,7.207,0.8974,3,0,0,1.237,24.01,0,0,0.483,0,0.483,0,1.63,1.463,0.167,2.197,0,0,0,0,0,,,,,,,,,,,,,2,trial-cup,1,1,cut-supply,1,3,empty-cup-quiz,1,5
empty-cup,1,starter,w0h+l+,planner-one-mistake,300,294,0.98,7.41,0.9247,19.5,0,0,1.687,32.733,0,0,0.067,0.06,0.067,0,1.8,1.77,0.03,1.64,0,0,0,0,0,297,146,146,143,154,146,0,0.9795,0.4916,6.7414,0.5,0,2,trial-cup,1,1,cut-supply,1,3,empty-cup-quiz,1,5
empty-cup,1,starter,w+h-l-,random,300,5,0.0167,8,1,46.132,0,0,1.87,35.59,0,0,0.13,1.207,0.13,0,0.727,0.517,0.21,0.89,0,0,0,0,0,,,,,,,,,,,,,2,trial-cup,1,1,cut-supply,1,3,empty-cup-quiz,1,5
empty-cup,1,starter,w+h-l-,single-water,300,0,0,8,,29.073,0,0,2,39,0,0,0,0,0,0,0.997,0.97,0.027,0,0,0,0,0,0,,,,,,,,,,,,,2,trial-cup,1,1,cut-supply,1,3,empty-cup-quiz,1,5
empty-cup,1,starter,w+h-l-,legacy-cycle,300,195,0.65,8,1,11.848,0,0,2,39,0,0,0,0,0,0,0.257,0.003,0.253,2.87,0,0,0,0,0,,,,,,,,,,,,,2,trial-cup,1,1,cut-supply,1,3,empty-cup-quiz,1,5
empty-cup,1,starter,w+h-l-,greedy,300,295,0.9833,6.777,0.8445,3.2,0,0,0.983,18.973,0,0,0.497,0.09,0.497,0,1.31,1.07,0.24,1.293,0,0,0,0,0,,,,,,,,,,,,,2,trial-cup,1,1,cut-supply,1,3,empty-cup-quiz,1,5
empty-cup,1,starter,w+h-l-,planner,300,299,0.9967,6.567,0.8202,19,0,0,0.96,18.503,0,0,0.433,0.027,0.433,0,1.523,1.21,0.313,1.38,0,0,0,0,0,,,,,,,,,,,,,2,trial-cup,1,1,cut-supply,1,3,empty-cup-quiz,1,5
empty-cup,1,starter,w+h-l-,forecast-aware,300,298,0.9933,6.883,0.8595,3.5,0,0,1.103,21.343,0,0,0.483,0,0.483,0,1.6,1.357,0.243,2.087,0,0,0,0,0,,,,,,,,,,,,,2,trial-cup,1,1,cut-supply,1,3,empty-cup-quiz,1,5
empty-cup,1,starter,w+h-l-,planner-one-mistake,300,299,0.9967,6.863,0.8574,19,0,0,1.47,28.4,0,0,0.047,0.033,0.047,0,1.683,1.443,0.24,1.597,0,0,0,0,0,299,130,130,130,170,130,0,1,0.4348,7.4212,1.5,0,2,trial-cup,1,1,cut-supply,1,3,empty-cup-quiz,1,5
empty-cup,1,starter,w+h-l0,random,300,5,0.0167,8,1,46.132,0,0,1.87,35.59,0,0,0.13,1.207,0.13,0,0.727,0.517,0.21,0.89,0,0,0,0,0,,,,,,,,,,,,,2,trial-cup,1,1,cut-supply,1,3,empty-cup-quiz,1,5
empty-cup,1,starter,w+h-l0,single-water,300,0,0,8,,29.073,0,0,2,39,0,0,0,0,0,0,0.997,0.97,0.027,0,0,0,0,0,0,,,,,,,,,,,,,2,trial-cup,1,1,cut-supply,1,3,empty-cup-quiz,1,5
empty-cup,1,starter,w+h-l0,legacy-cycle,300,195,0.65,8,1,11.848,0,0,2,39,0,0,0,0,0,0,0.257,0.003,0.253,2.87,0,0,0,0,0,,,,,,,,,,,,,2,trial-cup,1,1,cut-supply,1,3,empty-cup-quiz,1,5
empty-cup,1,starter,w+h-l0,greedy,300,295,0.9833,6.777,0.8445,3.2,0,0,0.983,18.973,0,0,0.497,0.09,0.497,0,1.31,1.07,0.24,1.293,0,0,0,0,0,,,,,,,,,,,,,2,trial-cup,1,1,cut-supply,1,3,empty-cup-quiz,1,5
empty-cup,1,starter,w+h-l0,planner,300,299,0.9967,6.567,0.8202,19,0,0,0.96,18.503,0,0,0.433,0.027,0.433,0,1.523,1.21,0.313,1.38,0,0,0,0,0,,,,,,,,,,,,,2,trial-cup,1,1,cut-supply,1,3,empty-cup-quiz,1,5
empty-cup,1,starter,w+h-l0,forecast-aware,300,298,0.9933,6.883,0.8595,3.5,0,0,1.103,21.343,0,0,0.483,0,0.483,0,1.6,1.357,0.243,2.087,0,0,0,0,0,,,,,,,,,,,,,2,trial-cup,1,1,cut-supply,1,3,empty-cup-quiz,1,5
empty-cup,1,starter,w+h-l0,planner-one-mistake,300,299,0.9967,6.863,0.8574,19,0,0,1.47,28.4,0,0,0.047,0.033,0.047,0,1.683,1.443,0.24,1.597,0,0,0,0,0,299,130,130,130,170,130,0,1,0.4348,7.4212,1.5,0,2,trial-cup,1,1,cut-supply,1,3,empty-cup-quiz,1,5
empty-cup,1,starter,w+h-l+,random,300,5,0.0167,8,1,46.132,0,0,1.87,35.59,0,0,0.13,1.207,0.13,0,0.727,0.517,0.21,0.89,0,0,0,0,0,,,,,,,,,,,,,2,trial-cup,1,1,cut-supply,1,3,empty-cup-quiz,1,5
empty-cup,1,starter,w+h-l+,single-water,300,0,0,8,,29.073,0,0,2,39,0,0,0,0,0,0,0.997,0.97,0.027,0,0,0,0,0,0,,,,,,,,,,,,,2,trial-cup,1,1,cut-supply,1,3,empty-cup-quiz,1,5
empty-cup,1,starter,w+h-l+,legacy-cycle,300,195,0.65,8,1,11.848,0,0,2,39,0,0,0,0,0,0,0.257,0.003,0.253,2.87,0,0,0,0,0,,,,,,,,,,,,,2,trial-cup,1,1,cut-supply,1,3,empty-cup-quiz,1,5
empty-cup,1,starter,w+h-l+,greedy,300,295,0.9833,6.777,0.8445,3.2,0,0,0.983,18.973,0,0,0.497,0.09,0.497,0,1.31,1.07,0.24,1.293,0,0,0,0,0,,,,,,,,,,,,,2,trial-cup,1,1,cut-supply,1,3,empty-cup-quiz,1,5
empty-cup,1,starter,w+h-l+,planner,300,299,0.9967,6.567,0.8202,19,0,0,0.96,18.503,0,0,0.433,0.027,0.433,0,1.523,1.21,0.313,1.38,0,0,0,0,0,,,,,,,,,,,,,2,trial-cup,1,1,cut-supply,1,3,empty-cup-quiz,1,5
empty-cup,1,starter,w+h-l+,forecast-aware,300,298,0.9933,6.883,0.8595,3.5,0,0,1.103,21.343,0,0,0.483,0,0.483,0,1.6,1.357,0.243,2.087,0,0,0,0,0,,,,,,,,,,,,,2,trial-cup,1,1,cut-supply,1,3,empty-cup-quiz,1,5
empty-cup,1,starter,w+h-l+,planner-one-mistake,300,299,0.9967,6.863,0.8574,19,0,0,1.47,28.4,0,0,0.047,0.033,0.047,0,1.683,1.443,0.24,1.597,0,0,0,0,0,299,130,130,130,170,130,0,1,0.4348,7.4212,1.5,0,2,trial-cup,1,1,cut-supply,1,3,empty-cup-quiz,1,5
empty-cup,1,starter,w+h0l-,random,300,5,0.0167,8,1,46.132,0,0,1.87,35.59,0,0,0.13,1.207,0.13,0,0.727,0.517,0.21,0.89,0,0,0,0,0,,,,,,,,,,,,,2,trial-cup,1,1,cut-supply,1,3,empty-cup-quiz,1,5
empty-cup,1,starter,w+h0l-,single-water,300,0,0,8,,29.073,0,0,2,39,0,0,0,0,0,0,0.997,0.97,0.027,0,0,0,0,0,0,,,,,,,,,,,,,2,trial-cup,1,1,cut-supply,1,3,empty-cup-quiz,1,5
empty-cup,1,starter,w+h0l-,legacy-cycle,300,195,0.65,8,1,11.848,0,0,2,39,0,0,0,0,0,0,0.257,0.003,0.253,2.87,0,0,0,0,0,,,,,,,,,,,,,2,trial-cup,1,1,cut-supply,1,3,empty-cup-quiz,1,5
empty-cup,1,starter,w+h0l-,greedy,300,295,0.9833,6.777,0.8445,3.2,0,0,0.983,18.973,0,0,0.497,0.09,0.497,0,1.31,1.07,0.24,1.293,0,0,0,0,0,,,,,,,,,,,,,2,trial-cup,1,1,cut-supply,1,3,empty-cup-quiz,1,5
empty-cup,1,starter,w+h0l-,planner,300,299,0.9967,6.567,0.8202,19,0,0,0.96,18.503,0,0,0.433,0.027,0.433,0,1.523,1.21,0.313,1.38,0,0,0,0,0,,,,,,,,,,,,,2,trial-cup,1,1,cut-supply,1,3,empty-cup-quiz,1,5
empty-cup,1,starter,w+h0l-,forecast-aware,300,298,0.9933,6.883,0.8595,3.5,0,0,1.103,21.343,0,0,0.483,0,0.483,0,1.6,1.357,0.243,2.087,0,0,0,0,0,,,,,,,,,,,,,2,trial-cup,1,1,cut-supply,1,3,empty-cup-quiz,1,5
empty-cup,1,starter,w+h0l-,planner-one-mistake,300,299,0.9967,6.863,0.8574,19,0,0,1.47,28.4,0,0,0.047,0.033,0.047,0,1.683,1.443,0.24,1.597,0,0,0,0,0,299,130,130,130,170,130,0,1,0.4348,7.4212,1.5,0,2,trial-cup,1,1,cut-supply,1,3,empty-cup-quiz,1,5
empty-cup,1,starter,w+h0l0,random,300,5,0.0167,8,1,46.132,0,0,1.87,35.59,0,0,0.13,1.207,0.13,0,0.727,0.517,0.21,0.89,0,0,0,0,0,,,,,,,,,,,,,2,trial-cup,1,1,cut-supply,1,3,empty-cup-quiz,1,5
empty-cup,1,starter,w+h0l0,single-water,300,0,0,8,,29.073,0,0,2,39,0,0,0,0,0,0,0.997,0.97,0.027,0,0,0,0,0,0,,,,,,,,,,,,,2,trial-cup,1,1,cut-supply,1,3,empty-cup-quiz,1,5
empty-cup,1,starter,w+h0l0,legacy-cycle,300,195,0.65,8,1,11.848,0,0,2,39,0,0,0,0,0,0,0.257,0.003,0.253,2.87,0,0,0,0,0,,,,,,,,,,,,,2,trial-cup,1,1,cut-supply,1,3,empty-cup-quiz,1,5
empty-cup,1,starter,w+h0l0,greedy,300,295,0.9833,6.777,0.8445,3.2,0,0,0.983,18.973,0,0,0.497,0.09,0.497,0,1.31,1.07,0.24,1.293,0,0,0,0,0,,,,,,,,,,,,,2,trial-cup,1,1,cut-supply,1,3,empty-cup-quiz,1,5
empty-cup,1,starter,w+h0l0,planner,300,299,0.9967,6.567,0.8202,19,0,0,0.96,18.503,0,0,0.433,0.027,0.433,0,1.523,1.21,0.313,1.38,0,0,0,0,0,,,,,,,,,,,,,2,trial-cup,1,1,cut-supply,1,3,empty-cup-quiz,1,5
empty-cup,1,starter,w+h0l0,forecast-aware,300,298,0.9933,6.883,0.8595,3.5,0,0,1.103,21.343,0,0,0.483,0,0.483,0,1.6,1.357,0.243,2.087,0,0,0,0,0,,,,,,,,,,,,,2,trial-cup,1,1,cut-supply,1,3,empty-cup-quiz,1,5
empty-cup,1,starter,w+h0l0,planner-one-mistake,300,299,0.9967,6.863,0.8574,19,0,0,1.47,28.4,0,0,0.047,0.033,0.047,0,1.683,1.443,0.24,1.597,0,0,0,0,0,299,130,130,130,170,130,0,1,0.4348,7.4212,1.5,0,2,trial-cup,1,1,cut-supply,1,3,empty-cup-quiz,1,5
empty-cup,1,starter,w+h0l+,random,300,5,0.0167,8,1,46.132,0,0,1.87,35.59,0,0,0.13,1.207,0.13,0,0.727,0.517,0.21,0.89,0,0,0,0,0,,,,,,,,,,,,,2,trial-cup,1,1,cut-supply,1,3,empty-cup-quiz,1,5
empty-cup,1,starter,w+h0l+,single-water,300,0,0,8,,29.073,0,0,2,39,0,0,0,0,0,0,0.997,0.97,0.027,0,0,0,0,0,0,,,,,,,,,,,,,2,trial-cup,1,1,cut-supply,1,3,empty-cup-quiz,1,5
empty-cup,1,starter,w+h0l+,legacy-cycle,300,195,0.65,8,1,11.848,0,0,2,39,0,0,0,0,0,0,0.257,0.003,0.253,2.87,0,0,0,0,0,,,,,,,,,,,,,2,trial-cup,1,1,cut-supply,1,3,empty-cup-quiz,1,5
empty-cup,1,starter,w+h0l+,greedy,300,295,0.9833,6.777,0.8445,3.2,0,0,0.983,18.973,0,0,0.497,0.09,0.497,0,1.31,1.07,0.24,1.293,0,0,0,0,0,,,,,,,,,,,,,2,trial-cup,1,1,cut-supply,1,3,empty-cup-quiz,1,5
empty-cup,1,starter,w+h0l+,planner,300,299,0.9967,6.567,0.8202,19,0,0,0.96,18.503,0,0,0.433,0.027,0.433,0,1.523,1.21,0.313,1.38,0,0,0,0,0,,,,,,,,,,,,,2,trial-cup,1,1,cut-supply,1,3,empty-cup-quiz,1,5
empty-cup,1,starter,w+h0l+,forecast-aware,300,298,0.9933,6.883,0.8595,3.5,0,0,1.103,21.343,0,0,0.483,0,0.483,0,1.6,1.357,0.243,2.087,0,0,0,0,0,,,,,,,,,,,,,2,trial-cup,1,1,cut-supply,1,3,empty-cup-quiz,1,5
empty-cup,1,starter,w+h0l+,planner-one-mistake,300,299,0.9967,6.863,0.8574,19,0,0,1.47,28.4,0,0,0.047,0.033,0.047,0,1.683,1.443,0.24,1.597,0,0,0,0,0,299,130,130,130,170,130,0,1,0.4348,7.4212,1.5,0,2,trial-cup,1,1,cut-supply,1,3,empty-cup-quiz,1,5
empty-cup,1,starter,w+h+l-,random,300,5,0.0167,8,1,46.132,0,0,1.87,35.59,0,0,0.13,1.207,0.13,0,0.727,0.517,0.21,0.89,0,0,0,0,0,,,,,,,,,,,,,2,trial-cup,1,1,cut-supply,1,3,empty-cup-quiz,1,5
empty-cup,1,starter,w+h+l-,single-water,300,0,0,8,,29.073,0,0,2,39,0,0,0,0,0,0,0.997,0.97,0.027,0,0,0,0,0,0,,,,,,,,,,,,,2,trial-cup,1,1,cut-supply,1,3,empty-cup-quiz,1,5
empty-cup,1,starter,w+h+l-,legacy-cycle,300,195,0.65,8,1,11.848,0,0,2,39,0,0,0,0,0,0,0.257,0.003,0.253,2.87,0,0,0,0,0,,,,,,,,,,,,,2,trial-cup,1,1,cut-supply,1,3,empty-cup-quiz,1,5
empty-cup,1,starter,w+h+l-,greedy,300,295,0.9833,6.777,0.8445,3.2,0,0,0.983,18.973,0,0,0.497,0.09,0.497,0,1.31,1.07,0.24,1.293,0,0,0,0,0,,,,,,,,,,,,,2,trial-cup,1,1,cut-supply,1,3,empty-cup-quiz,1,5
empty-cup,1,starter,w+h+l-,planner,300,299,0.9967,6.567,0.8202,19,0,0,0.96,18.503,0,0,0.433,0.027,0.433,0,1.523,1.21,0.313,1.38,0,0,0,0,0,,,,,,,,,,,,,2,trial-cup,1,1,cut-supply,1,3,empty-cup-quiz,1,5
empty-cup,1,starter,w+h+l-,forecast-aware,300,298,0.9933,6.883,0.8595,3.5,0,0,1.103,21.343,0,0,0.483,0,0.483,0,1.6,1.357,0.243,2.087,0,0,0,0,0,,,,,,,,,,,,,2,trial-cup,1,1,cut-supply,1,3,empty-cup-quiz,1,5
empty-cup,1,starter,w+h+l-,planner-one-mistake,300,299,0.9967,6.863,0.8574,19,0,0,1.47,28.4,0,0,0.047,0.033,0.047,0,1.683,1.443,0.24,1.597,0,0,0,0,0,299,130,130,130,170,130,0,1,0.4348,7.4212,1.5,0,2,trial-cup,1,1,cut-supply,1,3,empty-cup-quiz,1,5
empty-cup,1,starter,w+h+l0,random,300,5,0.0167,8,1,46.132,0,0,1.87,35.59,0,0,0.13,1.207,0.13,0,0.727,0.517,0.21,0.89,0,0,0,0,0,,,,,,,,,,,,,2,trial-cup,1,1,cut-supply,1,3,empty-cup-quiz,1,5
empty-cup,1,starter,w+h+l0,single-water,300,0,0,8,,29.073,0,0,2,39,0,0,0,0,0,0,0.997,0.97,0.027,0,0,0,0,0,0,,,,,,,,,,,,,2,trial-cup,1,1,cut-supply,1,3,empty-cup-quiz,1,5
empty-cup,1,starter,w+h+l0,legacy-cycle,300,195,0.65,8,1,11.848,0,0,2,39,0,0,0,0,0,0,0.257,0.003,0.253,2.87,0,0,0,0,0,,,,,,,,,,,,,2,trial-cup,1,1,cut-supply,1,3,empty-cup-quiz,1,5
empty-cup,1,starter,w+h+l0,greedy,300,295,0.9833,6.777,0.8445,3.2,0,0,0.983,18.973,0,0,0.497,0.09,0.497,0,1.31,1.07,0.24,1.293,0,0,0,0,0,,,,,,,,,,,,,2,trial-cup,1,1,cut-supply,1,3,empty-cup-quiz,1,5
empty-cup,1,starter,w+h+l0,planner,300,299,0.9967,6.567,0.8202,19,0,0,0.96,18.503,0,0,0.433,0.027,0.433,0,1.523,1.21,0.313,1.38,0,0,0,0,0,,,,,,,,,,,,,2,trial-cup,1,1,cut-supply,1,3,empty-cup-quiz,1,5
empty-cup,1,starter,w+h+l0,forecast-aware,300,298,0.9933,6.883,0.8595,3.5,0,0,1.103,21.343,0,0,0.483,0,0.483,0,1.6,1.357,0.243,2.087,0,0,0,0,0,,,,,,,,,,,,,2,trial-cup,1,1,cut-supply,1,3,empty-cup-quiz,1,5
empty-cup,1,starter,w+h+l0,planner-one-mistake,300,299,0.9967,6.863,0.8574,19,0,0,1.47,28.4,0,0,0.047,0.033,0.047,0,1.683,1.443,0.24,1.597,0,0,0,0,0,299,130,130,130,170,130,0,1,0.4348,7.4212,1.5,0,2,trial-cup,1,1,cut-supply,1,3,empty-cup-quiz,1,5
empty-cup,1,starter,w+h+l+,random,300,5,0.0167,8,1,46.132,0,0,1.87,35.59,0,0,0.13,1.207,0.13,0,0.727,0.517,0.21,0.89,0,0,0,0,0,,,,,,,,,,,,,2,trial-cup,1,1,cut-supply,1,3,empty-cup-quiz,1,5
empty-cup,1,starter,w+h+l+,single-water,300,0,0,8,,29.073,0,0,2,39,0,0,0,0,0,0,0.997,0.97,0.027,0,0,0,0,0,0,,,,,,,,,,,,,2,trial-cup,1,1,cut-supply,1,3,empty-cup-quiz,1,5
empty-cup,1,starter,w+h+l+,legacy-cycle,300,195,0.65,8,1,11.848,0,0,2,39,0,0,0,0,0,0,0.257,0.003,0.253,2.87,0,0,0,0,0,,,,,,,,,,,,,2,trial-cup,1,1,cut-supply,1,3,empty-cup-quiz,1,5
empty-cup,1,starter,w+h+l+,greedy,300,295,0.9833,6.777,0.8445,3.2,0,0,0.983,18.973,0,0,0.497,0.09,0.497,0,1.31,1.07,0.24,1.293,0,0,0,0,0,,,,,,,,,,,,,2,trial-cup,1,1,cut-supply,1,3,empty-cup-quiz,1,5
empty-cup,1,starter,w+h+l+,planner,300,299,0.9967,6.567,0.8202,19,0,0,0.96,18.503,0,0,0.433,0.027,0.433,0,1.523,1.21,0.313,1.38,0,0,0,0,0,,,,,,,,,,,,,2,trial-cup,1,1,cut-supply,1,3,empty-cup-quiz,1,5
empty-cup,1,starter,w+h+l+,forecast-aware,300,298,0.9933,6.883,0.8595,3.5,0,0,1.103,21.343,0,0,0.483,0,0.483,0,1.6,1.357,0.243,2.087,0,0,0,0,0,,,,,,,,,,,,,2,trial-cup,1,1,cut-supply,1,3,empty-cup-quiz,1,5
empty-cup,1,starter,w+h+l+,planner-one-mistake,300,299,0.9967,6.863,0.8574,19,0,0,1.47,28.4,0,0,0.047,0.033,0.047,0,1.683,1.443,0.24,1.597,0,0,0,0,0,299,130,130,130,170,130,0,1,0.4348,7.4212,1.5,0,2,trial-cup,1,1,cut-supply,1,3,empty-cup-quiz,1,5
noon-fold,2,starter,w-h-l-,random,300,0,0,9,,72.24,0,0,1.907,40.41,4.817,21.73,0.277,1.197,0.093,0.183,0.567,0.42,0.273,1.043,0,0,0,0,0,,,,,,,,,,,,,2,single-shield,1,1,shift-guard,1,3,crossed-windows,1,5
noon-fold,2,starter,w-h-l-,single-water,300,0,0,9,,60.027,0,0,2,47.98,5,21.927,0,0,0,0,1,1,0.487,0,0,0,0,0,0,,,,,,,,,,,,,2,single-shield,1,1,shift-guard,1,3,crossed-windows,1,5
noon-fold,2,starter,w-h-l-,legacy-cycle,300,0,0,9,,58.75,0,0,2,47.663,5,43.653,0,0,0,0,0.127,0,0.127,2.873,0,0,0,0,0,,,,,,,,,,,,,2,single-shield,1,1,shift-guard,1,3,crossed-windows,1,5
noon-fold,2,starter,w-h-l-,greedy,300,238,0.7933,8.08,0.8711,7.919,0,0,1.11,26.087,4.41,1.58,0.583,0.073,0.533,0.05,1.43,1.093,0.333,1.497,0,0,0,0,0,,,,,,,,,,,,,2,single-shield,1,1,shift-guard,1,3,crossed-windows,1,5
noon-fold,2,starter,w-h-l-,planner,300,248,0.8267,7.983,0.8634,22.538,0,0,1.143,26.807,4.37,1.98,0.493,0.053,0.453,0.04,1.523,1.16,0.363,1.707,0,0,0,0,0,,,,,,,,,,,,,2,single-shield,1,1,shift-guard,1,3,crossed-windows,1,5
noon-fold,2,starter,w-h-l-,forecast-aware,300,189,0.63,8.693,0.9459,13.766,0,0,1.443,34.433,3.773,0.66,1.49,0,0.46,1.03,1.43,0.94,0.467,2.897,0,0,0,0,0,,,,,,,,,,,,,2,single-shield,1,1,shift-guard,1,3,crossed-windows,1,5
noon-fold,2,starter,w-h-l-,planner-one-mistake,300,151,0.5033,8.687,0.9308,31.872,0,0,1.403,33.567,4.753,13.147,0.537,0.11,0.49,0.047,1.363,1.043,0.32,2.587,0,0,0,0,0,248,300,248,137,0,4,296,0.5524,1,17.91,7.75,0,2,single-shield,1,1,shift-guard,1,3,crossed-windows,1,5
noon-fold,2,starter,w-h-l0,random,300,0,0,9,,72.24,0,0,1.907,40.41,4.817,21.73,0.277,1.197,0.093,0.183,0.567,0.42,0.273,1.043,0,0,0,0,0,,,,,,,,,,,,,2,single-shield,1,1,shift-guard,1,3,crossed-windows,1,5
noon-fold,2,starter,w-h-l0,single-water,300,0,0,9,,60.027,0,0,2,47.98,5,21.927,0,0,0,0,1,1,0.487,0,0,0,0,0,0,,,,,,,,,,,,,2,single-shield,1,1,shift-guard,1,3,crossed-windows,1,5
noon-fold,2,starter,w-h-l0,legacy-cycle,300,0,0,9,,58.75,0,0,2,47.663,5,43.653,0,0,0,0,0.127,0,0.127,2.873,0,0,0,0,0,,,,,,,,,,,,,2,single-shield,1,1,shift-guard,1,3,crossed-windows,1,5
noon-fold,2,starter,w-h-l0,greedy,300,238,0.7933,8.08,0.8711,7.919,0,0,1.11,26.087,4.41,1.58,0.583,0.073,0.533,0.05,1.43,1.093,0.333,1.497,0,0,0,0,0,,,,,,,,,,,,,2,single-shield,1,1,shift-guard,1,3,crossed-windows,1,5
noon-fold,2,starter,w-h-l0,planner,300,248,0.8267,7.983,0.8634,22.538,0,0,1.143,26.807,4.37,1.98,0.493,0.053,0.453,0.04,1.523,1.16,0.363,1.707,0,0,0,0,0,,,,,,,,,,,,,2,single-shield,1,1,shift-guard,1,3,crossed-windows,1,5
noon-fold,2,starter,w-h-l0,forecast-aware,300,189,0.63,8.693,0.9459,13.766,0,0,1.443,34.433,3.773,0.66,1.49,0,0.46,1.03,1.43,0.94,0.467,2.897,0,0,0,0,0,,,,,,,,,,,,,2,single-shield,1,1,shift-guard,1,3,crossed-windows,1,5
noon-fold,2,starter,w-h-l0,planner-one-mistake,300,151,0.5033,8.687,0.9308,31.872,0,0,1.403,33.567,4.753,13.147,0.537,0.11,0.49,0.047,1.363,1.043,0.32,2.587,0,0,0,0,0,248,300,248,137,0,4,296,0.5524,1,17.91,7.75,0,2,single-shield,1,1,shift-guard,1,3,crossed-windows,1,5
noon-fold,2,starter,w-h-l+,random,300,0,0,9,,72.24,0,0,1.907,40.41,4.817,21.73,0.277,1.197,0.093,0.183,0.567,0.42,0.273,1.043,0,0,0,0,0,,,,,,,,,,,,,2,single-shield,1,1,shift-guard,1,3,crossed-windows,1,5
noon-fold,2,starter,w-h-l+,single-water,300,0,0,9,,60.027,0,0,2,47.98,5,21.927,0,0,0,0,1,1,0.487,0,0,0,0,0,0,,,,,,,,,,,,,2,single-shield,1,1,shift-guard,1,3,crossed-windows,1,5
noon-fold,2,starter,w-h-l+,legacy-cycle,300,0,0,9,,58.75,0,0,2,47.663,5,43.653,0,0,0,0,0.127,0,0.127,2.873,0,0,0,0,0,,,,,,,,,,,,,2,single-shield,1,1,shift-guard,1,3,crossed-windows,1,5
noon-fold,2,starter,w-h-l+,greedy,300,238,0.7933,8.08,0.8711,7.919,0,0,1.11,26.087,4.41,1.58,0.583,0.073,0.533,0.05,1.43,1.093,0.333,1.497,0,0,0,0,0,,,,,,,,,,,,,2,single-shield,1,1,shift-guard,1,3,crossed-windows,1,5
noon-fold,2,starter,w-h-l+,planner,300,248,0.8267,7.983,0.8634,22.538,0,0,1.143,26.807,4.37,1.98,0.493,0.053,0.453,0.04,1.523,1.16,0.363,1.707,0,0,0,0,0,,,,,,,,,,,,,2,single-shield,1,1,shift-guard,1,3,crossed-windows,1,5
noon-fold,2,starter,w-h-l+,forecast-aware,300,189,0.63,8.693,0.9459,13.766,0,0,1.443,34.433,3.773,0.66,1.49,0,0.46,1.03,1.43,0.94,0.467,2.897,0,0,0,0,0,,,,,,,,,,,,,2,single-shield,1,1,shift-guard,1,3,crossed-windows,1,5
noon-fold,2,starter,w-h-l+,planner-one-mistake,300,151,0.5033,8.687,0.9308,31.872,0,0,1.403,33.567,4.753,13.147,0.537,0.11,0.49,0.047,1.363,1.043,0.32,2.587,0,0,0,0,0,248,300,248,137,0,4,296,0.5524,1,17.91,7.75,0,2,single-shield,1,1,shift-guard,1,3,crossed-windows,1,5
noon-fold,2,starter,w-h0l-,random,300,0,0,9,,69.33,0,0,1.907,41.277,4.817,22.84,0.277,1.197,0.093,0.183,0.567,0.42,0.27,1.043,0,0,0,0,0,,,,,,,,,,,,,2,single-shield,1,1,shift-guard,1,3,crossed-windows,1,5
noon-fold,2,starter,w-h0l-,single-water,300,0,0,9,,60.027,0,0,2,47.98,5,21.927,0,0,0,0,1,1,0.487,0,0,0,0,0,0,,,,,,,,,,,,,2,single-shield,1,1,shift-guard,1,3,crossed-windows,1,5
noon-fold,2,starter,w-h0l-,legacy-cycle,300,0,0,9,,51.873,0,0,2,47.757,5,44.387,0,0,0,0,0.127,0,0.127,2.873,0,0,0,0,0,,,,,,,,,,,,,2,single-shield,1,1,shift-guard,1,3,crossed-windows,1,5
noon-fold,2,starter,w-h0l-,greedy,300,269,0.8967,7.797,0.8509,5.742,0,0,1.017,23.66,4.26,0.747,0.55,0.067,0.507,0.043,1.297,0.95,0.357,1.467,0,0,0,0,0,,,,,,,,,,,,,2,single-shield,1,1,shift-guard,1,3,crossed-windows,1,5
noon-fold,2,starter,w-h0l-,planner,300,279,0.93,7.67,0.8411,22.286,0,0,1.047,24.293,4.227,2.22,0.42,0.053,0.38,0.04,1.39,1,0.387,2.087,0,0,0,0,0,,,,,,,,,,,,,2,single-shield,1,1,shift-guard,1,3,crossed-windows,1,5
noon-fold,2,starter,w-h0l-,forecast-aware,300,222,0.74,8.47,0.9204,11.295,0,0,1.363,32.353,3.653,0.66,1.467,0,0.447,1.02,1.38,0.863,0.493,2.813,0,0,0,0,0,,,,,,,,,,,,,2,single-shield,1,1,shift-guard,1,3,crossed-windows,1,5
noon-fold,2,starter,w-h0l-,planner-one-mistake,300,184,0.6133,8.667,0.9396,30.138,0,0,1.383,33.073,4.73,16.137,0.557,0.11,0.507,0.05,1.387,1.073,0.32,2.597,0,0,0,0,0,279,300,279,179,0,4,296,0.6416,1,17.0342,5.75,0,2,single-shield,1,1,shift-guard,1,3,crossed-windows,1,5
noon-fold,2,starter,w-h0l0,random,300,0,0,9,,69.33,0,0,1.907,41.277,4.817,22.84,0.277,1.197,0.093,0.183,0.567,0.42,0.27,1.043,0,0,0,0,0,,,,,,,,,,,,,2,single-shield,1,1,shift-guard,1,3,crossed-windows,1,5
noon-fold,2,starter,w-h0l0,single-water,300,0,0,9,,60.027,0,0,2,47.98,5,21.927,0,0,0,0,1,1,0.487,0,0,0,0,0,0,,,,,,,,,,,,,2,single-shield,1,1,shift-guard,1,3,crossed-windows,1,5
noon-fold,2,starter,w-h0l0,legacy-cycle,300,0,0,9,,51.873,0,0,2,47.757,5,44.387,0,0,0,0,0.127,0,0.127,2.873,0,0,0,0,0,,,,,,,,,,,,,2,single-shield,1,1,shift-guard,1,3,crossed-windows,1,5
noon-fold,2,starter,w-h0l0,greedy,300,269,0.8967,7.797,0.8509,5.742,0,0,1.017,23.66,4.26,0.747,0.55,0.067,0.507,0.043,1.297,0.95,0.357,1.467,0,0,0,0,0,,,,,,,,,,,,,2,single-shield,1,1,shift-guard,1,3,crossed-windows,1,5
noon-fold,2,starter,w-h0l0,planner,300,279,0.93,7.67,0.8411,22.286,0,0,1.047,24.293,4.227,2.22,0.42,0.053,0.38,0.04,1.39,1,0.387,2.087,0,0,0,0,0,,,,,,,,,,,,,2,single-shield,1,1,shift-guard,1,3,crossed-windows,1,5
noon-fold,2,starter,w-h0l0,forecast-aware,300,222,0.74,8.47,0.9204,11.295,0,0,1.363,32.353,3.653,0.66,1.467,0,0.447,1.02,1.38,0.863,0.493,2.813,0,0,0,0,0,,,,,,,,,,,,,2,single-shield,1,1,shift-guard,1,3,crossed-windows,1,5
noon-fold,2,starter,w-h0l0,planner-one-mistake,300,184,0.6133,8.667,0.9396,30.138,0,0,1.383,33.073,4.73,16.137,0.557,0.11,0.507,0.05,1.387,1.073,0.32,2.597,0,0,0,0,0,279,300,279,179,0,4,296,0.6416,1,17.0342,5.75,0,2,single-shield,1,1,shift-guard,1,3,crossed-windows,1,5
noon-fold,2,starter,w-h0l+,random,300,0,0,9,,69.33,0,0,1.907,41.277,4.817,22.84,0.277,1.197,0.093,0.183,0.567,0.42,0.27,1.043,0,0,0,0,0,,,,,,,,,,,,,2,single-shield,1,1,shift-guard,1,3,crossed-windows,1,5
noon-fold,2,starter,w-h0l+,single-water,300,0,0,9,,60.027,0,0,2,47.98,5,21.927,0,0,0,0,1,1,0.487,0,0,0,0,0,0,,,,,,,,,,,,,2,single-shield,1,1,shift-guard,1,3,crossed-windows,1,5
noon-fold,2,starter,w-h0l+,legacy-cycle,300,0,0,9,,51.873,0,0,2,47.757,5,44.387,0,0,0,0,0.127,0,0.127,2.873,0,0,0,0,0,,,,,,,,,,,,,2,single-shield,1,1,shift-guard,1,3,crossed-windows,1,5
noon-fold,2,starter,w-h0l+,greedy,300,269,0.8967,7.797,0.8509,5.742,0,0,1.017,23.66,4.26,0.747,0.55,0.067,0.507,0.043,1.297,0.95,0.357,1.467,0,0,0,0,0,,,,,,,,,,,,,2,single-shield,1,1,shift-guard,1,3,crossed-windows,1,5
noon-fold,2,starter,w-h0l+,planner,300,279,0.93,7.67,0.8411,22.286,0,0,1.047,24.293,4.227,2.22,0.42,0.053,0.38,0.04,1.39,1,0.387,2.087,0,0,0,0,0,,,,,,,,,,,,,2,single-shield,1,1,shift-guard,1,3,crossed-windows,1,5
noon-fold,2,starter,w-h0l+,forecast-aware,300,222,0.74,8.47,0.9204,11.295,0,0,1.363,32.353,3.653,0.66,1.467,0,0.447,1.02,1.38,0.863,0.493,2.813,0,0,0,0,0,,,,,,,,,,,,,2,single-shield,1,1,shift-guard,1,3,crossed-windows,1,5
noon-fold,2,starter,w-h0l+,planner-one-mistake,300,184,0.6133,8.667,0.9396,30.138,0,0,1.383,33.073,4.73,16.137,0.557,0.11,0.507,0.05,1.387,1.073,0.32,2.597,0,0,0,0,0,279,300,279,179,0,4,296,0.6416,1,17.0342,5.75,0,2,single-shield,1,1,shift-guard,1,3,crossed-windows,1,5
noon-fold,2,starter,w-h+l-,random,300,3,0.01,9,1,67.013,0,0,1.907,41.93,4.817,23.73,0.277,1.197,0.093,0.183,0.567,0.42,0.257,1.043,0,0,0,0,0,,,,,,,,,,,,,2,single-shield,1,1,shift-guard,1,3,crossed-windows,1,5
noon-fold,2,starter,w-h+l-,single-water,300,0,0,9,,60.027,0,0,2,47.98,5,21.927,0,0,0,0,1,1,0.487,0,0,0,0,0,0,,,,,,,,,,,,,2,single-shield,1,1,shift-guard,1,3,crossed-windows,1,5
noon-fold,2,starter,w-h+l-,legacy-cycle,300,0,0,9,,45.657,0,0,2,47.81,5,45.02,0,0,0,0,0.127,0,0.127,2.873,0,0,0,0,0,,,,,,,,,,,,,2,single-shield,1,1,shift-guard,1,3,crossed-windows,1,5
noon-fold,2,starter,w-h+l-,greedy,300,291,0.97,7.32,0.8076,7.333,0,0,0.87,19.847,4.02,1.443,0.457,0.087,0.437,0.02,1.117,0.767,0.34,1.437,0,0,0,0,0,,,,,,,,,,,,,2,single-shield,1,1,shift-guard,1,3,crossed-windows,1,5
noon-fold,2,starter,w-h+l-,planner,300,296,0.9867,7.177,0.7947,24.5,0,0,0.877,19.887,3.943,1.843,0.373,0.037,0.34,0.033,1.183,0.747,0.423,1.89,0,0,0,0,0,,,,,,,,,,,,,2,single-shield,1,1,shift-guard,1,3,crossed-windows,1,5
noon-fold,2,starter,w-h+l-,forecast-aware,300,248,0.8267,8.153,0.8862,9.731,0,0,1.247,29.32,3.54,0.66,1.41,0,0.447,0.963,1.26,0.75,0.493,2.687,0,0,0,0,0,,,,,,,,,,,,,2,single-shield,1,1,shift-guard,1,3,crossed-windows,1,5
noon-fold,2,starter,w-h+l-,planner-one-mistake,300,224,0.7467,8.44,0.9167,26.855,0,0,1.337,31.807,4.62,15.527,0.487,0.13,0.457,0.03,1.373,1.097,0.277,1.977,0,0,0,0,0,296,300,296,222,0,7,293,0.75,1,17.1975,4.75,0,2,single-shield,1,1,shift-guard,1,3,crossed-windows,1,5
noon-fold,2,starter,w-h+l0,random,300,3,0.01,9,1,67.013,0,0,1.907,41.93,4.817,23.73,0.277,1.197,0.093,0.183,0.567,0.42,0.257,1.043,0,0,0,0,0,,,,,,,,,,,,,2,single-shield,1,1,shift-guard,1,3,crossed-windows,1,5
noon-fold,2,starter,w-h+l0,single-water,300,0,0,9,,60.027,0,0,2,47.98,5,21.927,0,0,0,0,1,1,0.487,0,0,0,0,0,0,,,,,,,,,,,,,2,single-shield,1,1,shift-guard,1,3,crossed-windows,1,5
noon-fold,2,starter,w-h+l0,legacy-cycle,300,0,0,9,,45.657,0,0,2,47.81,5,45.02,0,0,0,0,0.127,0,0.127,2.873,0,0,0,0,0,,,,,,,,,,,,,2,single-shield,1,1,shift-guard,1,3,crossed-windows,1,5
noon-fold,2,starter,w-h+l0,greedy,300,291,0.97,7.32,0.8076,7.333,0,0,0.87,19.847,4.02,1.443,0.457,0.087,0.437,0.02,1.117,0.767,0.34,1.437,0,0,0,0,0,,,,,,,,,,,,,2,single-shield,1,1,shift-guard,1,3,crossed-windows,1,5
noon-fold,2,starter,w-h+l0,planner,300,296,0.9867,7.177,0.7947,24.5,0,0,0.877,19.887,3.943,1.843,0.373,0.037,0.34,0.033,1.183,0.747,0.423,1.89,0,0,0,0,0,,,,,,,,,,,,,2,single-shield,1,1,shift-guard,1,3,crossed-windows,1,5
noon-fold,2,starter,w-h+l0,forecast-aware,300,248,0.8267,8.153,0.8862,9.731,0,0,1.247,29.32,3.54,0.66,1.41,0,0.447,0.963,1.26,0.75,0.493,2.687,0,0,0,0,0,,,,,,,,,,,,,2,single-shield,1,1,shift-guard,1,3,crossed-windows,1,5
noon-fold,2,starter,w-h+l0,planner-one-mistake,300,224,0.7467,8.44,0.9167,26.855,0,0,1.337,31.807,4.62,15.527,0.487,0.13,0.457,0.03,1.373,1.097,0.277,1.977,0,0,0,0,0,296,300,296,222,0,7,293,0.75,1,17.1975,4.75,0,2,single-shield,1,1,shift-guard,1,3,crossed-windows,1,5
noon-fold,2,starter,w-h+l+,random,300,3,0.01,9,1,67.013,0,0,1.907,41.93,4.817,23.73,0.277,1.197,0.093,0.183,0.567,0.42,0.257,1.043,0,0,0,0,0,,,,,,,,,,,,,2,single-shield,1,1,shift-guard,1,3,crossed-windows,1,5
noon-fold,2,starter,w-h+l+,single-water,300,0,0,9,,60.027,0,0,2,47.98,5,21.927,0,0,0,0,1,1,0.487,0,0,0,0,0,0,,,,,,,,,,,,,2,single-shield,1,1,shift-guard,1,3,crossed-windows,1,5
noon-fold,2,starter,w-h+l+,legacy-cycle,300,0,0,9,,45.657,0,0,2,47.81,5,45.02,0,0,0,0,0.127,0,0.127,2.873,0,0,0,0,0,,,,,,,,,,,,,2,single-shield,1,1,shift-guard,1,3,crossed-windows,1,5
noon-fold,2,starter,w-h+l+,greedy,300,291,0.97,7.32,0.8076,7.333,0,0,0.87,19.847,4.02,1.443,0.457,0.087,0.437,0.02,1.117,0.767,0.34,1.437,0,0,0,0,0,,,,,,,,,,,,,2,single-shield,1,1,shift-guard,1,3,crossed-windows,1,5
noon-fold,2,starter,w-h+l+,planner,300,296,0.9867,7.177,0.7947,24.5,0,0,0.877,19.887,3.943,1.843,0.373,0.037,0.34,0.033,1.183,0.747,0.423,1.89,0,0,0,0,0,,,,,,,,,,,,,2,single-shield,1,1,shift-guard,1,3,crossed-windows,1,5
noon-fold,2,starter,w-h+l+,forecast-aware,300,248,0.8267,8.153,0.8862,9.731,0,0,1.247,29.32,3.54,0.66,1.41,0,0.447,0.963,1.26,0.75,0.493,2.687,0,0,0,0,0,,,,,,,,,,,,,2,single-shield,1,1,shift-guard,1,3,crossed-windows,1,5
noon-fold,2,starter,w-h+l+,planner-one-mistake,300,224,0.7467,8.44,0.9167,26.855,0,0,1.337,31.807,4.62,15.527,0.487,0.13,0.457,0.03,1.373,1.097,0.277,1.977,0,0,0,0,0,296,300,296,222,0,7,293,0.75,1,17.1975,4.75,0,2,single-shield,1,1,shift-guard,1,3,crossed-windows,1,5
noon-fold,2,starter,w0h-l-,random,300,0,0,9,,72.24,0,0,1.907,40.41,4.817,21.73,0.277,1.197,0.093,0.183,0.567,0.42,0.273,1.043,0,0,0,0,0,,,,,,,,,,,,,2,single-shield,1,1,shift-guard,1,3,crossed-windows,1,5
noon-fold,2,starter,w0h-l-,single-water,300,0,0,9,,60.027,0,0,2,47.98,5,21.927,0,0,0,0,1,1,0.487,0,0,0,0,0,0,,,,,,,,,,,,,2,single-shield,1,1,shift-guard,1,3,crossed-windows,1,5
noon-fold,2,starter,w0h-l-,legacy-cycle,300,0,0,9,,58.75,0,0,2,47.663,5,43.653,0,0,0,0,0.127,0,0.127,2.873,0,0,0,0,0,,,,,,,,,,,,,2,single-shield,1,1,shift-guard,1,3,crossed-windows,1,5
noon-fold,2,starter,w0h-l-,greedy,300,238,0.7933,8.08,0.8711,7.919,0,0,1.11,26.087,4.41,1.58,0.583,0.073,0.533,0.05,1.43,1.093,0.333,1.497,0,0,0,0,0,,,,,,,,,,,,,2,single-shield,1,1,shift-guard,1,3,crossed-windows,1,5
noon-fold,2,starter,w0h-l-,planner,300,248,0.8267,7.983,0.8634,22.538,0,0,1.143,26.807,4.37,1.98,0.493,0.053,0.453,0.04,1.523,1.16,0.363,1.707,0,0,0,0,0,,,,,,,,,,,,,2,single-shield,1,1,shift-guard,1,3,crossed-windows,1,5
noon-fold,2,starter,w0h-l-,forecast-aware,300,189,0.63,8.693,0.9459,13.766,0,0,1.443,34.433,3.773,0.66,1.49,0,0.46,1.03,1.43,0.94,0.467,2.897,0,0,0,0,0,,,,,,,,,,,,,2,single-shield,1,1,shift-guard,1,3,crossed-windows,1,5
noon-fold,2,starter,w0h-l-,planner-one-mistake,300,151,0.5033,8.687,0.9308,31.872,0,0,1.403,33.567,4.753,13.147,0.537,0.11,0.49,0.047,1.363,1.043,0.32,2.587,0,0,0,0,0,248,300,248,137,0,4,296,0.5524,1,17.91,7.75,0,2,single-shield,1,1,shift-guard,1,3,crossed-windows,1,5
noon-fold,2,starter,w0h-l0,random,300,0,0,9,,72.24,0,0,1.907,40.41,4.817,21.73,0.277,1.197,0.093,0.183,0.567,0.42,0.273,1.043,0,0,0,0,0,,,,,,,,,,,,,2,single-shield,1,1,shift-guard,1,3,crossed-windows,1,5
noon-fold,2,starter,w0h-l0,single-water,300,0,0,9,,60.027,0,0,2,47.98,5,21.927,0,0,0,0,1,1,0.487,0,0,0,0,0,0,,,,,,,,,,,,,2,single-shield,1,1,shift-guard,1,3,crossed-windows,1,5
noon-fold,2,starter,w0h-l0,legacy-cycle,300,0,0,9,,58.75,0,0,2,47.663,5,43.653,0,0,0,0,0.127,0,0.127,2.873,0,0,0,0,0,,,,,,,,,,,,,2,single-shield,1,1,shift-guard,1,3,crossed-windows,1,5
noon-fold,2,starter,w0h-l0,greedy,300,238,0.7933,8.08,0.8711,7.919,0,0,1.11,26.087,4.41,1.58,0.583,0.073,0.533,0.05,1.43,1.093,0.333,1.497,0,0,0,0,0,,,,,,,,,,,,,2,single-shield,1,1,shift-guard,1,3,crossed-windows,1,5
noon-fold,2,starter,w0h-l0,planner,300,248,0.8267,7.983,0.8634,22.538,0,0,1.143,26.807,4.37,1.98,0.493,0.053,0.453,0.04,1.523,1.16,0.363,1.707,0,0,0,0,0,,,,,,,,,,,,,2,single-shield,1,1,shift-guard,1,3,crossed-windows,1,5
noon-fold,2,starter,w0h-l0,forecast-aware,300,189,0.63,8.693,0.9459,13.766,0,0,1.443,34.433,3.773,0.66,1.49,0,0.46,1.03,1.43,0.94,0.467,2.897,0,0,0,0,0,,,,,,,,,,,,,2,single-shield,1,1,shift-guard,1,3,crossed-windows,1,5
noon-fold,2,starter,w0h-l0,planner-one-mistake,300,151,0.5033,8.687,0.9308,31.872,0,0,1.403,33.567,4.753,13.147,0.537,0.11,0.49,0.047,1.363,1.043,0.32,2.587,0,0,0,0,0,248,300,248,137,0,4,296,0.5524,1,17.91,7.75,0,2,single-shield,1,1,shift-guard,1,3,crossed-windows,1,5
noon-fold,2,starter,w0h-l+,random,300,0,0,9,,72.24,0,0,1.907,40.41,4.817,21.73,0.277,1.197,0.093,0.183,0.567,0.42,0.273,1.043,0,0,0,0,0,,,,,,,,,,,,,2,single-shield,1,1,shift-guard,1,3,crossed-windows,1,5
noon-fold,2,starter,w0h-l+,single-water,300,0,0,9,,60.027,0,0,2,47.98,5,21.927,0,0,0,0,1,1,0.487,0,0,0,0,0,0,,,,,,,,,,,,,2,single-shield,1,1,shift-guard,1,3,crossed-windows,1,5
noon-fold,2,starter,w0h-l+,legacy-cycle,300,0,0,9,,58.75,0,0,2,47.663,5,43.653,0,0,0,0,0.127,0,0.127,2.873,0,0,0,0,0,,,,,,,,,,,,,2,single-shield,1,1,shift-guard,1,3,crossed-windows,1,5
noon-fold,2,starter,w0h-l+,greedy,300,238,0.7933,8.08,0.8711,7.919,0,0,1.11,26.087,4.41,1.58,0.583,0.073,0.533,0.05,1.43,1.093,0.333,1.497,0,0,0,0,0,,,,,,,,,,,,,2,single-shield,1,1,shift-guard,1,3,crossed-windows,1,5
noon-fold,2,starter,w0h-l+,planner,300,248,0.8267,7.983,0.8634,22.538,0,0,1.143,26.807,4.37,1.98,0.493,0.053,0.453,0.04,1.523,1.16,0.363,1.707,0,0,0,0,0,,,,,,,,,,,,,2,single-shield,1,1,shift-guard,1,3,crossed-windows,1,5
noon-fold,2,starter,w0h-l+,forecast-aware,300,189,0.63,8.693,0.9459,13.766,0,0,1.443,34.433,3.773,0.66,1.49,0,0.46,1.03,1.43,0.94,0.467,2.897,0,0,0,0,0,,,,,,,,,,,,,2,single-shield,1,1,shift-guard,1,3,crossed-windows,1,5
noon-fold,2,starter,w0h-l+,planner-one-mistake,300,151,0.5033,8.687,0.9308,31.872,0,0,1.403,33.567,4.753,13.147,0.537,0.11,0.49,0.047,1.363,1.043,0.32,2.587,0,0,0,0,0,248,300,248,137,0,4,296,0.5524,1,17.91,7.75,0,2,single-shield,1,1,shift-guard,1,3,crossed-windows,1,5
noon-fold,2,starter,w0h0l-,random,300,0,0,9,,69.33,0,0,1.907,41.277,4.817,22.84,0.277,1.197,0.093,0.183,0.567,0.42,0.27,1.043,0,0,0,0,0,,,,,,,,,,,,,2,single-shield,1,1,shift-guard,1,3,crossed-windows,1,5
noon-fold,2,starter,w0h0l-,single-water,300,0,0,9,,60.027,0,0,2,47.98,5,21.927,0,0,0,0,1,1,0.487,0,0,0,0,0,0,,,,,,,,,,,,,2,single-shield,1,1,shift-guard,1,3,crossed-windows,1,5
noon-fold,2,starter,w0h0l-,legacy-cycle,300,0,0,9,,51.873,0,0,2,47.757,5,44.387,0,0,0,0,0.127,0,0.127,2.873,0,0,0,0,0,,,,,,,,,,,,,2,single-shield,1,1,shift-guard,1,3,crossed-windows,1,5
noon-fold,2,starter,w0h0l-,greedy,300,269,0.8967,7.797,0.8509,5.742,0,0,1.017,23.66,4.26,0.747,0.55,0.067,0.507,0.043,1.297,0.95,0.357,1.467,0,0,0,0,0,,,,,,,,,,,,,2,single-shield,1,1,shift-guard,1,3,crossed-windows,1,5
noon-fold,2,starter,w0h0l-,planner,300,279,0.93,7.67,0.8411,22.286,0,0,1.047,24.293,4.227,2.22,0.42,0.053,0.38,0.04,1.39,1,0.387,2.087,0,0,0,0,0,,,,,,,,,,,,,2,single-shield,1,1,shift-guard,1,3,crossed-windows,1,5
noon-fold,2,starter,w0h0l-,forecast-aware,300,222,0.74,8.47,0.9204,11.295,0,0,1.363,32.353,3.653,0.66,1.467,0,0.447,1.02,1.38,0.863,0.493,2.813,0,0,0,0,0,,,,,,,,,,,,,2,single-shield,1,1,shift-guard,1,3,crossed-windows,1,5
noon-fold,2,starter,w0h0l-,planner-one-mistake,300,184,0.6133,8.667,0.9396,30.138,0,0,1.383,33.073,4.73,16.137,0.557,0.11,0.507,0.05,1.387,1.073,0.32,2.597,0,0,0,0,0,279,300,279,179,0,4,296,0.6416,1,17.0342,5.75,0,2,single-shield,1,1,shift-guard,1,3,crossed-windows,1,5
noon-fold,2,starter,w0h0l0,random,300,0,0,9,,69.33,0,0,1.907,41.277,4.817,22.84,0.277,1.197,0.093,0.183,0.567,0.42,0.27,1.043,0,0,0,0,0,,,,,,,,,,,,,2,single-shield,1,1,shift-guard,1,3,crossed-windows,1,5
noon-fold,2,starter,w0h0l0,single-water,300,0,0,9,,60.027,0,0,2,47.98,5,21.927,0,0,0,0,1,1,0.487,0,0,0,0,0,0,,,,,,,,,,,,,2,single-shield,1,1,shift-guard,1,3,crossed-windows,1,5
noon-fold,2,starter,w0h0l0,legacy-cycle,300,0,0,9,,51.873,0,0,2,47.757,5,44.387,0,0,0,0,0.127,0,0.127,2.873,0,0,0,0,0,,,,,,,,,,,,,2,single-shield,1,1,shift-guard,1,3,crossed-windows,1,5
noon-fold,2,starter,w0h0l0,greedy,300,269,0.8967,7.797,0.8509,5.742,0,0,1.017,23.66,4.26,0.747,0.55,0.067,0.507,0.043,1.297,0.95,0.357,1.467,0,0,0,0,0,,,,,,,,,,,,,2,single-shield,1,1,shift-guard,1,3,crossed-windows,1,5
noon-fold,2,starter,w0h0l0,planner,300,279,0.93,7.67,0.8411,22.286,0,0,1.047,24.293,4.227,2.22,0.42,0.053,0.38,0.04,1.39,1,0.387,2.087,0,0,0,0,0,,,,,,,,,,,,,2,single-shield,1,1,shift-guard,1,3,crossed-windows,1,5
noon-fold,2,starter,w0h0l0,forecast-aware,300,222,0.74,8.47,0.9204,11.295,0,0,1.363,32.353,3.653,0.66,1.467,0,0.447,1.02,1.38,0.863,0.493,2.813,0,0,0,0,0,,,,,,,,,,,,,2,single-shield,1,1,shift-guard,1,3,crossed-windows,1,5
noon-fold,2,starter,w0h0l0,planner-one-mistake,300,184,0.6133,8.667,0.9396,30.138,0,0,1.383,33.073,4.73,16.137,0.557,0.11,0.507,0.05,1.387,1.073,0.32,2.597,0,0,0,0,0,279,300,279,179,0,4,296,0.6416,1,17.0342,5.75,0,2,single-shield,1,1,shift-guard,1,3,crossed-windows,1,5
noon-fold,2,starter,w0h0l+,random,300,0,0,9,,69.33,0,0,1.907,41.277,4.817,22.84,0.277,1.197,0.093,0.183,0.567,0.42,0.27,1.043,0,0,0,0,0,,,,,,,,,,,,,2,single-shield,1,1,shift-guard,1,3,crossed-windows,1,5
noon-fold,2,starter,w0h0l+,single-water,300,0,0,9,,60.027,0,0,2,47.98,5,21.927,0,0,0,0,1,1,0.487,0,0,0,0,0,0,,,,,,,,,,,,,2,single-shield,1,1,shift-guard,1,3,crossed-windows,1,5
noon-fold,2,starter,w0h0l+,legacy-cycle,300,0,0,9,,51.873,0,0,2,47.757,5,44.387,0,0,0,0,0.127,0,0.127,2.873,0,0,0,0,0,,,,,,,,,,,,,2,single-shield,1,1,shift-guard,1,3,crossed-windows,1,5
noon-fold,2,starter,w0h0l+,greedy,300,269,0.8967,7.797,0.8509,5.742,0,0,1.017,23.66,4.26,0.747,0.55,0.067,0.507,0.043,1.297,0.95,0.357,1.467,0,0,0,0,0,,,,,,,,,,,,,2,single-shield,1,1,shift-guard,1,3,crossed-windows,1,5
noon-fold,2,starter,w0h0l+,planner,300,279,0.93,7.67,0.8411,22.286,0,0,1.047,24.293,4.227,2.22,0.42,0.053,0.38,0.04,1.39,1,0.387,2.087,0,0,0,0,0,,,,,,,,,,,,,2,single-shield,1,1,shift-guard,1,3,crossed-windows,1,5
noon-fold,2,starter,w0h0l+,forecast-aware,300,222,0.74,8.47,0.9204,11.295,0,0,1.363,32.353,3.653,0.66,1.467,0,0.447,1.02,1.38,0.863,0.493,2.813,0,0,0,0,0,,,,,,,,,,,,,2,single-shield,1,1,shift-guard,1,3,crossed-windows,1,5
noon-fold,2,starter,w0h0l+,planner-one-mistake,300,184,0.6133,8.667,0.9396,30.138,0,0,1.383,33.073,4.73,16.137,0.557,0.11,0.507,0.05,1.387,1.073,0.32,2.597,0,0,0,0,0,279,300,279,179,0,4,296,0.6416,1,17.0342,5.75,0,2,single-shield,1,1,shift-guard,1,3,crossed-windows,1,5
noon-fold,2,starter,w0h+l-,random,300,3,0.01,9,1,67.013,0,0,1.907,41.93,4.817,23.73,0.277,1.197,0.093,0.183,0.567,0.42,0.257,1.043,0,0,0,0,0,,,,,,,,,,,,,2,single-shield,1,1,shift-guard,1,3,crossed-windows,1,5
noon-fold,2,starter,w0h+l-,single-water,300,0,0,9,,60.027,0,0,2,47.98,5,21.927,0,0,0,0,1,1,0.487,0,0,0,0,0,0,,,,,,,,,,,,,2,single-shield,1,1,shift-guard,1,3,crossed-windows,1,5
noon-fold,2,starter,w0h+l-,legacy-cycle,300,0,0,9,,45.657,0,0,2,47.81,5,45.02,0,0,0,0,0.127,0,0.127,2.873,0,0,0,0,0,,,,,,,,,,,,,2,single-shield,1,1,shift-guard,1,3,crossed-windows,1,5
noon-fold,2,starter,w0h+l-,greedy,300,291,0.97,7.32,0.8076,7.333,0,0,0.87,19.847,4.02,1.443,0.457,0.087,0.437,0.02,1.117,0.767,0.34,1.437,0,0,0,0,0,,,,,,,,,,,,,2,single-shield,1,1,shift-guard,1,3,crossed-windows,1,5
noon-fold,2,starter,w0h+l-,planner,300,296,0.9867,7.177,0.7947,24.5,0,0,0.877,19.887,3.943,1.843,0.373,0.037,0.34,0.033,1.183,0.747,0.423,1.89,0,0,0,0,0,,,,,,,,,,,,,2,single-shield,1,1,shift-guard,1,3,crossed-windows,1,5
noon-fold,2,starter,w0h+l-,forecast-aware,300,248,0.8267,8.153,0.8862,9.731,0,0,1.247,29.32,3.54,0.66,1.41,0,0.447,0.963,1.26,0.75,0.493,2.687,0,0,0,0,0,,,,,,,,,,,,,2,single-shield,1,1,shift-guard,1,3,crossed-windows,1,5
noon-fold,2,starter,w0h+l-,planner-one-mistake,300,224,0.7467,8.44,0.9167,26.855,0,0,1.337,31.807,4.62,15.527,0.487,0.13,0.457,0.03,1.373,1.097,0.277,1.977,0,0,0,0,0,296,300,296,222,0,7,293,0.75,1,17.1975,4.75,0,2,single-shield,1,1,shift-guard,1,3,crossed-windows,1,5
noon-fold,2,starter,w0h+l0,random,300,3,0.01,9,1,67.013,0,0,1.907,41.93,4.817,23.73,0.277,1.197,0.093,0.183,0.567,0.42,0.257,1.043,0,0,0,0,0,,,,,,,,,,,,,2,single-shield,1,1,shift-guard,1,3,crossed-windows,1,5
noon-fold,2,starter,w0h+l0,single-water,300,0,0,9,,60.027,0,0,2,47.98,5,21.927,0,0,0,0,1,1,0.487,0,0,0,0,0,0,,,,,,,,,,,,,2,single-shield,1,1,shift-guard,1,3,crossed-windows,1,5
noon-fold,2,starter,w0h+l0,legacy-cycle,300,0,0,9,,45.657,0,0,2,47.81,5,45.02,0,0,0,0,0.127,0,0.127,2.873,0,0,0,0,0,,,,,,,,,,,,,2,single-shield,1,1,shift-guard,1,3,crossed-windows,1,5
noon-fold,2,starter,w0h+l0,greedy,300,291,0.97,7.32,0.8076,7.333,0,0,0.87,19.847,4.02,1.443,0.457,0.087,0.437,0.02,1.117,0.767,0.34,1.437,0,0,0,0,0,,,,,,,,,,,,,2,single-shield,1,1,shift-guard,1,3,crossed-windows,1,5
noon-fold,2,starter,w0h+l0,planner,300,296,0.9867,7.177,0.7947,24.5,0,0,0.877,19.887,3.943,1.843,0.373,0.037,0.34,0.033,1.183,0.747,0.423,1.89,0,0,0,0,0,,,,,,,,,,,,,2,single-shield,1,1,shift-guard,1,3,crossed-windows,1,5
noon-fold,2,starter,w0h+l0,forecast-aware,300,248,0.8267,8.153,0.8862,9.731,0,0,1.247,29.32,3.54,0.66,1.41,0,0.447,0.963,1.26,0.75,0.493,2.687,0,0,0,0,0,,,,,,,,,,,,,2,single-shield,1,1,shift-guard,1,3,crossed-windows,1,5
noon-fold,2,starter,w0h+l0,planner-one-mistake,300,224,0.7467,8.44,0.9167,26.855,0,0,1.337,31.807,4.62,15.527,0.487,0.13,0.457,0.03,1.373,1.097,0.277,1.977,0,0,0,0,0,296,300,296,222,0,7,293,0.75,1,17.1975,4.75,0,2,single-shield,1,1,shift-guard,1,3,crossed-windows,1,5
noon-fold,2,starter,w0h+l+,random,300,3,0.01,9,1,67.013,0,0,1.907,41.93,4.817,23.73,0.277,1.197,0.093,0.183,0.567,0.42,0.257,1.043,0,0,0,0,0,,,,,,,,,,,,,2,single-shield,1,1,shift-guard,1,3,crossed-windows,1,5
noon-fold,2,starter,w0h+l+,single-water,300,0,0,9,,60.027,0,0,2,47.98,5,21.927,0,0,0,0,1,1,0.487,0,0,0,0,0,0,,,,,,,,,,,,,2,single-shield,1,1,shift-guard,1,3,crossed-windows,1,5
noon-fold,2,starter,w0h+l+,legacy-cycle,300,0,0,9,,45.657,0,0,2,47.81,5,45.02,0,0,0,0,0.127,0,0.127,2.873,0,0,0,0,0,,,,,,,,,,,,,2,single-shield,1,1,shift-guard,1,3,crossed-windows,1,5
noon-fold,2,starter,w0h+l+,greedy,300,291,0.97,7.32,0.8076,7.333,0,0,0.87,19.847,4.02,1.443,0.457,0.087,0.437,0.02,1.117,0.767,0.34,1.437,0,0,0,0,0,,,,,,,,,,,,,2,single-shield,1,1,shift-guard,1,3,crossed-windows,1,5
noon-fold,2,starter,w0h+l+,planner,300,296,0.9867,7.177,0.7947,24.5,0,0,0.877,19.887,3.943,1.843,0.373,0.037,0.34,0.033,1.183,0.747,0.423,1.89,0,0,0,0,0,,,,,,,,,,,,,2,single-shield,1,1,shift-guard,1,3,crossed-windows,1,5
noon-fold,2,starter,w0h+l+,forecast-aware,300,248,0.8267,8.153,0.8862,9.731,0,0,1.247,29.32,3.54,0.66,1.41,0,0.447,0.963,1.26,0.75,0.493,2.687,0,0,0,0,0,,,,,,,,,,,,,2,single-shield,1,1,shift-guard,1,3,crossed-windows,1,5
noon-fold,2,starter,w0h+l+,planner-one-mistake,300,224,0.7467,8.44,0.9167,26.855,0,0,1.337,31.807,4.62,15.527,0.487,0.13,0.457,0.03,1.373,1.097,0.277,1.977,0,0,0,0,0,296,300,296,222,0,7,293,0.75,1,17.1975,4.75,0,2,single-shield,1,1,shift-guard,1,3,crossed-windows,1,5
noon-fold,2,starter,w+h-l-,random,300,0,0,9,,72.24,0,0,1.907,40.41,4.817,21.73,0.277,1.197,0.093,0.183,0.567,0.42,0.273,1.043,0,0,0,0,0,,,,,,,,,,,,,2,single-shield,1,1,shift-guard,1,3,crossed-windows,1,5
noon-fold,2,starter,w+h-l-,single-water,300,0,0,9,,60.027,0,0,2,47.98,5,21.927,0,0,0,0,1,1,0.487,0,0,0,0,0,0,,,,,,,,,,,,,2,single-shield,1,1,shift-guard,1,3,crossed-windows,1,5
noon-fold,2,starter,w+h-l-,legacy-cycle,300,0,0,9,,58.75,0,0,2,47.663,5,43.653,0,0,0,0,0.127,0,0.127,2.873,0,0,0,0,0,,,,,,,,,,,,,2,single-shield,1,1,shift-guard,1,3,crossed-windows,1,5
noon-fold,2,starter,w+h-l-,greedy,300,238,0.7933,8.08,0.8711,7.919,0,0,1.11,26.087,4.41,1.58,0.583,0.073,0.533,0.05,1.43,1.093,0.333,1.497,0,0,0,0,0,,,,,,,,,,,,,2,single-shield,1,1,shift-guard,1,3,crossed-windows,1,5
noon-fold,2,starter,w+h-l-,planner,300,248,0.8267,7.983,0.8634,22.538,0,0,1.143,26.807,4.37,1.98,0.493,0.053,0.453,0.04,1.523,1.16,0.363,1.707,0,0,0,0,0,,,,,,,,,,,,,2,single-shield,1,1,shift-guard,1,3,crossed-windows,1,5
noon-fold,2,starter,w+h-l-,forecast-aware,300,189,0.63,8.693,0.9459,13.766,0,0,1.443,34.433,3.773,0.66,1.49,0,0.46,1.03,1.43,0.94,0.467,2.897,0,0,0,0,0,,,,,,,,,,,,,2,single-shield,1,1,shift-guard,1,3,crossed-windows,1,5
noon-fold,2,starter,w+h-l-,planner-one-mistake,300,151,0.5033,8.687,0.9308,31.872,0,0,1.403,33.567,4.753,13.147,0.537,0.11,0.49,0.047,1.363,1.043,0.32,2.587,0,0,0,0,0,248,300,248,137,0,4,296,0.5524,1,17.91,7.75,0,2,single-shield,1,1,shift-guard,1,3,crossed-windows,1,5
noon-fold,2,starter,w+h-l0,random,300,0,0,9,,72.24,0,0,1.907,40.41,4.817,21.73,0.277,1.197,0.093,0.183,0.567,0.42,0.273,1.043,0,0,0,0,0,,,,,,,,,,,,,2,single-shield,1,1,shift-guard,1,3,crossed-windows,1,5
noon-fold,2,starter,w+h-l0,single-water,300,0,0,9,,60.027,0,0,2,47.98,5,21.927,0,0,0,0,1,1,0.487,0,0,0,0,0,0,,,,,,,,,,,,,2,single-shield,1,1,shift-guard,1,3,crossed-windows,1,5
noon-fold,2,starter,w+h-l0,legacy-cycle,300,0,0,9,,58.75,0,0,2,47.663,5,43.653,0,0,0,0,0.127,0,0.127,2.873,0,0,0,0,0,,,,,,,,,,,,,2,single-shield,1,1,shift-guard,1,3,crossed-windows,1,5
noon-fold,2,starter,w+h-l0,greedy,300,238,0.7933,8.08,0.8711,7.919,0,0,1.11,26.087,4.41,1.58,0.583,0.073,0.533,0.05,1.43,1.093,0.333,1.497,0,0,0,0,0,,,,,,,,,,,,,2,single-shield,1,1,shift-guard,1,3,crossed-windows,1,5
noon-fold,2,starter,w+h-l0,planner,300,248,0.8267,7.983,0.8634,22.538,0,0,1.143,26.807,4.37,1.98,0.493,0.053,0.453,0.04,1.523,1.16,0.363,1.707,0,0,0,0,0,,,,,,,,,,,,,2,single-shield,1,1,shift-guard,1,3,crossed-windows,1,5
noon-fold,2,starter,w+h-l0,forecast-aware,300,189,0.63,8.693,0.9459,13.766,0,0,1.443,34.433,3.773,0.66,1.49,0,0.46,1.03,1.43,0.94,0.467,2.897,0,0,0,0,0,,,,,,,,,,,,,2,single-shield,1,1,shift-guard,1,3,crossed-windows,1,5
noon-fold,2,starter,w+h-l0,planner-one-mistake,300,151,0.5033,8.687,0.9308,31.872,0,0,1.403,33.567,4.753,13.147,0.537,0.11,0.49,0.047,1.363,1.043,0.32,2.587,0,0,0,0,0,248,300,248,137,0,4,296,0.5524,1,17.91,7.75,0,2,single-shield,1,1,shift-guard,1,3,crossed-windows,1,5
noon-fold,2,starter,w+h-l+,random,300,0,0,9,,72.24,0,0,1.907,40.41,4.817,21.73,0.277,1.197,0.093,0.183,0.567,0.42,0.273,1.043,0,0,0,0,0,,,,,,,,,,,,,2,single-shield,1,1,shift-guard,1,3,crossed-windows,1,5
noon-fold,2,starter,w+h-l+,single-water,300,0,0,9,,60.027,0,0,2,47.98,5,21.927,0,0,0,0,1,1,0.487,0,0,0,0,0,0,,,,,,,,,,,,,2,single-shield,1,1,shift-guard,1,3,crossed-windows,1,5
noon-fold,2,starter,w+h-l+,legacy-cycle,300,0,0,9,,58.75,0,0,2,47.663,5,43.653,0,0,0,0,0.127,0,0.127,2.873,0,0,0,0,0,,,,,,,,,,,,,2,single-shield,1,1,shift-guard,1,3,crossed-windows,1,5
noon-fold,2,starter,w+h-l+,greedy,300,238,0.7933,8.08,0.8711,7.919,0,0,1.11,26.087,4.41,1.58,0.583,0.073,0.533,0.05,1.43,1.093,0.333,1.497,0,0,0,0,0,,,,,,,,,,,,,2,single-shield,1,1,shift-guard,1,3,crossed-windows,1,5
noon-fold,2,starter,w+h-l+,planner,300,248,0.8267,7.983,0.8634,22.538,0,0,1.143,26.807,4.37,1.98,0.493,0.053,0.453,0.04,1.523,1.16,0.363,1.707,0,0,0,0,0,,,,,,,,,,,,,2,single-shield,1,1,shift-guard,1,3,crossed-windows,1,5
noon-fold,2,starter,w+h-l+,forecast-aware,300,189,0.63,8.693,0.9459,13.766,0,0,1.443,34.433,3.773,0.66,1.49,0,0.46,1.03,1.43,0.94,0.467,2.897,0,0,0,0,0,,,,,,,,,,,,,2,single-shield,1,1,shift-guard,1,3,crossed-windows,1,5
noon-fold,2,starter,w+h-l+,planner-one-mistake,300,151,0.5033,8.687,0.9308,31.872,0,0,1.403,33.567,4.753,13.147,0.537,0.11,0.49,0.047,1.363,1.043,0.32,2.587,0,0,0,0,0,248,300,248,137,0,4,296,0.5524,1,17.91,7.75,0,2,single-shield,1,1,shift-guard,1,3,crossed-windows,1,5
noon-fold,2,starter,w+h0l-,random,300,0,0,9,,69.33,0,0,1.907,41.277,4.817,22.84,0.277,1.197,0.093,0.183,0.567,0.42,0.27,1.043,0,0,0,0,0,,,,,,,,,,,,,2,single-shield,1,1,shift-guard,1,3,crossed-windows,1,5
noon-fold,2,starter,w+h0l-,single-water,300,0,0,9,,60.027,0,0,2,47.98,5,21.927,0,0,0,0,1,1,0.487,0,0,0,0,0,0,,,,,,,,,,,,,2,single-shield,1,1,shift-guard,1,3,crossed-windows,1,5
noon-fold,2,starter,w+h0l-,legacy-cycle,300,0,0,9,,51.873,0,0,2,47.757,5,44.387,0,0,0,0,0.127,0,0.127,2.873,0,0,0,0,0,,,,,,,,,,,,,2,single-shield,1,1,shift-guard,1,3,crossed-windows,1,5
noon-fold,2,starter,w+h0l-,greedy,300,269,0.8967,7.797,0.8509,5.742,0,0,1.017,23.66,4.26,0.747,0.55,0.067,0.507,0.043,1.297,0.95,0.357,1.467,0,0,0,0,0,,,,,,,,,,,,,2,single-shield,1,1,shift-guard,1,3,crossed-windows,1,5
noon-fold,2,starter,w+h0l-,planner,300,279,0.93,7.67,0.8411,22.286,0,0,1.047,24.293,4.227,2.22,0.42,0.053,0.38,0.04,1.39,1,0.387,2.087,0,0,0,0,0,,,,,,,,,,,,,2,single-shield,1,1,shift-guard,1,3,crossed-windows,1,5
noon-fold,2,starter,w+h0l-,forecast-aware,300,222,0.74,8.47,0.9204,11.295,0,0,1.363,32.353,3.653,0.66,1.467,0,0.447,1.02,1.38,0.863,0.493,2.813,0,0,0,0,0,,,,,,,,,,,,,2,single-shield,1,1,shift-guard,1,3,crossed-windows,1,5
noon-fold,2,starter,w+h0l-,planner-one-mistake,300,184,0.6133,8.667,0.9396,30.138,0,0,1.383,33.073,4.73,16.137,0.557,0.11,0.507,0.05,1.387,1.073,0.32,2.597,0,0,0,0,0,279,300,279,179,0,4,296,0.6416,1,17.0342,5.75,0,2,single-shield,1,1,shift-guard,1,3,crossed-windows,1,5
noon-fold,2,starter,w+h0l0,random,300,0,0,9,,69.33,0,0,1.907,41.277,4.817,22.84,0.277,1.197,0.093,0.183,0.567,0.42,0.27,1.043,0,0,0,0,0,,,,,,,,,,,,,2,single-shield,1,1,shift-guard,1,3,crossed-windows,1,5
noon-fold,2,starter,w+h0l0,single-water,300,0,0,9,,60.027,0,0,2,47.98,5,21.927,0,0,0,0,1,1,0.487,0,0,0,0,0,0,,,,,,,,,,,,,2,single-shield,1,1,shift-guard,1,3,crossed-windows,1,5
noon-fold,2,starter,w+h0l0,legacy-cycle,300,0,0,9,,51.873,0,0,2,47.757,5,44.387,0,0,0,0,0.127,0,0.127,2.873,0,0,0,0,0,,,,,,,,,,,,,2,single-shield,1,1,shift-guard,1,3,crossed-windows,1,5
noon-fold,2,starter,w+h0l0,greedy,300,269,0.8967,7.797,0.8509,5.742,0,0,1.017,23.66,4.26,0.747,0.55,0.067,0.507,0.043,1.297,0.95,0.357,1.467,0,0,0,0,0,,,,,,,,,,,,,2,single-shield,1,1,shift-guard,1,3,crossed-windows,1,5
noon-fold,2,starter,w+h0l0,planner,300,279,0.93,7.67,0.8411,22.286,0,0,1.047,24.293,4.227,2.22,0.42,0.053,0.38,0.04,1.39,1,0.387,2.087,0,0,0,0,0,,,,,,,,,,,,,2,single-shield,1,1,shift-guard,1,3,crossed-windows,1,5
noon-fold,2,starter,w+h0l0,forecast-aware,300,222,0.74,8.47,0.9204,11.295,0,0,1.363,32.353,3.653,0.66,1.467,0,0.447,1.02,1.38,0.863,0.493,2.813,0,0,0,0,0,,,,,,,,,,,,,2,single-shield,1,1,shift-guard,1,3,crossed-windows,1,5
noon-fold,2,starter,w+h0l0,planner-one-mistake,300,184,0.6133,8.667,0.9396,30.138,0,0,1.383,33.073,4.73,16.137,0.557,0.11,0.507,0.05,1.387,1.073,0.32,2.597,0,0,0,0,0,279,300,279,179,0,4,296,0.6416,1,17.0342,5.75,0,2,single-shield,1,1,shift-guard,1,3,crossed-windows,1,5
noon-fold,2,starter,w+h0l+,random,300,0,0,9,,69.33,0,0,1.907,41.277,4.817,22.84,0.277,1.197,0.093,0.183,0.567,0.42,0.27,1.043,0,0,0,0,0,,,,,,,,,,,,,2,single-shield,1,1,shift-guard,1,3,crossed-windows,1,5
noon-fold,2,starter,w+h0l+,single-water,300,0,0,9,,60.027,0,0,2,47.98,5,21.927,0,0,0,0,1,1,0.487,0,0,0,0,0,0,,,,,,,,,,,,,2,single-shield,1,1,shift-guard,1,3,crossed-windows,1,5
noon-fold,2,starter,w+h0l+,legacy-cycle,300,0,0,9,,51.873,0,0,2,47.757,5,44.387,0,0,0,0,0.127,0,0.127,2.873,0,0,0,0,0,,,,,,,,,,,,,2,single-shield,1,1,shift-guard,1,3,crossed-windows,1,5
noon-fold,2,starter,w+h0l+,greedy,300,269,0.8967,7.797,0.8509,5.742,0,0,1.017,23.66,4.26,0.747,0.55,0.067,0.507,0.043,1.297,0.95,0.357,1.467,0,0,0,0,0,,,,,,,,,,,,,2,single-shield,1,1,shift-guard,1,3,crossed-windows,1,5
noon-fold,2,starter,w+h0l+,planner,300,279,0.93,7.67,0.8411,22.286,0,0,1.047,24.293,4.227,2.22,0.42,0.053,0.38,0.04,1.39,1,0.387,2.087,0,0,0,0,0,,,,,,,,,,,,,2,single-shield,1,1,shift-guard,1,3,crossed-windows,1,5
noon-fold,2,starter,w+h0l+,forecast-aware,300,222,0.74,8.47,0.9204,11.295,0,0,1.363,32.353,3.653,0.66,1.467,0,0.447,1.02,1.38,0.863,0.493,2.813,0,0,0,0,0,,,,,,,,,,,,,2,single-shield,1,1,shift-guard,1,3,crossed-windows,1,5
noon-fold,2,starter,w+h0l+,planner-one-mistake,300,184,0.6133,8.667,0.9396,30.138,0,0,1.383,33.073,4.73,16.137,0.557,0.11,0.507,0.05,1.387,1.073,0.32,2.597,0,0,0,0,0,279,300,279,179,0,4,296,0.6416,1,17.0342,5.75,0,2,single-shield,1,1,shift-guard,1,3,crossed-windows,1,5
noon-fold,2,starter,w+h+l-,random,300,3,0.01,9,1,67.013,0,0,1.907,41.93,4.817,23.73,0.277,1.197,0.093,0.183,0.567,0.42,0.257,1.043,0,0,0,0,0,,,,,,,,,,,,,2,single-shield,1,1,shift-guard,1,3,crossed-windows,1,5
noon-fold,2,starter,w+h+l-,single-water,300,0,0,9,,60.027,0,0,2,47.98,5,21.927,0,0,0,0,1,1,0.487,0,0,0,0,0,0,,,,,,,,,,,,,2,single-shield,1,1,shift-guard,1,3,crossed-windows,1,5
noon-fold,2,starter,w+h+l-,legacy-cycle,300,0,0,9,,45.657,0,0,2,47.81,5,45.02,0,0,0,0,0.127,0,0.127,2.873,0,0,0,0,0,,,,,,,,,,,,,2,single-shield,1,1,shift-guard,1,3,crossed-windows,1,5
noon-fold,2,starter,w+h+l-,greedy,300,291,0.97,7.32,0.8076,7.333,0,0,0.87,19.847,4.02,1.443,0.457,0.087,0.437,0.02,1.117,0.767,0.34,1.437,0,0,0,0,0,,,,,,,,,,,,,2,single-shield,1,1,shift-guard,1,3,crossed-windows,1,5
noon-fold,2,starter,w+h+l-,planner,300,296,0.9867,7.177,0.7947,24.5,0,0,0.877,19.887,3.943,1.843,0.373,0.037,0.34,0.033,1.183,0.747,0.423,1.89,0,0,0,0,0,,,,,,,,,,,,,2,single-shield,1,1,shift-guard,1,3,crossed-windows,1,5
noon-fold,2,starter,w+h+l-,forecast-aware,300,248,0.8267,8.153,0.8862,9.731,0,0,1.247,29.32,3.54,0.66,1.41,0,0.447,0.963,1.26,0.75,0.493,2.687,0,0,0,0,0,,,,,,,,,,,,,2,single-shield,1,1,shift-guard,1,3,crossed-windows,1,5
noon-fold,2,starter,w+h+l-,planner-one-mistake,300,224,0.7467,8.44,0.9167,26.855,0,0,1.337,31.807,4.62,15.527,0.487,0.13,0.457,0.03,1.373,1.097,0.277,1.977,0,0,0,0,0,296,300,296,222,0,7,293,0.75,1,17.1975,4.75,0,2,single-shield,1,1,shift-guard,1,3,crossed-windows,1,5
noon-fold,2,starter,w+h+l0,random,300,3,0.01,9,1,67.013,0,0,1.907,41.93,4.817,23.73,0.277,1.197,0.093,0.183,0.567,0.42,0.257,1.043,0,0,0,0,0,,,,,,,,,,,,,2,single-shield,1,1,shift-guard,1,3,crossed-windows,1,5
noon-fold,2,starter,w+h+l0,single-water,300,0,0,9,,60.027,0,0,2,47.98,5,21.927,0,0,0,0,1,1,0.487,0,0,0,0,0,0,,,,,,,,,,,,,2,single-shield,1,1,shift-guard,1,3,crossed-windows,1,5
noon-fold,2,starter,w+h+l0,legacy-cycle,300,0,0,9,,45.657,0,0,2,47.81,5,45.02,0,0,0,0,0.127,0,0.127,2.873,0,0,0,0,0,,,,,,,,,,,,,2,single-shield,1,1,shift-guard,1,3,crossed-windows,1,5
noon-fold,2,starter,w+h+l0,greedy,300,291,0.97,7.32,0.8076,7.333,0,0,0.87,19.847,4.02,1.443,0.457,0.087,0.437,0.02,1.117,0.767,0.34,1.437,0,0,0,0,0,,,,,,,,,,,,,2,single-shield,1,1,shift-guard,1,3,crossed-windows,1,5
noon-fold,2,starter,w+h+l0,planner,300,296,0.9867,7.177,0.7947,24.5,0,0,0.877,19.887,3.943,1.843,0.373,0.037,0.34,0.033,1.183,0.747,0.423,1.89,0,0,0,0,0,,,,,,,,,,,,,2,single-shield,1,1,shift-guard,1,3,crossed-windows,1,5
noon-fold,2,starter,w+h+l0,forecast-aware,300,248,0.8267,8.153,0.8862,9.731,0,0,1.247,29.32,3.54,0.66,1.41,0,0.447,0.963,1.26,0.75,0.493,2.687,0,0,0,0,0,,,,,,,,,,,,,2,single-shield,1,1,shift-guard,1,3,crossed-windows,1,5
noon-fold,2,starter,w+h+l0,planner-one-mistake,300,224,0.7467,8.44,0.9167,26.855,0,0,1.337,31.807,4.62,15.527,0.487,0.13,0.457,0.03,1.373,1.097,0.277,1.977,0,0,0,0,0,296,300,296,222,0,7,293,0.75,1,17.1975,4.75,0,2,single-shield,1,1,shift-guard,1,3,crossed-windows,1,5
noon-fold,2,starter,w+h+l+,random,300,3,0.01,9,1,67.013,0,0,1.907,41.93,4.817,23.73,0.277,1.197,0.093,0.183,0.567,0.42,0.257,1.043,0,0,0,0,0,,,,,,,,,,,,,2,single-shield,1,1,shift-guard,1,3,crossed-windows,1,5
noon-fold,2,starter,w+h+l+,single-water,300,0,0,9,,60.027,0,0,2,47.98,5,21.927,0,0,0,0,1,1,0.487,0,0,0,0,0,0,,,,,,,,,,,,,2,single-shield,1,1,shift-guard,1,3,crossed-windows,1,5
noon-fold,2,starter,w+h+l+,legacy-cycle,300,0,0,9,,45.657,0,0,2,47.81,5,45.02,0,0,0,0,0.127,0,0.127,2.873,0,0,0,0,0,,,,,,,,,,,,,2,single-shield,1,1,shift-guard,1,3,crossed-windows,1,5
noon-fold,2,starter,w+h+l+,greedy,300,291,0.97,7.32,0.8076,7.333,0,0,0.87,19.847,4.02,1.443,0.457,0.087,0.437,0.02,1.117,0.767,0.34,1.437,0,0,0,0,0,,,,,,,,,,,,,2,single-shield,1,1,shift-guard,1,3,crossed-windows,1,5
noon-fold,2,starter,w+h+l+,planner,300,296,0.9867,7.177,0.7947,24.5,0,0,0.877,19.887,3.943,1.843,0.373,0.037,0.34,0.033,1.183,0.747,0.423,1.89,0,0,0,0,0,,,,,,,,,,,,,2,single-shield,1,1,shift-guard,1,3,crossed-windows,1,5
noon-fold,2,starter,w+h+l+,forecast-aware,300,248,0.8267,8.153,0.8862,9.731,0,0,1.247,29.32,3.54,0.66,1.41,0,0.447,0.963,1.26,0.75,0.493,2.687,0,0,0,0,0,,,,,,,,,,,,,2,single-shield,1,1,shift-guard,1,3,crossed-windows,1,5
noon-fold,2,starter,w+h+l+,planner-one-mistake,300,224,0.7467,8.44,0.9167,26.855,0,0,1.337,31.807,4.62,15.527,0.487,0.13,0.457,0.03,1.373,1.097,0.277,1.977,0,0,0,0,0,296,300,296,222,0,7,293,0.75,1,17.1975,4.75,0,2,single-shield,1,1,shift-guard,1,3,crossed-windows,1,5
